Student_ID,Gender,Age,Major,Attendance_Pct,Study_Hours_Per_Day,Previous_CGPA,Sleep_Hours,Social_Hours_Week,Final_CGPA,Attendance_Category,Performance_Band,Pass_Fail,Risk_Level,Risk_Score
ID00001,Male,20,Engineering,83.9,4.4,2.65,9.1,8,2.78,Good,Good,1,Low Risk,21.457499999999996
ID00002,Female,24,Business,80.7,4.0,3.58,4.0,4,3.76,Good,Excellent,1,Low Risk,16.36
ID00003,Female,20,Mathematics,91.5,3.9,3.29,6.7,4,3.75,Excellent,Excellent,1,Low Risk,14.4375
ID00004,Female,23,Engineering,73.9,8.8,3.48,4.0,6,3.69,Low,Excellent,1,Medium Risk,16.294999999999998
ID00005,Male,21,Economics,79.8,2.2,2.66,8.7,6,2.34,Good,Average,1,Low Risk,32.015
ID00006,Male,20,Business,86.8,3.5,2.16,7.0,7,2.41,Excellent,Average,1,Medium Risk,28.04
ID00007,Male,22,Mathematics,77.5,3.6,2.66,8.7,5,2.69,Good,Good,1,Low Risk,27.450000000000003
ID00008,Female,20,Psychology,95.0,4.7,3.44,7.4,4,3.76,Excellent,Excellent,1,Low Risk,8.35
ID00009,Female,22,Computer Science,100.0,4.3,4.0,5.0,12,4.0,Excellent,Excellent,1,Low Risk,2.8000000000000007
ID00010,Female,24,Economics,73.7,4.1,2.89,5.5,3,3.01,Low,Very Good,1,Medium Risk,25.1475
ID00011,Male,20,Business,60.0,2.2,4.0,6.8,14,4.0,Low,Excellent,1,Medium Risk,29.2
ID00012,Female,22,Computer Science,55.0,4.3,3.51,7.9,4,3.38,Critical,Very Good,1,High Risk,27.337500000000002
ID00013,Female,20,Psychology,82.7,6.0,2.4,7.1,9,2.75,Good,Good,1,Medium Risk,21.785
ID00014,Male,24,Engineering,75.1,4.8,3.21,7.3,6,3.2,Good,Very Good,1,Low Risk,18.917500000000004
ID00015,Male,20,Engineering,88.1,2.1,3.53,6.5,10,3.71,Excellent,Excellent,1,Low Risk,21.067500000000003
ID00016,Male,19,Mathematics,87.0,4.5,1.89,8.7,11,2.03,Excellent,Average,1,High Risk,26.312500000000004
ID00017,Male,22,Business,61.0,4.3,3.42,7.2,8,3.36,Low,Very Good,1,Medium Risk,25.425
ID00018,Male,24,Business,57.8,3.4,3.69,7.1,14,3.31,Critical,Very Good,1,High Risk,28.1025
ID00019,Male,22,Mathematics,89.4,4.8,3.3,7.4,8,3.75,Excellent,Excellent,1,Low Risk,11.695
ID00020,Male,22,Computer Science,87.0,2.9,3.07,6.4,11,3.41,Excellent,Very Good,1,Low Risk,22.387500000000003
ID00021,Female,18,Engineering,78.6,6.2,3.01,6.5,7,3.11,Good,Very Good,1,Low Risk,18.292500000000004
ID00022,Male,24,Engineering,60.1,11.0,2.98,7.7,7,3.26,Low,Very Good,1,Medium Risk,26.879999999999995
ID00023,Male,20,Business,92.1,6.5,2.51,8.2,8,2.93,Excellent,Good,1,Low Risk,16.592500000000005
ID00024,Male,22,Business,100.0,2.6,2.76,8.3,6,2.79,Excellent,Good,1,Low Risk,20.450000000000003
ID00025,Male,23,Mathematics,89.2,6.0,2.89,6.7,4,3.2,Excellent,Very Good,1,Low Risk,14.572499999999998
ID00026,Female,18,Psychology,72.3,6.8,3.16,7.2,12,3.3,Low,Very Good,1,Medium Risk,19.814999999999998
ID00027,Male,19,Computer Science,85.7,5.2,2.82,6.1,9,3.26,Excellent,Very Good,1,Low Risk,16.759999999999998
ID00028,Male,22,Economics,64.5,5.6,2.67,8.2,5,2.79,Low,Good,1,Medium Risk,27.612499999999997
ID00029,Female,22,Psychology,100.0,4.0,3.48,5.6,9,3.8,Excellent,Excellent,1,Low Risk,8.55
ID00030,Male,18,Psychology,86.2,1.9,3.29,7.3,7,3.49,Excellent,Very Good,1,Medium Risk,24.822499999999998
ID00031,Female,20,Business,58.5,3.9,2.83,8.3,6,2.54,Critical,Good,1,High Risk,33.3125
ID00032,Male,23,Business,80.5,2.3,3.35,7.2,7,3.5,Good,Excellent,1,Low Risk,25.2625
ID00033,Male,19,Business,91.9,3.7,2.87,7.5,8,3.2,Excellent,Very Good,1,Low Risk,18.732499999999995
ID00034,Female,22,Psychology,80.0,3.0,3.13,6.6,10,3.48,Good,Very Good,1,Low Risk,24.6125
ID00035,Female,20,Computer Science,80.9,2.2,3.59,4.2,10,3.85,Good,Excellent,1,Low Risk,23.382499999999997
ID00036,Female,24,Business,66.6,8.6,2.8,6.0,7,2.91,Low,Good,1,Medium Risk,25.53
ID00037,Male,23,Engineering,93.5,4.2,2.51,7.1,7,2.71,Excellent,Good,1,Low Risk,19.1625
ID00038,Male,24,Computer Science,75.3,3.1,3.03,6.0,4,2.86,Good,Good,1,Low Risk,27.202500000000004
ID00039,Female,23,Engineering,52.7,1.4,2.42,7.7,7,2.06,Critical,Average,1,High Risk,49.51
ID00040,Male,19,Computer Science,79.4,6.6,2.96,4.8,4,3.07,Good,Very Good,1,Low Risk,18.369999999999997
ID00041,Male,21,Business,99.7,4.8,2.96,4.1,10,3.05,Excellent,Very Good,1,Low Risk,10.034999999999998
ID00042,Male,23,Economics,79.2,11.9,1.87,8.0,9,2.38,Good,Average,1,High Risk,27.9975
ID00043,Male,21,Mathematics,100.0,2.7,3.37,6.5,7,3.76,Excellent,Excellent,1,Low Risk,14.712499999999999
ID00044,Female,24,Business,91.4,8.2,3.01,7.5,10,3.42,Excellent,Very Good,1,Low Risk,12.532499999999999
ID00045,Male,23,Psychology,90.1,3.9,3.69,6.2,4,3.97,Excellent,Excellent,1,Low Risk,11.567500000000004
ID00046,Female,19,Economics,83.1,2.4,3.21,7.8,8,3.62,Good,Excellent,1,Low Risk,24.917500000000004
ID00047,Male,18,Psychology,84.0,3.3,3.47,9.0,8,3.76,Good,Excellent,1,Low Risk,18.6375
ID00048,Male,19,Computer Science,81.0,4.5,3.7,9.1,5,3.9,Good,Excellent,1,Low Risk,13.174999999999999
ID00049,Male,19,Psychology,80.5,3.1,3.03,6.0,7,3.43,Good,Very Good,1,Low Risk,24.862500000000004
ID00050,Male,18,Economics,93.0,2.0,3.1,6.4,9,3.5,Excellent,Excellent,1,Low Risk,23.025
ID00051,Female,18,Economics,71.0,2.4,2.31,7.3,6,2.2,Low,Average,1,Medium Risk,38.2375
ID00052,Female,20,Business,68.9,5.7,3.72,9.8,12,3.83,Low,Excellent,1,Medium Risk,16.444999999999997
ID00053,Female,23,Engineering,68.2,2.2,3.03,5.3,10,2.73,Low,Good,1,Medium Risk,33.9975
ID00054,Female,24,Business,100.0,2.9,2.6,5.3,11,2.62,Excellent,Good,1,Low Risk,20.650000000000002
ID00055,Female,20,Computer Science,93.0,2.2,3.47,8.3,7,3.66,Excellent,Excellent,1,Low Risk,18.987499999999997
ID00056,Female,18,Psychology,89.6,4.9,2.01,6.0,7,2.4,Excellent,Average,1,Medium Risk,22.492500000000003
ID00057,Male,21,Engineering,69.1,14.0,2.89,8.0,7,3.56,Low,Excellent,1,Medium Risk,23.6175
ID00058,Male,24,Mathematics,94.4,5.6,3.55,6.1,9,4.0,Excellent,Excellent,1,Low Risk,6.457499999999998
ID00059,Male,21,Economics,83.3,2.6,2.88,7.5,5,3.07,Good,Very Good,1,Low Risk,26.915000000000003
ID00060,Male,19,Engineering,88.2,4.9,2.74,6.2,8,3.14,Excellent,Very Good,1,Low Risk,16.734999999999992
ID00061,Male,22,Engineering,70.4,2.7,2.89,5.5,9,2.88,Low,Good,1,Medium Risk,32.2325
ID00062,Male,19,Business,87.4,4.7,2.1,7.2,2,2.39,Excellent,Average,1,Medium Risk,23.494999999999997
ID00063,Female,19,Mathematics,78.6,9.1,3.46,5.2,8,3.61,Good,Excellent,1,Low Risk,14.355000000000002
ID00064,Male,22,Economics,73.5,4.1,3.04,7.7,4,2.92,Low,Good,1,Medium Risk,23.925
ID00065,Male,23,Computer Science,96.0,5.1,2.96,6.6,16,2.92,Excellent,Good,1,Low Risk,10.9
ID00066,Male,18,Computer Science,61.9,4.2,2.97,5.0,6,2.97,Low,Good,1,Medium Risk,29.357499999999998
ID00067,Male,21,Engineering,93.5,7.0,3.11,7.4,13,3.61,Excellent,Excellent,1,Low Risk,10.7125
ID00068,Female,19,Engineering,95.3,6.1,3.43,7.4,7,3.75,Excellent,Excellent,1,Low Risk,7.102499999999999
ID00069,Male,22,Psychology,71.8,3.4,3.07,4.0,6,2.79,Low,Good,1,Medium Risk,27.2275
ID00070,Female,20,Mathematics,72.7,6.1,2.42,6.9,6,2.44,Low,Average,1,Medium Risk,26.11
ID00071,Female,19,Economics,81.7,4.7,3.39,7.0,2,3.87,Good,Excellent,1,Low Risk,14.772499999999997
ID00072,Male,21,Engineering,89.2,3.2,3.35,7.1,9,3.5,Excellent,Excellent,1,Low Risk,17.747499999999995
ID00073,Male,18,Psychology,82.7,3.3,3.2,4.3,5,3.38,Good,Very Good,1,Low Risk,21.584999999999997
ID00074,Female,19,Mathematics,91.5,4.6,3.64,7.5,4,3.92,Excellent,Excellent,1,Low Risk,8.575
ID00075,Female,19,Economics,100.0,5.1,3.12,7.8,6,3.54,Excellent,Excellent,1,Low Risk,7.699999999999998
ID00076,Female,23,Computer Science,77.4,3.8,3.66,5.6,9,3.6,Good,Excellent,1,Low Risk,17.944999999999997
ID00077,Female,22,Psychology,59.3,5.1,3.8,4.9,4,3.7,Critical,Excellent,1,High Risk,20.065
ID00078,Male,20,Mathematics,97.4,2.6,3.39,5.5,5,3.68,Excellent,Excellent,1,Low Risk,16.107499999999998
ID00079,Male,20,Psychology,100.0,2.1,2.73,7.2,7,3.16,Excellent,Very Good,1,Low Risk,22.7125
ID00080,Male,24,Engineering,90.9,1.5,3.03,5.1,6,3.19,Excellent,Very Good,1,Medium Risk,26.5825
ID00081,Female,18,Business,68.7,5.6,3.72,5.0,6,3.85,Low,Excellent,1,Medium Risk,16.534999999999997
ID00082,Female,24,Computer Science,83.1,1.5,2.35,10.0,17,2.33,Good,Average,1,Medium Risk,36.042500000000004
ID00083,Male,21,Engineering,68.2,5.1,2.9,7.0,6,2.82,Low,Good,1,Medium Risk,23.935
ID00084,Male,18,Engineering,94.6,3.1,2.93,6.5,13,3.4,Excellent,Very Good,1,Low Risk,19.392500000000002
ID00085,Male,19,Mathematics,64.7,3.5,2.67,6.0,6,2.58,Low,Good,1,Medium Risk,33.5225
ID00086,Male,19,Psychology,80.5,3.5,3.54,6.4,8,3.95,Good,Excellent,1,Low Risk,18.8
ID00087,Female,20,Computer Science,69.9,13.7,3.29,9.7,10,3.83,Low,Excellent,1,Medium Risk,19.757499999999997
ID00088,Female,21,Engineering,86.9,2.9,2.74,8.2,6,2.78,Excellent,Good,1,Low Risk,25.319999999999997
ID00089,Female,22,Mathematics,79.5,2.3,3.4,10.0,12,3.45,Good,Very Good,1,Low Risk,25.275
ID00090,Male,21,Computer Science,87.7,10.7,3.02,7.6,9,3.88,Excellent,Excellent,1,Low Risk,14.11
ID00091,Male,19,Psychology,85.3,1.7,2.65,5.6,8,2.85,Excellent,Good,1,Medium Risk,31.627499999999998
ID00092,Female,22,Engineering,70.2,1.9,2.74,7.4,1,2.55,Low,Good,1,Medium Risk,36.834999999999994
ID00093,Female,21,Economics,94.4,6.7,3.32,7.8,6,3.83,Excellent,Excellent,1,Low Risk,8.469999999999999
ID00094,Female,21,Engineering,84.3,5.2,3.57,7.9,2,3.92,Good,Excellent,1,Low Risk,10.827500000000002
ID00095,Female,22,Engineering,70.2,3.3,2.86,6.3,12,3.05,Low,Very Good,1,Medium Risk,30.185
ID00096,Male,19,Computer Science,100.0,2.2,3.37,9.7,10,3.49,Excellent,Very Good,1,Low Risk,16.7125
ID00097,Male,21,Computer Science,92.1,1.0,3.89,5.1,8,4.0,Excellent,Excellent,1,Medium Risk,20.517500000000002
ID00098,Male,22,Computer Science,82.7,9.4,2.47,7.5,10,3.14,Good,Very Good,1,Medium Risk,21.172499999999996
ID00099,Male,23,Computer Science,100.0,6.1,3.28,6.6,5,3.64,Excellent,Excellent,1,Low Risk,6.300000000000001
ID00100,Male,23,Mathematics,100.0,8.9,3.52,5.8,9,4.0,Excellent,Excellent,1,Low Risk,4.199999999999999
ID00101,Male,19,Business,82.8,7.4,3.05,7.4,10,3.53,Good,Excellent,1,Low Risk,16.052500000000002
ID00102,Female,22,Mathematics,90.2,5.4,3.72,8.9,8,3.99,Excellent,Excellent,1,Low Risk,6.859999999999998
ID00103,Male,23,Engineering,70.2,2.9,4.0,7.6,16,3.84,Low,Excellent,1,Medium Risk,21.810000000000002
ID00104,Male,22,Mathematics,82.8,2.2,3.27,7.4,6,3.39,Good,Very Good,1,Low Risk,25.3275
ID00105,Female,21,Psychology,82.0,7.8,2.98,4.0,9,3.38,Good,Very Good,1,Low Risk,17.025
ID00106,Male,19,Economics,87.8,3.1,3.59,8.4,8,3.6,Excellent,Excellent,1,Low Risk,16.677500000000002
ID00107,Male,23,Computer Science,90.0,2.2,3.52,6.4,11,3.68,Excellent,Excellent,1,Low Risk,19.9
ID00108,Female,24,Psychology,93.4,2.7,1.84,7.8,7,2.17,Excellent,Average,1,High Risk,31.07
ID00109,Male,21,Economics,88.6,8.1,3.1,8.4,11,3.39,Excellent,Very Good,1,Low Risk,13.005
ID00110,Male,24,Psychology,66.8,2.4,2.9,7.3,15,2.78,Low,Good,1,Medium Risk,34.965
ID00111,Male,24,Engineering,70.9,3.3,3.3,4.0,11,3.37,Low,Very Good,1,Medium Risk,26.02
ID00112,Male,18,Computer Science,76.8,3.9,3.0,9.1,5,3.02,Good,Very Good,1,Low Risk,23.590000000000003
ID00113,Female,18,Psychology,80.8,4.7,3.06,9.7,8,3.17,Good,Very Good,1,Low Risk,18.065
ID00114,Female,19,Engineering,100.0,2.3,2.67,8.2,9,3.03,Excellent,Very Good,1,Low Risk,22.4375
ID00115,Female,23,Computer Science,67.6,3.8,3.47,5.9,6,3.59,Low,Excellent,1,Medium Risk,24.017500000000002
ID00116,Female,23,Business,79.6,6.8,3.93,8.8,8,3.88,Good,Excellent,1,Low Risk,9.792500000000002
ID00117,Female,23,Engineering,99.3,11.9,2.68,6.6,12,3.59,Excellent,Excellent,1,Low Risk,11.864999999999998
ID00118,Male,22,Mathematics,80.5,2.0,2.4,6.9,5,2.67,Good,Good,1,Medium Risk,34.775
ID00119,Female,21,Computer Science,91.9,2.2,3.11,8.8,5,3.44,Excellent,Very Good,1,Low Risk,22.632499999999997
ID00120,Male,23,Psychology,82.9,2.4,3.09,8.0,6,3.55,Good,Excellent,1,Low Risk,26.057499999999997
ID00121,Female,21,Economics,88.9,5.9,3.69,4.0,9,4.0,Excellent,Excellent,1,Low Risk,7.707499999999998
ID00122,Female,19,Psychology,81.6,2.1,2.49,7.3,8,2.66,Good,Good,1,Medium Risk,33.0925
ID00123,Male,24,Mathematics,95.0,3.7,2.83,8.8,8,3.23,Excellent,Very Good,1,Low Risk,17.6875
ID00124,Male,23,Mathematics,61.8,3.5,2.03,5.0,6,1.98,Low,Poor,0,Medium Risk,40.4275
ID00125,Male,19,Psychology,79.6,12.5,3.79,8.5,11,4.0,Good,Excellent,1,Low Risk,11.017500000000002
ID00126,Male,23,Economics,89.4,2.9,3.23,4.5,4,3.41,Excellent,Very Good,1,Low Risk,19.9075
ID00127,Female,18,Computer Science,93.0,2.8,2.87,6.7,8,3.12,Excellent,Very Good,1,Low Risk,21.8375
ID00128,Female,20,Engineering,100.0,5.9,2.44,7.8,6,3.06,Excellent,Very Good,1,Medium Risk,13.649999999999999
ID00129,Male,19,Mathematics,79.1,4.9,2.48,6.6,6,2.7,Good,Good,1,Medium Risk,23.105
ID00130,Male,23,Mathematics,100.0,2.7,3.31,8.8,11,3.31,Excellent,Very Good,1,Low Risk,15.2375
ID00131,Male,20,Mathematics,75.1,8.4,2.55,4.9,3,2.52,Good,Good,1,Low Risk,23.892500000000005
ID00132,Male,19,Economics,100.0,1.6,3.15,8.2,10,3.11,Excellent,Very Good,1,Medium Risk,21.0375
ID00133,Male,22,Business,97.3,4.0,4.0,7.1,9,4.0,Excellent,Excellent,1,Low Risk,5.215000000000002
ID00134,Male,23,Economics,71.3,3.4,2.93,5.7,4,2.98,Low,Good,1,Medium Risk,28.677500000000002
ID00135,Female,22,Computer Science,89.6,3.8,2.62,7.7,13,2.97,Excellent,Good,1,Low Risk,21.555000000000003
ID00136,Male,18,Computer Science,84.2,2.7,3.29,6.9,7,3.59,Good,Excellent,1,Low Risk,22.5225
ID00137,Male,23,Computer Science,94.4,3.8,2.49,9.2,11,2.63,Excellent,Good,1,Medium Risk,20.532499999999995
ID00138,Female,24,Computer Science,81.7,4.6,3.96,7.9,6,4.0,Good,Excellent,1,Low Risk,10.185
ID00139,Male,18,Computer Science,80.4,0.7,3.8,7.6,9,3.89,Good,Excellent,1,Medium Risk,27.77
ID00140,Female,20,Psychology,100.0,3.1,3.02,6.0,5,3.23,Excellent,Very Good,1,Low Risk,16.175
ID00141,Female,19,Mathematics,83.5,2.5,2.65,7.2,6,2.88,Good,Good,1,Low Risk,29.2375
ID00142,Male,21,Economics,97.4,10.3,2.89,6.1,7,3.37,Excellent,Very Good,1,Low Risk,10.882499999999997
ID00143,Male,18,Psychology,81.6,5.3,2.95,6.9,5,3.55,Good,Excellent,1,Low Risk,17.4675
ID00144,Male,21,Economics,100.0,2.4,3.29,8.9,11,3.63,Excellent,Excellent,1,Low Risk,16.6125
ID00145,Male,21,Business,74.8,3.0,3.62,6.6,6,3.74,Low,Excellent,1,Medium Risk,22.665
ID00146,Male,19,Engineering,75.8,3.4,2.58,4.8,9,2.53,Good,Good,1,Low Risk,29.715000000000003
ID00147,Female,20,Mathematics,100.0,2.9,3.61,7.7,10,4.0,Excellent,Excellent,1,Low Risk,11.812500000000004
ID00148,Male,19,Business,78.3,5.5,3.41,8.2,9,3.62,Good,Excellent,1,Low Risk,14.927500000000002
ID00149,Male,23,Psychology,100.0,9.3,2.85,9.4,11,3.28,Excellent,Very Good,1,Low Risk,10.062499999999998
ID00150,Male,18,Engineering,98.4,0.4,2.56,8.3,10,2.58,Excellent,Good,1,Medium Risk,31.72
ID00151,Female,21,Business,82.7,3.3,3.16,6.6,8,3.57,Good,Excellent,1,Low Risk,21.935
ID00152,Male,19,Economics,57.8,11.9,2.57,7.4,15,2.77,Critical,Good,1,High Risk,31.502500000000005
ID00153,Male,19,Engineering,84.7,3.4,3.61,7.6,3,4.0,Good,Excellent,1,Low Risk,16.697499999999998
ID00154,Male,19,Economics,86.5,4.7,2.54,7.7,8,2.86,Excellent,Good,1,Low Risk,20.049999999999997
ID00155,Female,18,Business,100.0,0.8,3.37,4.0,7,3.38,Excellent,Very Good,1,Medium Risk,22.312500000000004
ID00156,Male,20,Psychology,100.0,8.3,3.06,6.1,6,3.66,Excellent,Excellent,1,Low Risk,8.225
ID00157,Female,24,Economics,74.7,2.0,2.82,7.7,4,2.63,Low,Good,1,Medium Risk,33.71
ID00158,Female,19,Engineering,97.0,5.2,3.05,8.6,8,3.18,Excellent,Very Good,1,Low Risk,9.6625
ID00159,Male,18,Business,96.5,2.2,3.64,6.0,9,3.8,Excellent,Excellent,1,Low Risk,15.924999999999997
ID00160,Female,21,Economics,100.0,0.5,2.5,6.4,3,2.54,Excellent,Good,1,Medium Risk,31.125
ID00161,Male,23,Psychology,92.5,4.9,2.89,6.6,7,3.09,Excellent,Very Good,1,Low Risk,13.487499999999997
ID00162,Female,24,Mathematics,55.9,6.2,2.72,6.8,7,2.69,Critical,Good,1,High Risk,31.045
ID00163,Female,22,Psychology,82.7,3.9,3.08,8.3,9,3.34,Good,Very Good,1,Low Risk,20.235
ID00164,Male,24,Psychology,67.7,1.8,2.76,5.9,10,2.67,Low,Good,1,Medium Risk,38.185
ID00165,Male,24,Mathematics,82.0,13.2,2.22,8.3,8,2.8,Good,Good,1,Medium Risk,23.674999999999997
ID00166,Female,18,Psychology,99.7,6.0,2.57,9.1,9,2.82,Excellent,Good,1,Low Risk,12.647499999999999
ID00167,Male,22,Mathematics,89.6,4.5,3.92,6.4,5,4.0,Excellent,Excellent,1,Low Risk,7.380000000000003
ID00168,Male,19,Mathematics,100.0,7.6,3.22,6.4,4,3.95,Excellent,Excellent,1,Low Risk,6.824999999999998
ID00169,Male,19,Economics,90.1,2.9,3.21,7.2,11,3.35,Excellent,Very Good,1,Low Risk,19.767500000000005
ID00170,Female,24,Economics,65.5,10.9,2.96,6.1,6,3.19,Low,Very Good,1,Medium Risk,24.625
ID00171,Female,18,Mathematics,47.2,6.1,3.07,6.9,7,2.97,Critical,Good,1,High Risk,31.8975
ID00172,Male,22,Business,87.2,7.2,2.89,4.8,5,3.23,Excellent,Very Good,1,Low Risk,15.472499999999997
ID00173,Male,19,Engineering,81.8,3.3,3.36,8.3,6,3.73,Good,Excellent,1,Low Risk,20.590000000000003
ID00174,Male,21,Business,70.3,2.0,3.15,9.5,10,3.13,Low,Very Good,1,Medium Risk,32.8025
ID00175,Female,20,Mathematics,59.5,4.5,2.51,6.0,2,2.43,Critical,Average,1,High Risk,33.2625
ID00176,Male,20,Engineering,74.0,3.0,3.23,4.5,7,3.22,Low,Very Good,1,Medium Risk,26.4375
ID00177,Female,19,Economics,82.1,11.6,1.87,8.4,14,2.35,Good,Average,1,High Risk,26.692500000000003
ID00178,Male,22,Engineering,95.0,1.6,3.31,6.4,3,3.37,Excellent,Very Good,1,Medium Risk,21.887500000000003
ID00179,Female,23,Mathematics,87.8,8.7,2.4,6.0,11,2.81,Excellent,Good,1,Medium Risk,19.490000000000002
ID00180,Male,19,Economics,100.0,1.2,3.05,6.8,5,3.38,Excellent,Very Good,1,Medium Risk,23.512500000000003
ID00181,Male,23,Engineering,69.5,2.2,2.5,5.2,8,2.42,Low,Average,1,Medium Risk,38.05
ID00182,Male,23,Engineering,98.2,1.2,3.1,7.7,5,3.5,Excellent,Excellent,1,Medium Risk,23.884999999999998
ID00183,Female,22,Business,85.7,2.9,3.39,5.1,10,3.64,Excellent,Excellent,1,Low Risk,20.1725
ID00184,Female,23,Engineering,95.4,3.6,3.85,5.2,10,3.98,Excellent,Excellent,1,Low Risk,8.982499999999996
ID00185,Male,21,Mathematics,78.5,2.7,2.33,5.2,12,2.05,Good,Average,1,Medium Risk,33.487500000000004
ID00186,Female,22,Computer Science,100.0,5.2,3.59,7.2,6,3.95,Excellent,Excellent,1,Low Risk,3.587500000000001
ID00187,Female,19,Computer Science,89.4,3.6,3.17,4.3,7,3.28,Excellent,Very Good,1,Low Risk,17.632499999999997
ID00188,Female,24,Computer Science,74.8,0.9,2.87,10.0,11,2.72,Low,Good,1,Medium Risk,37.6275
ID00189,Male,21,Mathematics,84.8,2.1,3.48,6.4,4,3.57,Good,Excellent,1,Low Risk,22.990000000000002
ID00190,Male,18,Computer Science,81.4,3.3,2.98,4.0,9,3.3,Good,Very Good,1,Low Risk,24.094999999999995
ID00191,Male,20,Business,92.3,7.4,3.46,5.4,12,3.96,Excellent,Excellent,1,Low Risk,8.190000000000001
ID00192,Female,19,Mathematics,67.3,4.3,2.6,7.9,11,2.76,Low,Good,1,Medium Risk,29.765000000000004
ID00193,Female,19,Economics,84.6,3.0,2.78,9.0,10,3.17,Good,Very Good,1,Low Risk,25.605000000000004
ID00194,Female,19,Mathematics,90.9,1.5,3.57,7.2,5,3.86,Excellent,Excellent,1,Medium Risk,21.857499999999998
ID00195,Male,21,Mathematics,85.5,4.5,3.84,7.1,5,4.0,Excellent,Excellent,1,Low Risk,9.925
ID00196,Male,18,Engineering,100.0,8.4,3.08,4.7,9,3.38,Excellent,Very Good,1,Low Risk,8.049999999999999
ID00197,Female,24,Engineering,96.6,3.4,1.71,9.2,11,2.11,Excellent,Average,1,High Risk,27.9675
ID00198,Female,22,Engineering,84.9,2.3,3.0,7.8,10,3.15,Good,Very Good,1,Low Risk,26.345
ID00199,Female,18,Psychology,88.3,5.6,3.12,7.5,10,3.55,Excellent,Excellent,1,Low Risk,12.965
ID00200,Female,21,Business,89.4,7.6,2.98,7.0,11,3.69,Excellent,Excellent,1,Low Risk,13.694999999999997
ID00201,Female,19,Mathematics,91.0,3.6,3.27,7.8,6,3.47,Excellent,Very Good,1,Low Risk,16.0375
ID00202,Male,20,Mathematics,57.6,6.0,2.86,5.8,7,2.42,Critical,Average,1,High Risk,29.055
ID00203,Male,19,Engineering,80.5,3.1,3.52,8.4,9,3.64,Good,Excellent,1,Low Risk,20.575
ID00204,Female,22,Mathematics,62.7,6.2,2.52,8.2,3,2.44,Low,Average,1,Medium Risk,29.735
ID00205,Female,23,Economics,100.0,8.6,3.72,6.9,10,4.0,Excellent,Excellent,1,Low Risk,2.449999999999998
ID00206,Male,20,Mathematics,84.1,6.7,3.88,6.6,3,4.0,Good,Excellent,1,Low Risk,8.205000000000004
ID00207,Male,19,Computer Science,82.1,5.5,2.64,4.0,8,2.79,Good,Good,1,Low Risk,19.955000000000002
ID00208,Female,24,Economics,98.5,10.2,2.64,4.4,5,3.36,Excellent,Very Good,1,Low Risk,12.575
ID00209,Male,20,Economics,91.3,3.5,3.31,7.8,13,3.45,Excellent,Very Good,1,Low Risk,15.9525
ID00210,Male,23,Mathematics,68.1,5.5,2.51,8.4,15,2.44,Low,Average,1,Medium Risk,27.392500000000005
ID00211,Male,18,Psychology,83.9,3.5,2.85,8.6,7,2.97,Good,Good,1,Low Risk,23.307499999999997
ID00212,Female,21,Engineering,80.0,5.5,3.65,5.0,5,3.78,Good,Excellent,1,Low Risk,12.0625
ID00213,Female,19,Business,58.8,6.1,3.47,10.0,10,3.09,Critical,Very Good,1,High Risk,23.177500000000002
ID00214,Male,22,Business,74.6,7.0,4.0,8.5,7,4.0,Low,Excellent,1,Medium Risk,11.430000000000003
ID00215,Female,18,Computer Science,82.2,4.2,3.19,6.1,6,3.37,Good,Very Good,1,Low Risk,18.2975
ID00216,Male,19,Business,83.3,1.1,2.79,7.2,6,2.8,Good,Good,1,Medium Risk,33.7025
ID00217,Male,18,Business,62.8,3.6,3.13,4.5,6,3.11,Low,Very Good,1,Medium Risk,29.9525
ID00218,Female,22,Engineering,100.0,5.9,3.02,6.1,11,3.3,Excellent,Very Good,1,Low Risk,8.575
ID00219,Female,19,Engineering,83.5,4.9,3.03,7.8,9,3.37,Good,Very Good,1,Low Risk,16.3125
ID00220,Female,23,Psychology,85.6,5.3,3.09,7.1,14,3.31,Excellent,Very Good,1,Low Risk,14.442500000000003
ID00221,Female,23,Computer Science,91.0,6.3,2.63,9.6,14,2.94,Excellent,Good,1,Low Risk,16.037499999999998
ID00222,Female,22,Business,73.2,1.9,3.24,4.8,9,3.01,Low,Very Good,1,Medium Risk,31.109999999999992
ID00223,Male,20,Psychology,91.8,6.5,2.4,6.8,4,2.92,Excellent,Good,1,Medium Risk,17.69
ID00224,Male,22,Computer Science,79.5,10.5,2.74,5.3,10,3.01,Good,Very Good,1,Low Risk,20.249999999999996
ID00225,Male,20,Economics,71.6,3.3,3.04,9.3,8,3.03,Low,Very Good,1,Medium Risk,27.98
ID00226,Male,19,Business,93.6,7.0,1.97,7.4,9,2.64,Excellent,Good,1,High Risk,20.642500000000005
ID00227,Female,20,Business,100.0,4.3,3.48,7.0,10,3.96,Excellent,Excellent,1,Low Risk,7.3500000000000005
ID00228,Male,19,Engineering,95.9,5.2,2.07,6.8,9,2.65,Excellent,Good,1,Medium Risk,18.7325
ID00229,Female,19,Mathematics,98.8,6.7,3.43,5.7,12,3.64,Excellent,Excellent,1,Low Risk,5.527499999999999
ID00230,Female,24,Computer Science,77.2,4.9,2.45,8.8,4,2.64,Good,Good,1,Medium Risk,24.222499999999997
ID00231,Female,21,Business,61.0,3.1,2.9,7.3,16,2.53,Low,Good,1,Medium Risk,34.775
ID00232,Male,19,Computer Science,100.0,5.0,3.36,7.4,3,3.67,Excellent,Excellent,1,Low Risk,5.6000000000000005
ID00233,Female,20,Psychology,100.0,2.3,4.0,7.9,3,4.0,Excellent,Excellent,1,Low Risk,10.8
ID00234,Male,21,Psychology,100.0,1.5,3.16,5.7,11,3.4,Excellent,Very Good,1,Medium Risk,21.349999999999998
ID00235,Male,21,Mathematics,80.0,0.8,2.11,10.0,3,2.38,Good,Average,1,Medium Risk,42.337500000000006
ID00236,Female,19,Business,67.7,8.9,3.58,9.4,10,3.8,Low,Excellent,1,Medium Risk,18.209999999999997
ID00237,Male,22,Engineering,69.0,5.4,2.98,6.9,8,2.96,Low,Good,1,Medium Risk,22.875
ID00238,Male,22,Business,59.7,6.1,3.13,6.5,7,2.87,Critical,Good,1,High Risk,25.7475
ID00239,Female,23,Computer Science,83.4,4.7,3.38,8.0,12,3.73,Good,Excellent,1,Low Risk,14.094999999999999
ID00240,Male,21,Economics,100.0,1.2,1.99,8.7,5,2.05,Excellent,Average,1,High Risk,32.787499999999994
ID00241,Female,19,Psychology,82.9,8.6,3.1,9.6,7,3.48,Good,Very Good,1,Low Risk,15.569999999999997
ID00242,Female,24,Computer Science,89.5,3.1,2.9,8.0,7,3.35,Excellent,Very Good,1,Low Risk,21.950000000000003
ID00243,Female,22,Mathematics,100.0,0.8,3.71,7.2,12,3.81,Excellent,Excellent,1,Medium Risk,19.337500000000006
ID00244,Male,24,Psychology,78.9,3.5,3.46,7.2,8,3.52,Good,Excellent,1,Low Risk,20.22
ID00245,Male,19,Engineering,100.0,8.0,2.29,4.2,17,2.43,Excellent,Average,1,Medium Risk,14.962499999999999
ID00246,Female,19,Psychology,100.0,2.3,3.73,6.4,9,4.0,Excellent,Excellent,1,Low Risk,13.162500000000001
ID00247,Male,21,Economics,83.0,3.4,3.32,7.5,9,3.69,Good,Excellent,1,Low Risk,20.0
ID00248,Female,24,Business,76.3,3.2,2.33,4.0,9,2.17,Good,Average,1,Medium Risk,32.4775
ID00249,Female,23,Economics,95.5,2.2,3.13,7.3,7,3.45,Excellent,Very Good,1,Low Risk,20.8375
ID00250,Female,21,Economics,79.8,4.4,3.62,5.8,5,3.52,Good,Excellent,1,Low Risk,14.814999999999998
ID00251,Male,18,Business,67.7,2.4,2.49,9.4,6,2.2,Low,Average,1,Medium Risk,38.147499999999994
ID00252,Male,24,Psychology,100.0,8.8,3.79,6.6,8,4.0,Excellent,Excellent,1,Low Risk,1.8374999999999995
ID00253,Female,22,Mathematics,100.0,1.4,2.34,6.6,11,2.7,Excellent,Good,1,Medium Risk,28.924999999999997
ID00254,Male,22,Business,87.3,1.8,2.7,6.8,7,3.1,Excellent,Very Good,1,Medium Risk,29.889999999999997
ID00255,Male,22,Business,66.1,3.4,2.63,7.0,14,2.67,Low,Good,1,Medium Risk,33.6425
ID00256,Female,20,Engineering,66.6,4.1,3.79,8.2,10,3.82,Low,Excellent,1,Medium Risk,20.467500000000005
ID00257,Female,19,Psychology,86.6,2.7,2.85,6.5,9,3.18,Excellent,Very Good,1,Low Risk,25.292500000000004
ID00258,Female,21,Business,77.5,6.3,2.52,7.0,9,2.81,Good,Good,1,Low Risk,23.075
ID00259,Female,22,Mathematics,79.9,3.6,3.32,8.2,10,3.09,Good,Very Good,1,Low Risk,20.595
ID00260,Male,18,Computer Science,100.0,5.6,3.43,7.0,6,3.82,Excellent,Excellent,1,Low Risk,4.987499999999998
ID00261,Female,22,Psychology,96.0,8.5,3.43,8.0,9,3.91,Excellent,Excellent,1,Low Risk,6.787499999999998
ID00262,Female,23,Engineering,100.0,10.1,2.96,6.3,10,3.42,Excellent,Very Good,1,Low Risk,9.1
ID00263,Male,19,Economics,70.1,3.4,3.23,7.5,3,3.38,Low,Very Good,1,Medium Risk,26.5925
ID00264,Male,24,Business,79.9,4.3,2.77,9.0,12,2.59,Good,Good,1,Low Risk,22.607499999999998
ID00265,Female,19,Mathematics,96.4,4.9,3.94,7.9,8,4.0,Excellent,Excellent,1,Low Risk,2.5449999999999964
ID00266,Female,24,Psychology,91.7,3.5,3.67,4.2,9,4.0,Excellent,Excellent,1,Low Risk,12.622499999999999
ID00267,Female,24,Mathematics,100.0,2.1,3.64,7.8,12,3.98,Excellent,Excellent,1,Low Risk,14.749999999999998
ID00268,Female,21,Mathematics,91.3,7.3,3.5,5.3,12,3.94,Excellent,Excellent,1,Low Risk,8.290000000000001
ID00269,Male,20,Economics,100.0,2.1,3.36,5.6,4,3.44,Excellent,Very Good,1,Low Risk,17.2
ID00270,Male,24,Engineering,93.1,7.7,2.48,7.7,5,3.02,Excellent,Very Good,1,Medium Risk,16.405
ID00271,Female,24,Psychology,100.0,5.3,3.42,5.5,5,3.56,Excellent,Excellent,1,Low Risk,5.075
ID00272,Female,21,Business,80.1,4.8,3.16,5.3,8,3.54,Good,Excellent,1,Low Risk,17.105
ID00273,Female,22,Engineering,85.2,2.5,3.73,7.0,12,3.9,Excellent,Excellent,1,Low Risk,19.0225
ID00274,Female,23,Business,98.7,1.0,3.5,6.1,4,3.69,Excellent,Excellent,1,Medium Risk,20.96
ID00275,Male,18,Computer Science,100.0,7.2,3.38,4.6,7,3.63,Excellent,Excellent,1,Low Risk,5.425000000000001
ID00276,Male,21,Mathematics,95.9,2.5,2.26,7.8,6,2.62,Excellent,Good,1,Medium Risk,27.07
ID00277,Female,20,Computer Science,83.8,5.5,3.06,8.5,9,3.54,Good,Excellent,1,Low Risk,15.515
ID00278,Female,21,Mathematics,100.0,5.7,2.82,8.4,5,3.14,Excellent,Very Good,1,Low Risk,10.325000000000001
ID00279,Female,19,Economics,52.1,4.1,3.23,5.7,11,2.72,Critical,Good,1,High Risk,31.892500000000002
ID00280,Female,22,Engineering,63.7,4.8,2.89,7.6,6,3.16,Low,Very Good,1,Medium Risk,26.8475
ID00281,Female,22,Business,95.2,5.3,2.96,6.3,11,3.35,Excellent,Very Good,1,Low Risk,11.259999999999998
ID00282,Male,24,Economics,85.2,4.6,3.33,5.1,3,3.44,Excellent,Very Good,1,Low Risk,14.1225
ID00283,Male,22,Business,94.1,2.4,2.88,5.9,6,2.93,Excellent,Good,1,Low Risk,22.855000000000004
ID00284,Male,22,Engineering,86.0,1.4,3.16,4.0,7,3.13,Excellent,Very Good,1,Medium Risk,28.049999999999997
ID00285,Female,22,Psychology,93.6,2.7,2.34,5.4,7,2.4,Excellent,Average,1,Medium Risk,26.605000000000004
ID00286,Male,22,Computer Science,72.8,3.2,2.68,4.8,9,2.45,Low,Average,1,Medium Risk,30.99
ID00287,Male,18,Computer Science,93.6,8.7,3.43,7.3,8,4.0,Excellent,Excellent,1,Low Risk,7.867500000000001
ID00288,Male,20,Business,99.9,1.8,2.48,7.4,10,2.6,Excellent,Good,1,Medium Risk,26.144999999999996
ID00289,Male,24,Business,100.0,9.4,3.72,4.5,4,4.0,Excellent,Excellent,1,Low Risk,2.449999999999998
ID00290,Female,22,Business,100.0,11.1,3.59,8.2,5,4.0,Excellent,Excellent,1,Low Risk,3.587500000000001
ID00291,Male,24,Engineering,88.7,2.7,2.97,6.1,4,3.33,Excellent,Very Good,1,Low Risk,23.2975
ID00292,Male,20,Psychology,89.1,10.9,4.0,5.4,4,4.0,Excellent,Excellent,1,Low Risk,4.905000000000003
ID00293,Female,23,Computer Science,62.2,3.7,3.72,4.3,7,3.84,Low,Excellent,1,Medium Risk,24.659999999999997
ID00294,Male,22,Economics,77.0,3.4,2.63,5.8,6,2.58,Good,Good,1,Low Risk,28.737499999999997
ID00295,Male,24,Mathematics,82.1,8.7,3.47,6.8,7,4.0,Good,Excellent,1,Low Risk,12.6925
ID00296,Male,21,Engineering,100.0,4.7,3.13,8.5,8,3.37,Excellent,Very Good,1,Low Risk,8.8125
ID00297,Female,24,Computer Science,75.8,4.3,2.71,6.8,12,2.75,Good,Good,1,Low Risk,24.977500000000003
ID00298,Male,22,Psychology,96.9,2.7,2.57,6.5,9,2.7,Excellent,Good,1,Low Risk,23.1075
ID00299,Female,19,Engineering,85.0,2.8,3.6,7.9,2,3.96,Excellent,Excellent,1,Low Risk,19.050000000000004
ID00300,Male,18,Economics,82.3,4.3,2.8,7.2,6,3.07,Good,Very Good,1,Low Risk,21.265000000000004
ID00301,Male,21,Computer Science,88.7,8.7,3.05,4.7,10,3.37,Excellent,Very Good,1,Low Risk,13.397499999999999
ID00302,Male,21,Engineering,79.1,1.8,2.64,6.3,12,2.42,Good,Average,1,Medium Risk,34.105000000000004
ID00303,Male,19,Computer Science,78.6,3.9,2.73,6.1,4,2.86,Good,Good,1,Low Risk,25.142500000000002
ID00304,Female,22,Computer Science,59.4,1.6,3.04,6.8,6,2.56,Critical,Good,1,High Risk,40.269999999999996
ID00305,Female,18,Psychology,81.3,2.6,3.29,6.3,10,3.68,Good,Excellent,1,Low Risk,24.227500000000003
ID00306,Female,21,Mathematics,77.8,6.0,1.81,5.8,9,2.02,Good,Average,1,High Risk,29.1525
ID00307,Male,18,Psychology,77.3,2.3,3.11,9.2,5,2.91,Good,Good,1,Low Risk,28.802500000000002
ID00308,Male,21,Computer Science,91.3,7.5,2.73,6.9,9,3.37,Excellent,Very Good,1,Low Risk,15.0275
ID00309,Female,22,Engineering,94.9,2.2,3.8,7.7,8,4.0,Excellent,Excellent,1,Low Risk,15.244999999999997
ID00310,Male,23,Economics,88.5,2.9,4.0,6.8,10,4.0,Excellent,Excellent,1,Low Risk,13.575000000000003
ID00311,Male,21,Psychology,99.9,1.1,2.92,8.2,3,2.95,Excellent,Good,1,Medium Risk,25.095
ID00312,Male,23,Mathematics,93.6,7.5,2.24,6.9,7,2.94,Excellent,Good,1,Medium Risk,18.28
ID00313,Male,21,Computer Science,80.6,6.9,3.16,8.5,7,3.75,Good,Excellent,1,Low Risk,16.08
ID00314,Female,20,Economics,78.1,1.6,3.0,4.0,7,2.78,Good,Good,1,Medium Risk,32.205000000000005
ID00315,Female,22,Psychology,89.7,3.4,4.0,7.1,14,4.0,Excellent,Excellent,1,Low Risk,11.035
ID00316,Female,19,Psychology,93.6,3.2,3.93,7.4,7,4.0,Excellent,Excellent,1,Low Risk,10.6925
ID00317,Male,23,Psychology,100.0,3.0,3.53,7.5,7,3.86,Excellent,Excellent,1,Low Risk,12.1125
ID00318,Male,19,Psychology,100.0,11.2,2.81,5.4,8,3.62,Excellent,Excellent,1,Low Risk,10.4125
ID00319,Male,22,Economics,76.9,3.0,3.44,5.9,5,3.46,Good,Very Good,1,Low Risk,23.294999999999998
ID00320,Male,24,Engineering,83.5,2.3,3.23,5.4,7,3.53,Good,Excellent,1,Low Risk,24.9625
ID00321,Male,19,Mathematics,95.1,1.2,3.22,7.7,12,3.52,Excellent,Excellent,1,Medium Risk,24.230000000000004
ID00322,Female,22,Mathematics,100.0,2.4,2.32,8.4,4,2.43,Excellent,Average,1,Medium Risk,25.1
ID00323,Female,19,Computer Science,99.1,8.7,3.63,4.5,4,4.0,Excellent,Excellent,1,Low Risk,3.6425000000000036
ID00324,Male,23,Business,84.0,4.6,3.15,7.3,10,3.52,Good,Excellent,1,Low Risk,16.237500000000004
ID00325,Female,20,Engineering,66.2,4.6,3.05,5.7,5,2.99,Low,Good,1,Medium Risk,25.122500000000002
ID00326,Female,19,Computer Science,70.0,2.5,2.8,9.6,5,2.55,Low,Good,1,Medium Risk,34.0
ID00327,Female,23,Computer Science,89.1,7.9,2.7,7.8,9,3.17,Excellent,Very Good,1,Low Risk,16.28
ID00328,Female,21,Psychology,90.1,5.6,3.26,6.5,10,3.49,Excellent,Very Good,1,Low Risk,10.930000000000005
ID00329,Male,22,Business,68.5,3.1,2.23,6.8,8,2.3,Low,Average,1,Medium Risk,37.2625
ID00330,Male,18,Business,85.7,2.1,3.49,8.9,9,3.69,Excellent,Excellent,1,Low Risk,22.497499999999995
ID00331,Male,24,Engineering,94.5,3.9,2.57,7.1,8,2.88,Excellent,Good,1,Low Risk,19.387500000000003
ID00332,Female,18,Business,67.7,2.2,2.07,4.3,5,2.12,Low,Average,1,Medium Risk,42.6225
ID00333,Male,22,Computer Science,100.0,3.6,4.0,9.3,6,4.0,Excellent,Excellent,1,Low Risk,5.6
ID00334,Male,20,Business,79.3,4.4,2.67,8.2,18,2.24,Good,Average,1,Low Risk,23.3525
ID00335,Male,19,Business,100.0,2.6,2.74,6.2,9,2.97,Excellent,Good,1,Low Risk,20.625
ID00336,Male,20,Mathematics,77.0,0.7,3.67,7.9,7,3.56,Good,Excellent,1,Medium Risk,30.4375
ID00337,Female,18,Computer Science,69.6,5.2,4.0,6.1,6,4.0,Low,Excellent,1,Medium Risk,13.680000000000003
ID00338,Female,24,Economics,78.1,2.6,2.33,6.0,10,2.22,Good,Average,1,Medium Risk,34.0675
ID00339,Male,23,Business,83.6,4.4,2.62,6.8,11,2.89,Good,Good,1,Low Risk,21.855
ID00340,Male,24,Business,79.2,3.7,2.66,7.9,4,2.61,Good,Good,1,Low Risk,26.285
ID00341,Male,22,Psychology,81.8,10.1,3.57,7.7,8,4.0,Good,Excellent,1,Low Risk,11.952500000000002
ID00342,Male,22,Business,90.0,4.1,3.92,8.4,14,4.0,Excellent,Excellent,1,Low Risk,8.800000000000002
ID00343,Male,20,Business,82.4,6.8,2.56,7.7,9,3.0,Good,Very Good,1,Low Risk,20.519999999999996
ID00344,Male,23,Mathematics,84.0,3.2,3.81,9.2,6,4.0,Good,Excellent,1,Low Risk,16.0625
ID00345,Male,20,Computer Science,59.4,2.2,2.75,9.6,4,2.18,Critical,Average,1,High Risk,40.4075
ID00346,Female,19,Engineering,90.9,5.3,3.27,7.5,8,3.74,Excellent,Excellent,1,Low Risk,10.482499999999998
ID00347,Female,21,Computer Science,83.7,2.5,2.46,6.5,6,2.8,Good,Good,1,Medium Risk,30.81
ID00348,Male,23,Psychology,100.0,6.2,3.04,6.7,8,3.33,Excellent,Very Good,1,Low Risk,8.399999999999999
ID00349,Male,21,Computer Science,70.9,1.8,3.04,4.1,3,2.76,Low,Good,1,Medium Risk,34.295
ID00350,Female,24,Business,57.9,4.9,2.94,7.0,3,2.72,Critical,Good,1,High Risk,28.619999999999997
ID00351,Male,19,Psychology,94.3,4.0,3.29,6.1,5,3.77,Excellent,Excellent,1,Low Risk,12.7775
ID00352,Female,21,Computer Science,90.2,9.0,2.6,5.9,10,3.19,Excellent,Very Good,1,Low Risk,16.66
ID00353,Female,18,Psychology,69.9,5.2,2.66,6.9,5,2.92,Low,Good,1,Medium Risk,25.269999999999996
ID00354,Male,24,Engineering,62.1,3.7,3.32,4.0,6,3.4,Low,Very Good,1,Medium Risk,28.205000000000002
ID00355,Male,21,Computer Science,100.0,6.4,3.77,6.7,13,4.0,Excellent,Excellent,1,Low Risk,2.0124999999999997
ID00356,Female,19,Economics,100.0,0.7,3.09,7.3,4,3.32,Excellent,Very Good,1,Medium Risk,25.1625
ID00357,Male,21,Business,47.7,5.6,3.35,4.7,8,3.25,Critical,Very Good,1,High Risk,29.222499999999997
ID00358,Female,22,Psychology,78.1,5.9,3.48,9.0,11,3.62,Good,Excellent,1,Low Risk,14.405000000000001
ID00359,Female,20,Economics,100.0,6.3,3.52,7.7,13,3.93,Excellent,Excellent,1,Low Risk,4.199999999999999
ID00360,Female,18,Economics,77.9,6.0,2.62,8.9,12,2.61,Good,Good,1,Low Risk,22.019999999999996
ID00361,Male,22,Mathematics,77.6,5.5,2.71,7.7,14,2.78,Good,Good,1,Low Risk,21.367500000000003
ID00362,Female,22,Psychology,80.8,3.3,2.75,7.5,8,3.06,Good,Very Good,1,Low Risk,26.3775
ID00363,Male,19,Economics,68.2,4.4,4.0,9.3,6,3.91,Low,Excellent,1,Medium Risk,16.709999999999997
ID00364,Male,20,Mathematics,59.4,2.7,3.35,9.0,9,2.81,Critical,Good,1,High Risk,33.1575
ID00365,Female,20,Economics,100.0,2.4,3.33,9.9,8,3.54,Excellent,Excellent,1,Low Risk,16.2625
ID00366,Male,23,Business,57.4,3.3,3.28,6.8,9,3.14,Critical,Very Good,1,High Risk,32.27
ID00367,Female,24,Engineering,88.7,3.6,2.44,5.8,3,2.67,Excellent,Good,1,Medium Risk,24.335
ID00368,Female,18,Mathematics,98.3,5.1,4.0,5.3,10,4.0,Excellent,Excellent,1,Low Risk,0.7650000000000013
ID00369,Male,24,Engineering,63.2,8.2,3.34,5.5,4,3.63,Low,Excellent,1,Medium Risk,22.335
ID00370,Male,19,Psychology,71.1,6.8,3.46,8.0,7,3.75,Low,Excellent,1,Medium Risk,17.730000000000004
ID00371,Male,18,Business,100.0,4.8,2.22,10.0,8,2.59,Excellent,Good,1,Medium Risk,16.374999999999996
ID00372,Male,23,Mathematics,93.0,7.7,3.49,9.3,2,3.99,Excellent,Excellent,1,Low Risk,7.612499999999997
ID00373,Male,21,Psychology,75.7,4.1,2.92,6.7,5,3.09,Good,Very Good,1,Low Risk,23.985
ID00374,Female,22,Economics,100.0,5.5,2.44,8.1,11,2.9,Excellent,Good,1,Medium Risk,13.649999999999999
ID00375,Male,18,Computer Science,100.0,3.3,2.62,6.2,7,3.09,Excellent,Very Good,1,Low Risk,18.875
ID00376,Male,24,Psychology,89.0,4.0,2.47,6.3,6,2.86,Excellent,Good,1,Medium Risk,22.3375
ID00377,Female,22,Engineering,71.5,3.5,2.46,5.4,5,2.34,Low,Average,1,Medium Risk,32.3
ID00378,Male,19,Business,78.8,1.3,3.13,5.5,7,2.78,Good,Good,1,Medium Risk,31.952500000000004
ID00379,Female,24,Business,89.3,1.3,2.91,7.8,10,3.21,Excellent,Very Good,1,Medium Risk,29.1525
ID00380,Male,21,Psychology,82.2,1.6,3.27,9.2,14,3.26,Good,Very Good,1,Medium Risk,27.997500000000002
ID00381,Male,19,Economics,99.1,4.9,3.94,8.6,10,4.0,Excellent,Excellent,1,Low Risk,1.3300000000000016
ID00382,Female,21,Computer Science,62.1,8.3,3.04,9.2,9,3.17,Low,Very Good,1,Medium Risk,25.455
ID00383,Female,21,Engineering,62.6,7.7,1.98,8.2,8,2.27,Low,Average,1,High Risk,34.504999999999995
ID00384,Female,22,Psychology,87.7,1.3,2.98,6.9,8,3.2,Excellent,Very Good,1,Medium Risk,29.259999999999998
ID00385,Female,19,Psychology,77.6,5.6,3.7,6.2,10,3.81,Good,Excellent,1,Low Risk,12.705000000000002
ID00386,Female,19,Business,75.6,2.9,3.06,7.9,8,3.0,Good,Very Good,1,Low Risk,27.605000000000004
ID00387,Male,18,Engineering,58.5,2.3,3.86,4.5,6,3.25,Critical,Very Good,1,High Risk,30.700000000000003
ID00388,Male,24,Computer Science,85.3,4.4,3.33,6.1,11,3.5,Excellent,Excellent,1,Low Risk,14.8775
ID00389,Female,19,Business,84.2,2.9,2.18,5.8,14,2.38,Good,Average,1,Medium Risk,31.435
ID00390,Female,18,Psychology,94.8,1.5,3.15,8.9,8,3.44,Excellent,Very Good,1,Medium Risk,23.777500000000003
ID00391,Female,20,Business,86.0,2.1,3.25,4.9,10,3.44,Excellent,Very Good,1,Low Risk,24.4625
ID00392,Male,20,Business,83.0,3.3,3.64,8.4,10,4.0,Good,Excellent,1,Low Risk,17.6
ID00393,Male,20,Mathematics,100.0,8.2,4.0,7.6,10,4.0,Excellent,Excellent,1,Low Risk,0.0
ID00394,Female,23,Business,65.3,1.2,3.55,7.6,13,3.33,Low,Very Good,1,Medium Risk,34.752500000000005
ID00395,Male,19,Economics,93.0,1.8,3.32,6.3,9,3.62,Excellent,Excellent,1,Medium Risk,21.900000000000002
ID00396,Female,23,Business,59.9,3.4,3.44,4.8,10,3.03,Critical,Very Good,1,High Risk,29.345
ID00397,Female,24,Economics,72.4,2.5,3.02,7.8,9,2.88,Low,Good,1,Medium Risk,30.994999999999997
ID00398,Male,19,Engineering,66.8,5.2,2.37,8.3,4,2.28,Low,Average,1,Medium Risk,29.2025
ID00399,Female,18,Business,96.7,3.5,3.12,7.7,8,3.34,Excellent,Very Good,1,Low Risk,15.184999999999997
ID00400,Female,23,Computer Science,84.0,1.5,3.28,6.8,4,3.6,Good,Excellent,1,Medium Risk,27.5
ID00401,Male,23,Economics,84.8,2.9,2.5,5.3,10,2.64,Good,Good,1,Low Risk,28.365000000000006
ID00402,Female,24,Economics,68.4,4.5,3.76,6.1,5,3.74,Low,Excellent,1,Medium Risk,18.32
ID00403,Male,23,Psychology,80.5,5.9,3.6,7.7,4,4.0,Good,Excellent,1,Low Risk,12.274999999999999
ID00404,Female,21,Engineering,73.5,1.8,2.41,5.8,10,2.06,Low,Average,1,Medium Risk,38.6375
ID00405,Male,18,Business,90.8,4.6,3.78,5.6,12,4.0,Excellent,Excellent,1,Low Risk,7.6650000000000045
ID00406,Female,20,Computer Science,70.1,3.3,2.95,4.8,6,3.05,Low,Very Good,1,Medium Risk,29.442500000000003
ID00407,Male,18,Psychology,100.0,7.6,2.71,7.8,8,3.29,Excellent,Very Good,1,Low Risk,11.2875
ID00408,Male,21,Engineering,59.9,2.9,3.64,7.8,6,3.35,Critical,Very Good,1,High Risk,29.595000000000002
ID00409,Female,24,Economics,72.9,1.5,3.07,8.7,12,2.72,Low,Good,1,Medium Risk,34.332499999999996
ID00410,Male,24,Computer Science,100.0,2.6,4.0,4.0,4,4.0,Excellent,Excellent,1,Low Risk,9.600000000000001
ID00411,Male,19,Business,78.5,0.9,2.67,8.8,12,2.41,Good,Average,1,Medium Risk,37.712500000000006
ID00412,Female,18,Mathematics,65.3,1.0,2.23,8.7,4,2.14,Low,Average,1,Medium Risk,47.1025
ID00413,Female,24,Mathematics,88.3,1.2,2.96,8.8,13,3.19,Excellent,Very Good,1,Medium Risk,29.565000000000005
ID00414,Female,23,Engineering,77.9,5.2,3.49,7.2,4,3.47,Good,Very Good,1,Low Risk,14.407499999999995
ID00415,Female,24,Computer Science,72.5,4.9,2.64,7.3,12,2.74,Low,Good,1,Medium Risk,24.674999999999997
ID00416,Male,24,Psychology,68.6,5.4,2.43,7.3,3,2.69,Low,Good,1,Medium Risk,27.8675
ID00417,Male,24,Computer Science,100.0,2.7,3.21,5.6,8,3.44,Excellent,Very Good,1,Low Risk,16.1125
ID00418,Male,24,Economics,81.2,2.1,2.37,5.7,10,2.52,Good,Good,1,Medium Risk,34.3225
ID00419,Female,20,Mathematics,56.1,12.2,3.25,7.3,10,3.57,Critical,Excellent,1,High Risk,26.3175
ID00420,Female,20,Engineering,100.0,4.3,2.93,6.6,11,3.48,Excellent,Very Good,1,Low Risk,12.1625
ID00421,Female,19,Business,94.2,2.0,3.35,8.1,6,3.39,Excellent,Very Good,1,Low Risk,20.2975
ID00422,Female,24,Computer Science,73.5,8.8,2.41,6.5,7,2.57,Low,Good,1,Medium Risk,25.8375
ID00423,Male,18,Mathematics,71.0,8.1,3.75,4.8,8,4.0,Low,Excellent,1,Medium Risk,15.2375
ID00424,Male,21,Psychology,95.1,5.7,3.01,4.9,6,3.24,Excellent,Very Good,1,Low Risk,10.867500000000003
ID00425,Male,19,Engineering,81.3,3.6,3.48,5.9,6,3.85,Good,Excellent,1,Low Risk,18.564999999999998
ID00426,Male,18,Business,56.1,2.3,3.58,8.1,11,3.07,Critical,Very Good,1,High Risk,34.230000000000004
ID00427,Male,24,Computer Science,100.0,3.0,2.52,6.2,9,2.63,Excellent,Good,1,Low Risk,20.95
ID00428,Female,22,Psychology,78.5,7.5,3.54,7.4,9,3.73,Good,Excellent,1,Low Risk,13.7
ID00429,Male,24,Business,100.0,2.5,2.39,4.5,5,2.38,Excellent,Average,1,Medium Risk,24.0875
ID00430,Male,20,Economics,100.0,1.7,2.41,7.2,6,2.53,Excellent,Good,1,Medium Risk,27.112499999999997
ID00431,Male,21,Mathematics,70.0,5.6,4.0,7.1,7,4.0,Low,Excellent,1,Medium Risk,13.5
ID00432,Female,23,Economics,100.0,3.9,3.66,8.8,11,3.72,Excellent,Excellent,1,Low Risk,7.375
ID00433,Female,21,Mathematics,75.2,2.6,4.0,7.2,6,3.79,Good,Excellent,1,Low Risk,20.759999999999998
ID00434,Male,23,Psychology,57.0,2.7,2.91,8.1,6,2.36,Critical,Average,1,High Risk,38.0875
ID00435,Male,21,Economics,78.6,0.8,3.15,9.9,12,2.93,Good,Good,1,Medium Risk,33.86750000000001
ID00436,Female,20,Mathematics,91.0,2.9,3.36,7.1,3,3.84,Excellent,Excellent,1,Low Risk,18.050000000000004
ID00437,Male,23,Engineering,78.1,7.1,3.09,9.3,7,3.03,Good,Very Good,1,Low Risk,17.817500000000003
ID00438,Female,18,Psychology,80.4,2.1,2.73,7.2,7,3.03,Good,Very Good,1,Low Risk,31.5325
ID00439,Female,23,Mathematics,100.0,13.3,2.65,6.2,8,3.46,Excellent,Very Good,1,Low Risk,11.8125
ID00440,Male,19,Computer Science,86.6,3.9,3.21,6.8,7,3.38,Excellent,Very Good,1,Low Risk,17.342500000000005
ID00441,Male,18,Mathematics,72.4,1.4,2.57,6.2,7,2.3,Low,Average,1,Medium Risk,39.332499999999996
ID00442,Female,19,Economics,95.5,0.2,2.55,6.3,5,2.6,Excellent,Good,1,Medium Risk,33.91250000000001
ID00443,Male,24,Engineering,88.0,4.5,3.3,6.1,8,3.75,Excellent,Excellent,1,Low Risk,13.525000000000002
ID00444,Male,21,Business,47.2,2.1,3.05,6.5,8,2.89,Critical,Good,1,High Risk,43.6725
ID00445,Female,18,Business,91.4,5.7,3.57,8.1,8,3.93,Excellent,Excellent,1,Low Risk,7.6324999999999985
ID00446,Female,21,Mathematics,90.9,7.8,2.89,4.4,7,3.15,Excellent,Very Good,1,Low Risk,13.807499999999997
ID00447,Female,24,Business,85.3,6.4,2.81,7.4,6,3.18,Excellent,Very Good,1,Low Risk,17.0275
ID00448,Female,22,Mathematics,98.4,6.3,3.31,7.2,9,3.95,Excellent,Excellent,1,Low Risk,6.757499999999997
ID00449,Male,21,Engineering,74.9,3.0,2.69,9.1,6,2.4,Low,Average,1,Medium Risk,30.757499999999997
ID00450,Male,24,Business,90.0,2.2,2.77,6.5,8,3.07,Excellent,Very Good,1,Low Risk,26.4625
ID00451,Female,21,Economics,61.5,5.3,2.79,8.7,11,2.68,Low,Good,1,Medium Risk,27.912499999999998
ID00452,Female,24,Economics,91.1,2.3,3.0,5.7,7,2.99,Excellent,Good,1,Low Risk,23.555000000000003
ID00453,Male,19,Computer Science,100.0,3.1,3.99,6.3,10,4.0,Excellent,Excellent,1,Low Risk,7.687499999999998
ID00454,Female,24,Mathematics,70.1,2.3,2.41,7.6,12,2.55,Low,Good,1,Medium Risk,38.167500000000004
ID00455,Male,23,Business,73.6,2.5,3.75,7.9,8,3.83,Low,Excellent,1,Medium Risk,24.067500000000003
ID00456,Male,22,Economics,74.3,5.6,3.47,6.6,12,3.47,Low,Very Good,1,Medium Risk,16.2025
ID00457,Male,21,Engineering,86.9,2.4,3.88,7.3,12,3.98,Excellent,Excellent,1,Low Risk,17.345
ID00458,Male,24,Engineering,69.1,5.6,4.0,6.8,11,4.0,Low,Excellent,1,Medium Risk,13.905000000000003
ID00459,Male,24,Computer Science,91.3,7.7,3.82,8.2,9,4.0,Excellent,Excellent,1,Low Risk,5.490000000000002
ID00460,Male,21,Engineering,97.7,2.8,3.56,6.8,8,3.81,Excellent,Excellent,1,Low Risk,13.685
ID00461,Male,22,Engineering,93.0,1.9,2.44,6.7,6,2.81,Excellent,Good,1,Medium Risk,29.199999999999996
ID00462,Female,22,Business,58.5,6.9,2.51,8.5,3,2.31,Critical,Average,1,High Risk,31.712500000000002
ID00463,Female,24,Mathematics,99.9,4.7,3.28,7.3,3,3.82,Excellent,Excellent,1,Low Risk,7.544999999999997
ID00464,Female,18,Psychology,99.1,2.4,2.25,8.0,6,2.64,Excellent,Good,1,Medium Risk,26.1175
ID00465,Female,19,Engineering,97.5,3.2,3.41,10.0,2,3.64,Excellent,Excellent,1,Low Risk,13.487499999999999
ID00466,Male,22,Engineering,90.6,5.0,2.03,4.0,3,2.45,Excellent,Average,1,Medium Risk,21.467500000000005
ID00467,Male,22,Psychology,88.3,1.3,3.68,5.5,14,3.63,Excellent,Excellent,1,Medium Risk,22.865000000000002
ID00468,Female,20,Engineering,100.0,9.6,2.94,5.6,7,3.35,Excellent,Very Good,1,Low Risk,9.274999999999999
ID00469,Male,23,Business,100.0,6.5,3.16,5.7,9,3.62,Excellent,Excellent,1,Low Risk,7.349999999999998
ID00470,Female,22,Business,70.7,4.0,2.73,9.1,7,2.48,Low,Average,1,Medium Risk,28.2975
ID00471,Male,19,Psychology,100.0,9.3,2.15,4.0,6,2.47,Excellent,Average,1,Medium Risk,16.1875
ID00472,Female,23,Economics,83.7,8.4,3.72,7.7,11,4.0,Good,Excellent,1,Low Risk,9.784999999999997
ID00473,Male,23,Engineering,83.1,3.5,3.77,4.7,4,4.0,Good,Excellent,1,Low Risk,15.617500000000003
ID00474,Female,21,Economics,62.0,3.3,2.92,7.0,8,3.13,Low,Very Good,1,Medium Risk,33.35
ID00475,Male,21,Engineering,80.7,3.4,3.43,7.4,5,3.81,Good,Excellent,1,Low Risk,20.072499999999998
ID00476,Female,21,Mathematics,70.0,5.4,2.9,8.4,12,3.1,Low,Very Good,1,Medium Risk,23.125
ID00477,Male,21,Engineering,78.0,5.2,3.24,6.6,9,3.49,Good,Very Good,1,Low Risk,16.549999999999997
ID00478,Female,20,Business,68.5,1.0,3.48,6.7,1,3.26,Low,Very Good,1,Medium Risk,34.725
ID00479,Female,22,Computer Science,78.3,5.0,3.38,4.0,6,3.34,Good,Very Good,1,Low Risk,15.190000000000003
ID00480,Male,21,Computer Science,78.9,5.0,3.77,10.0,12,3.82,Good,Excellent,1,Low Risk,11.507499999999997
ID00481,Female,24,Computer Science,86.5,3.4,3.36,7.5,8,3.54,Excellent,Excellent,1,Low Risk,18.075000000000003
ID00482,Female,18,Computer Science,60.8,4.1,3.11,7.7,10,3.09,Low,Very Good,1,Medium Risk,29.027500000000003
ID00483,Male,21,Economics,63.3,1.2,2.72,8.6,9,2.63,Low,Good,1,Medium Risk,42.915
ID00484,Female,22,Economics,90.4,1.7,2.86,6.9,12,3.03,Excellent,Very Good,1,Medium Risk,27.494999999999997
ID00485,Female,21,Engineering,73.0,2.3,3.51,7.6,12,3.65,Low,Excellent,1,Medium Risk,27.2375
ID00486,Female,20,Economics,100.0,5.5,2.35,8.1,10,2.64,Excellent,Good,1,Medium Risk,14.437499999999998
ID00487,Male,19,Engineering,88.4,7.9,3.65,4.8,5,3.98,Excellent,Excellent,1,Low Risk,8.282499999999999
ID00488,Male,19,Mathematics,94.1,5.3,2.96,7.8,7,3.26,Excellent,Very Good,1,Low Risk,11.755000000000003
ID00489,Female,22,Engineering,100.0,4.3,2.69,10.0,11,3.03,Excellent,Very Good,1,Low Risk,14.2625
ID00490,Female,24,Computer Science,80.4,6.0,2.55,9.6,7,2.85,Good,Good,1,Low Risk,21.5075
ID00491,Male,19,Psychology,76.4,0.5,3.44,9.3,11,3.11,Good,Very Good,1,Medium Risk,33.519999999999996
ID00492,Female,19,Psychology,98.1,7.6,3.09,9.9,7,3.6,Excellent,Excellent,1,Low Risk,8.817500000000003
ID00493,Male,18,Business,92.6,3.7,3.89,5.1,7,4.0,Excellent,Excellent,1,Low Risk,9.4925
ID00494,Male,22,Business,82.2,7.0,2.47,6.2,7,3.11,Good,Very Good,1,Medium Risk,21.397499999999997
ID00495,Male,24,Engineering,100.0,5.7,2.81,5.6,8,3.16,Excellent,Very Good,1,Low Risk,10.4125
ID00496,Male,22,Psychology,81.8,2.4,3.05,10.0,10,3.41,Good,Very Good,1,Low Risk,26.902500000000003
ID00497,Female,19,Computer Science,85.5,4.6,2.72,7.4,2,3.05,Excellent,Very Good,1,Low Risk,19.325
ID00498,Male,19,Economics,85.3,2.5,3.1,4.9,7,3.19,Excellent,Very Good,1,Low Risk,24.49
ID00499,Female,19,Computer Science,71.0,5.2,3.26,5.3,9,3.33,Low,Very Good,1,Medium Risk,19.525000000000002
ID00500,Female,23,Computer Science,86.2,10.2,3.34,7.2,6,4.0,Excellent,Excellent,1,Low Risk,11.985
ID00501,Female,20,Engineering,100.0,5.2,3.85,5.0,9,3.97,Excellent,Excellent,1,Low Risk,1.3124999999999991
ID00502,Male,21,Engineering,91.7,2.3,2.45,9.8,5,2.68,Excellent,Good,1,Medium Risk,28.097499999999997
ID00503,Male,20,Mathematics,85.5,6.6,3.27,8.2,7,3.52,Excellent,Excellent,1,Low Risk,12.9125
ID00504,Female,22,Computer Science,82.6,2.2,2.78,7.5,5,3.22,Good,Very Good,1,Low Risk,29.705000000000002
ID00505,Female,18,Computer Science,90.0,7.8,3.32,5.4,7,3.79,Excellent,Excellent,1,Low Risk,10.450000000000001
ID00506,Male,21,Engineering,96.2,2.0,3.32,5.0,8,3.32,Excellent,Very Good,1,Low Risk,19.66
ID00507,Female,18,Engineering,94.1,7.2,2.61,7.5,11,2.94,Excellent,Good,1,Low Risk,14.817500000000003
ID00508,Female,24,Mathematics,80.0,2.9,2.65,7.2,8,3.1,Good,Very Good,1,Low Risk,29.212500000000002
ID00509,Female,23,Mathematics,89.9,5.5,3.36,5.1,8,3.83,Excellent,Excellent,1,Low Risk,10.144999999999998
ID00510,Female,22,Business,92.2,6.6,3.11,6.9,4,3.56,Excellent,Excellent,1,Low Risk,11.2975
ID00511,Female,23,Psychology,69.9,4.5,2.99,6.9,9,2.9,Low,Good,1,Medium Risk,24.382499999999993
ID00512,Male,22,Computer Science,87.5,3.1,3.43,8.1,6,3.59,Excellent,Excellent,1,Low Risk,18.2125
ID00513,Female,18,Computer Science,52.6,4.6,3.47,10.0,9,3.25,Critical,Very Good,1,High Risk,27.567499999999995
ID00514,Female,18,Mathematics,92.2,3.7,2.84,4.0,10,3.14,Excellent,Very Good,1,Low Risk,18.86
ID00515,Male,18,Mathematics,94.9,4.0,2.67,8.2,6,3.07,Excellent,Very Good,1,Low Risk,17.932499999999997
ID00516,Male,22,Business,96.2,1.3,2.47,6.0,4,2.79,Excellent,Good,1,Medium Risk,29.897499999999997
ID00517,Male,19,Psychology,79.1,5.9,3.12,7.6,8,3.2,Good,Very Good,1,Low Risk,17.105
ID00518,Female,18,Business,89.6,4.5,2.39,7.2,4,2.7,Excellent,Good,1,Medium Risk,20.767500000000002
ID00519,Female,23,Psychology,100.0,1.1,3.15,7.8,14,3.41,Excellent,Very Good,1,Medium Risk,23.0375
ID00520,Male,24,Economics,100.0,3.2,3.71,5.1,6,3.84,Excellent,Excellent,1,Low Risk,9.7375
ID00521,Female,21,Computer Science,84.6,0.8,2.92,8.5,7,3.16,Good,Very Good,1,Medium Risk,33.18000000000001
ID00522,Male,22,Business,87.1,4.1,2.83,7.1,3,3.12,Excellent,Very Good,1,Low Risk,19.642500000000002
ID00523,Female,23,Mathematics,100.0,5.4,4.0,9.1,7,4.0,Excellent,Excellent,1,Low Risk,0.0
ID00524,Female,20,Business,62.5,2.6,3.85,9.4,10,3.55,Low,Excellent,1,Medium Risk,27.7875
ID00525,Female,24,Economics,80.2,2.5,2.72,7.4,9,2.84,Good,Good,1,Low Risk,30.109999999999996
ID00526,Male,20,Business,100.0,3.1,3.17,8.5,7,3.23,Excellent,Very Good,1,Low Risk,14.8625
ID00527,Male,21,Computer Science,99.6,2.5,3.26,8.4,8,3.37,Excellent,Very Good,1,Low Risk,16.655000000000005
ID00528,Male,19,Economics,90.5,2.2,3.2,9.0,7,3.21,Excellent,Very Good,1,Low Risk,22.474999999999998
ID00529,Male,18,Mathematics,62.4,1.0,4.0,8.9,3,3.78,Low,Excellent,1,Medium Risk,32.92
ID00530,Female,22,Mathematics,84.3,2.4,3.14,5.3,3,3.22,Good,Very Good,1,Low Risk,24.990000000000002
ID00531,Female,23,Engineering,76.2,1.3,3.22,7.4,12,3.04,Good,Very Good,1,Medium Risk,32.334999999999994
ID00532,Female,18,Economics,90.0,7.6,3.44,4.9,4,3.85,Excellent,Excellent,1,Low Risk,9.4
ID00533,Female,23,Engineering,72.9,8.3,3.69,6.2,10,4.0,Low,Excellent,1,Medium Risk,14.907499999999999
ID00534,Female,22,Engineering,69.6,5.2,3.57,6.3,3,3.78,Low,Excellent,1,Medium Risk,17.442500000000003
ID00535,Female,20,Computer Science,54.0,7.3,3.37,7.9,9,3.44,Critical,Very Good,1,High Risk,26.2125
ID00536,Female,18,Business,100.0,2.3,2.32,6.7,12,2.78,Excellent,Good,1,Medium Risk,25.5
ID00537,Female,21,Mathematics,79.0,5.4,2.86,6.8,7,2.78,Good,Good,1,Low Risk,19.425000000000004
ID00538,Male,19,Mathematics,87.4,5.3,3.51,8.5,7,3.9,Excellent,Excellent,1,Low Risk,9.9575
ID00539,Male,21,Business,85.0,4.7,3.23,8.3,7,3.36,Excellent,Very Good,1,Low Risk,14.6875
ID00540,Male,19,Mathematics,69.0,3.0,3.51,7.4,17,3.38,Low,Very Good,1,Medium Risk,26.237500000000004
ID00541,Female,24,Business,66.1,3.9,4.0,8.1,6,3.84,Low,Excellent,1,Medium Risk,19.655000000000005
ID00542,Female,23,Economics,69.9,4.6,2.51,8.0,6,2.53,Low,Good,1,Medium Risk,28.1825
ID00543,Male,18,Computer Science,74.2,4.5,3.67,9.9,11,3.84,Low,Excellent,1,Medium Risk,16.497500000000002
ID00544,Female,18,Computer Science,90.5,2.1,2.93,6.7,6,3.33,Excellent,Very Good,1,Low Risk,25.237499999999997
ID00545,Female,24,Computer Science,73.1,8.0,3.57,5.9,8,3.54,Low,Excellent,1,Medium Risk,15.867500000000003
ID00546,Male,19,Business,100.0,4.1,3.08,7.3,10,3.25,Excellent,Very Good,1,Low Risk,11.65
ID00547,Male,20,Business,100.0,6.1,4.0,5.6,11,4.0,Excellent,Excellent,1,Low Risk,0.0
ID00548,Female,22,Psychology,97.1,2.8,3.17,6.4,7,3.29,Excellent,Very Good,1,Low Risk,17.367500000000007
ID00549,Male,21,Mathematics,83.2,5.2,2.78,7.7,10,3.33,Good,Very Good,1,Low Risk,18.235
ID00550,Female,24,Mathematics,100.0,4.3,3.31,6.2,7,3.84,Excellent,Excellent,1,Low Risk,8.8375
ID00551,Male,23,Psychology,81.7,2.2,3.26,6.7,4,3.33,Good,Very Good,1,Low Risk,25.91
ID00552,Female,24,Psychology,84.5,4.0,3.67,6.6,9,3.91,Good,Excellent,1,Low Risk,13.8625
ID00553,Female,21,Computer Science,87.5,3.3,3.32,6.4,11,3.44,Excellent,Very Good,1,Low Risk,18.375
ID00554,Female,21,Psychology,95.5,3.5,4.0,5.4,9,4.0,Excellent,Excellent,1,Low Risk,8.025
ID00555,Female,23,Business,94.6,6.7,3.04,8.5,9,3.44,Excellent,Very Good,1,Low Risk,10.830000000000002
ID00556,Male,23,Engineering,77.9,3.7,3.05,9.1,4,3.08,Good,Very Good,1,Low Risk,23.4575
ID00557,Male,18,Business,77.0,6.5,2.8,8.4,2,2.87,Good,Good,1,Low Risk,20.85
ID00558,Male,21,Psychology,94.6,5.5,3.14,8.4,9,3.42,Excellent,Very Good,1,Low Risk,9.955000000000002
ID00559,Female,22,Mathematics,95.7,4.2,3.22,6.4,12,3.46,Excellent,Very Good,1,Low Risk,11.959999999999997
ID00560,Female,22,Business,79.1,6.9,3.24,7.3,9,3.33,Good,Very Good,1,Low Risk,16.055
ID00561,Female,19,Mathematics,61.2,6.6,3.13,5.8,6,3.24,Low,Very Good,1,Medium Risk,25.0725
ID00562,Male,24,Business,81.9,4.2,2.8,6.8,8,3.3,Good,Very Good,1,Low Risk,21.844999999999995
ID00563,Male,23,Mathematics,94.4,4.4,2.66,6.9,9,2.99,Excellent,Good,1,Low Risk,16.644999999999996
ID00564,Male,18,Economics,100.0,7.0,2.91,4.9,7,3.49,Excellent,Very Good,1,Low Risk,9.537499999999998
ID00565,Male,22,Business,67.0,5.7,3.67,7.2,14,3.63,Low,Excellent,1,Medium Risk,17.7375
ID00566,Female,20,Mathematics,78.6,8.0,3.78,6.2,6,4.0,Good,Excellent,1,Low Risk,11.555000000000005
ID00567,Male,18,Engineering,79.2,3.6,3.06,7.4,15,3.03,Good,Very Good,1,Low Risk,23.185000000000002
ID00568,Male,18,Computer Science,100.0,1.8,2.63,6.6,10,3.02,Excellent,Very Good,1,Medium Risk,24.7875
ID00569,Female,22,Business,84.5,2.5,3.06,7.5,10,3.5,Good,Excellent,1,Low Risk,25.2
ID00570,Male,20,Engineering,71.4,1.0,4.0,8.0,9,3.98,Low,Excellent,1,Medium Risk,28.869999999999997
ID00571,Male,19,Computer Science,93.4,2.4,3.6,5.1,7,3.71,Excellent,Excellent,1,Low Risk,16.869999999999997
ID00572,Female,22,Business,78.9,5.6,3.38,6.5,11,3.49,Good,Very Good,1,Low Risk,14.919999999999998
ID00573,Male,20,Engineering,66.6,3.7,3.58,6.0,7,3.64,Low,Excellent,1,Medium Risk,23.905
ID00574,Female,18,Engineering,71.6,2.2,3.87,8.8,12,3.71,Low,Excellent,1,Medium Risk,25.1175
ID00575,Female,20,Economics,100.0,2.8,2.52,9.5,13,2.83,Excellent,Good,1,Low Risk,21.75
ID00576,Female,18,Engineering,90.8,4.7,2.9,7.1,3,3.39,Excellent,Very Good,1,Low Risk,14.965
ID00577,Male,24,Economics,86.6,2.9,2.84,7.6,7,2.94,Excellent,Good,1,Low Risk,24.580000000000005
ID00578,Female,22,Psychology,81.3,3.4,3.39,4.8,10,3.47,Good,Very Good,1,Low Risk,20.1525
ID00579,Male,23,Mathematics,89.4,1.4,3.18,7.5,7,3.35,Excellent,Very Good,1,Medium Risk,26.345
ID00580,Male,22,Computer Science,89.2,7.5,3.48,6.6,7,4.0,Excellent,Excellent,1,Low Risk,9.409999999999998
ID00581,Male,24,Mathematics,89.4,8.1,2.85,9.0,16,2.9,Excellent,Good,1,Low Risk,14.832499999999996
ID00582,Female,21,Mathematics,86.7,2.3,3.79,6.7,8,3.98,Excellent,Excellent,1,Low Risk,18.6225
ID00583,Male,21,Economics,98.0,3.2,3.07,5.8,9,3.26,Excellent,Very Good,1,Low Risk,16.2375
ID00584,Male,21,Mathematics,85.3,0.9,3.45,5.0,9,3.58,Excellent,Excellent,1,Medium Risk,27.8275
ID00585,Female,22,Engineering,70.3,7.1,3.7,7.3,13,4.0,Low,Excellent,1,Medium Risk,15.99
ID00586,Male,19,Economics,75.8,1.7,3.66,6.2,8,3.72,Good,Excellent,1,Medium Risk,27.064999999999998
ID00587,Male,22,Mathematics,55.3,3.9,3.28,8.8,4,2.87,Critical,Good,1,High Risk,30.815000000000005
ID00588,Male,24,Economics,100.0,2.0,3.51,7.9,7,3.87,Excellent,Excellent,1,Low Risk,16.2875
ID00589,Male,24,Psychology,97.9,3.9,3.97,6.8,9,4.0,Excellent,Excellent,1,Low Risk,5.607499999999997
ID00590,Male,23,Economics,72.5,6.4,3.36,7.9,8,3.54,Low,Excellent,1,Medium Risk,17.975
ID00591,Male,20,Business,80.8,5.4,2.74,9.6,6,2.98,Good,Good,1,Low Risk,19.665
ID00592,Female,22,Engineering,75.4,5.7,3.39,5.3,3,3.6,Good,Excellent,1,Low Risk,16.4075
ID00593,Male,22,Computer Science,100.0,1.5,3.08,6.0,9,3.49,Excellent,Very Good,1,Medium Risk,22.049999999999997
ID00594,Male,18,Business,63.7,3.8,1.93,9.9,6,1.76,Low,Poor,0,High Risk,39.2475
ID00595,Female,24,Business,86.7,10.9,3.33,5.9,6,4.0,Excellent,Excellent,1,Low Risk,11.847499999999998
ID00596,Male,18,Business,83.4,4.5,3.16,8.0,8,3.35,Good,Very Good,1,Low Risk,16.819999999999997
ID00597,Female,18,Mathematics,97.4,4.0,3.68,8.8,2,3.73,Excellent,Excellent,1,Low Risk,7.969999999999996
ID00598,Male,22,Economics,83.4,3.4,2.72,7.0,7,2.98,Good,Good,1,Low Risk,25.069999999999993
ID00599,Male,19,Economics,58.6,4.3,2.35,8.0,3,2.1,Critical,Average,1,High Risk,35.86749999999999
ID00600,Male,20,Mathematics,81.2,3.9,3.18,6.6,8,3.54,Good,Excellent,1,Low Risk,20.035
ID00601,Male,20,Engineering,70.4,9.8,3.29,9.7,5,3.48,Low,Very Good,1,Medium Risk,19.5325
ID00602,Male,24,Mathematics,86.2,6.1,3.15,6.3,7,3.46,Excellent,Very Good,1,Low Risk,13.6475
ID00603,Male,23,Mathematics,100.0,3.6,3.11,5.6,9,3.28,Excellent,Very Good,1,Low Risk,13.3875
ID00604,Male,24,Mathematics,58.9,6.0,2.57,8.3,9,2.45,Critical,Average,1,High Risk,31.0075
ID00605,Male,19,Engineering,73.0,2.4,3.03,8.1,12,2.83,Low,Good,1,Medium Risk,31.0375
ID00606,Male,19,Engineering,76.7,3.9,2.93,7.2,8,3.01,Good,Very Good,1,Low Risk,24.2475
ID00607,Male,20,Psychology,79.3,2.9,3.64,7.0,5,3.71,Good,Excellent,1,Low Risk,20.865000000000002
ID00608,Male,21,Psychology,96.1,5.7,3.29,6.3,11,3.82,Excellent,Excellent,1,Low Risk,7.967500000000002
ID00609,Male,18,Psychology,82.4,3.7,2.96,5.9,7,3.19,Good,Very Good,1,Low Risk,22.219999999999995
ID00610,Female,18,Psychology,91.2,4.2,3.96,6.1,5,4.0,Excellent,Excellent,1,Low Risk,7.509999999999998
ID00611,Male,20,Economics,75.6,3.5,2.97,7.5,10,3.16,Good,Very Good,1,Low Risk,25.9925
ID00612,Female,24,Business,88.4,4.8,3.38,6.7,6,3.67,Excellent,Excellent,1,Low Risk,11.445
ID00613,Female,19,Business,96.7,5.8,3.02,4.8,3,3.3,Excellent,Very Good,1,Low Risk,10.059999999999999
ID00614,Male,24,Psychology,74.0,8.1,3.92,6.4,7,4.0,Low,Excellent,1,Medium Risk,12.400000000000002
ID00615,Female,23,Psychology,96.7,3.3,3.14,6.7,14,3.56,Excellent,Excellent,1,Low Risk,15.809999999999999
ID00616,Female,21,Computer Science,85.8,2.1,3.16,7.8,7,3.57,Excellent,Excellent,1,Low Risk,25.339999999999996
ID00617,Male,20,Business,100.0,5.0,3.03,7.4,10,3.24,Excellent,Very Good,1,Low Risk,8.4875
ID00618,Male,18,Computer Science,82.0,1.7,3.2,9.6,3,3.48,Good,Very Good,1,Medium Risk,28.299999999999997
ID00619,Female,22,Computer Science,90.7,3.3,3.7,5.5,9,4.0,Excellent,Excellent,1,Low Risk,13.609999999999998
ID00620,Female,24,Mathematics,84.4,1.4,3.52,7.8,4,3.75,Good,Excellent,1,Medium Risk,25.619999999999997
ID00621,Male,19,Economics,83.6,14.0,3.11,8.0,8,3.82,Good,Excellent,1,Low Risk,15.167500000000004
ID00622,Male,22,Engineering,88.9,7.5,3.95,7.4,6,4.0,Excellent,Excellent,1,Low Risk,5.432499999999996
ID00623,Male,23,Business,93.1,7.1,3.54,6.6,3,3.92,Excellent,Excellent,1,Low Risk,7.130000000000003
ID00624,Male,20,Psychology,66.3,8.3,2.88,6.0,6,3.33,Low,Very Good,1,Medium Risk,24.965000000000003
ID00625,Female,24,Psychology,100.0,6.7,2.41,6.9,10,2.98,Excellent,Good,1,Medium Risk,13.9125
ID00626,Male,18,Engineering,57.1,4.5,2.89,4.3,8,2.6,Critical,Good,1,High Risk,31.0175
ID00627,Male,24,Business,74.7,4.6,3.31,5.6,9,3.42,Low,Very Good,1,Medium Risk,19.0225
ID00628,Female,21,Psychology,83.6,7.9,3.4,5.5,8,3.86,Good,Excellent,1,Low Risk,12.630000000000003
ID00629,Male,22,Psychology,91.2,8.2,3.78,7.8,9,4.0,Excellent,Excellent,1,Low Risk,5.885000000000001
ID00630,Male,21,Mathematics,100.0,2.2,2.55,7.9,9,2.71,Excellent,Good,1,Low Risk,23.887500000000003
ID00631,Female,23,Computer Science,57.1,3.6,2.88,5.4,10,2.7,Critical,Good,1,High Risk,34.705
ID00632,Female,18,Psychology,77.4,4.2,2.51,5.0,3,2.61,Good,Good,1,Low Risk,26.4075
ID00633,Male,22,Economics,53.1,6.8,2.43,4.8,9,2.39,Critical,Average,1,High Risk,34.8425
ID00634,Male,23,Business,85.5,2.4,2.79,8.5,8,2.8,Excellent,Good,1,Low Risk,27.512499999999996
ID00635,Male,21,Economics,89.1,2.3,3.28,8.4,10,3.34,Excellent,Very Good,1,Low Risk,22.005000000000003
ID00636,Male,21,Engineering,100.0,1.6,3.49,8.0,9,3.55,Excellent,Excellent,1,Medium Risk,18.0625
ID00637,Male,22,Mathematics,86.8,2.9,2.63,9.3,10,2.95,Excellent,Good,1,Low Risk,26.327500000000004
ID00638,Male,18,Business,100.0,3.2,2.7,9.7,5,2.78,Excellent,Good,1,Low Risk,18.574999999999996
ID00639,Male,21,Mathematics,93.8,9.1,2.21,5.5,7,2.68,Excellent,Good,1,Medium Risk,18.4525
ID00640,Male,20,Computer Science,78.5,6.4,3.21,6.4,8,3.29,Good,Very Good,1,Low Risk,16.5875
ID00641,Male,23,Psychology,63.9,6.8,2.73,8.2,4,2.99,Low,Good,1,Medium Risk,27.3575
ID00642,Male,22,Business,89.1,2.0,3.93,4.0,11,4.0,Excellent,Excellent,1,Low Risk,17.517500000000002
ID00643,Male,19,Engineering,62.6,3.5,3.3,6.6,3,3.44,Low,Very Good,1,Medium Risk,28.955
ID00644,Male,19,Computer Science,100.0,5.9,3.01,8.4,15,3.4,Excellent,Very Good,1,Low Risk,8.662500000000001
ID00645,Male,18,Computer Science,82.6,4.3,2.78,6.5,9,3.19,Good,Very Good,1,Low Risk,21.305000000000003
ID00646,Female,20,Mathematics,100.0,5.4,2.35,8.1,6,2.62,Excellent,Good,1,Medium Risk,14.437499999999998
ID00647,Female,21,Computer Science,77.8,1.7,2.42,4.0,13,2.15,Good,Average,1,Medium Risk,37.015
ID00648,Female,19,Business,89.0,4.2,2.79,7.4,13,3.09,Excellent,Very Good,1,Low Risk,18.737499999999997
ID00649,Female,18,Mathematics,88.1,6.1,2.75,6.3,7,3.12,Excellent,Very Good,1,Low Risk,16.292500000000004
ID00650,Male,23,Computer Science,84.3,2.1,2.6,6.7,8,2.93,Good,Good,1,Low Risk,30.915
ID00651,Male,20,Engineering,78.5,1.2,3.29,5.6,5,3.07,Good,Very Good,1,Medium Risk,31.0875
ID00652,Male,20,Economics,90.9,2.0,3.36,9.4,5,3.53,Excellent,Excellent,1,Low Risk,21.695
ID00653,Female,24,Business,71.1,7.8,2.87,7.1,13,3.22,Low,Very Good,1,Medium Risk,22.8925
ID00654,Female,18,Engineering,66.9,1.8,4.0,7.2,7,3.85,Low,Excellent,1,Medium Risk,27.695
ID00655,Male,18,Engineering,100.0,4.0,2.23,10.0,9,2.45,Excellent,Average,1,Medium Risk,19.487499999999997
ID00656,Male,24,Mathematics,95.9,1.1,3.13,5.6,6,3.24,Excellent,Very Good,1,Medium Risk,25.057499999999997
ID00657,Male,21,Psychology,86.0,2.3,2.99,7.2,8,3.08,Excellent,Very Good,1,Low Risk,25.937499999999996
ID00658,Male,18,Mathematics,100.0,4.5,2.82,6.0,6,3.06,Excellent,Very Good,1,Low Risk,12.325000000000001
ID00659,Female,24,Business,81.0,4.0,2.75,5.9,13,2.83,Good,Good,1,Low Risk,23.4875
ID00660,Female,21,Business,100.0,7.1,3.1,7.5,6,3.71,Excellent,Excellent,1,Low Risk,7.874999999999998
ID00661,Male,21,Mathematics,87.6,5.0,2.99,6.6,7,3.31,Excellent,Very Good,1,Low Risk,14.4175
ID00662,Female,22,Psychology,69.6,2.1,2.9,10.0,10,2.72,Low,Good,1,Medium Risk,34.905
ID00663,Female,20,Mathematics,100.0,3.5,2.45,9.7,6,2.74,Excellent,Good,1,Medium Risk,19.562499999999996
ID00664,Male,23,Business,99.9,3.1,2.29,6.8,9,2.78,Excellent,Good,1,Medium Risk,22.607499999999998
ID00665,Male,20,Psychology,83.2,0.8,2.96,4.7,9,3.17,Good,Very Good,1,Medium Risk,33.46
ID00666,Male,20,Business,95.9,9.3,2.9,6.6,4,3.34,Excellent,Very Good,1,Low Risk,11.469999999999997
ID00667,Male,22,Psychology,78.9,4.1,3.0,8.6,4,2.88,Good,Good,1,Low Risk,21.845
ID00668,Male,21,Psychology,97.4,4.5,3.05,5.7,10,3.14,Excellent,Very Good,1,Low Risk,11.482499999999998
ID00669,Male,21,Mathematics,49.1,5.8,2.84,9.4,12,2.4,Critical,Average,1,High Risk,33.055
ID00670,Male,18,Mathematics,69.7,5.9,2.99,7.9,13,2.99,Low,Good,1,Medium Risk,22.472499999999997
ID00671,Male,22,Mathematics,99.7,6.2,2.67,5.2,8,2.96,Excellent,Good,1,Low Risk,11.772499999999997
ID00672,Female,18,Psychology,81.3,3.2,3.86,6.0,12,4.0,Good,Excellent,1,Low Risk,16.840000000000003
ID00673,Male,22,Psychology,88.1,2.9,2.7,6.2,9,2.94,Excellent,Good,1,Low Risk,25.130000000000003
ID00674,Male,18,Business,64.8,7.3,2.91,5.8,6,3.15,Low,Very Good,1,Medium Risk,25.377499999999998
ID00675,Male,19,Engineering,100.0,9.4,2.74,5.3,9,3.38,Excellent,Very Good,1,Low Risk,11.024999999999997
ID00676,Female,24,Mathematics,100.0,1.1,2.73,6.1,5,2.88,Excellent,Good,1,Medium Risk,26.7125
ID00677,Male,20,Economics,82.0,7.1,3.11,6.4,12,3.68,Good,Excellent,1,Low Risk,15.8875
ID00678,Male,20,Business,78.9,3.5,3.05,8.9,9,2.92,Good,Good,1,Low Risk,23.807499999999997
ID00679,Female,23,Business,100.0,3.8,2.87,7.7,14,3.16,Excellent,Very Good,1,Low Risk,14.687499999999998
ID00680,Female,24,Computer Science,100.0,0.5,2.96,7.7,9,3.21,Excellent,Very Good,1,Medium Risk,27.1
ID00681,Female,21,Mathematics,99.3,4.0,2.74,7.5,5,3.04,Excellent,Very Good,1,Low Risk,15.339999999999998
ID00682,Male,23,Business,100.0,2.8,3.3,5.8,6,3.51,Excellent,Excellent,1,Low Risk,14.925000000000004
ID00683,Male,19,Computer Science,71.2,0.7,4.0,8.7,5,3.63,Low,Excellent,1,Medium Risk,30.159999999999997
ID00684,Female,23,Economics,72.7,7.7,2.66,6.3,4,2.91,Low,Good,1,Medium Risk,24.009999999999998
ID00685,Female,20,Economics,67.2,4.5,3.3,6.5,5,3.47,Low,Very Good,1,Medium Risk,22.885
ID00686,Female,21,Mathematics,91.6,4.9,3.12,7.6,6,3.67,Excellent,Excellent,1,Low Risk,11.879999999999999
ID00687,Female,19,Psychology,87.6,7.6,3.43,10.0,11,3.72,Excellent,Excellent,1,Low Risk,10.5675
ID00688,Male,20,Computer Science,82.7,5.9,3.45,6.2,6,3.86,Good,Excellent,1,Low Risk,12.597499999999997
ID00689,Female,24,Psychology,97.1,1.6,3.2,4.6,5,3.32,Excellent,Very Good,1,Medium Risk,21.905
ID00690,Male,18,Economics,100.0,6.7,3.08,7.4,9,3.73,Excellent,Excellent,1,Low Risk,8.049999999999999
ID00691,Male,22,Economics,62.1,1.3,2.88,8.0,6,2.7,Low,Good,1,Medium Risk,41.655
ID00692,Male,19,Engineering,76.0,5.7,2.72,6.3,9,2.72,Good,Good,1,Low Risk,22.0
ID00693,Male,21,Engineering,97.3,10.5,3.05,6.1,15,3.58,Excellent,Excellent,1,Low Risk,9.527500000000002
ID00694,Male,23,Engineering,78.0,5.7,2.46,5.1,8,2.36,Good,Average,1,Medium Risk,23.375
ID00695,Male,24,Engineering,73.0,3.2,2.8,7.5,5,2.96,Low,Good,1,Medium Risk,29.849999999999998
ID00696,Female,23,Business,100.0,10.3,3.65,9.9,7,4.0,Excellent,Excellent,1,Low Risk,3.0625000000000004
ID00697,Male,19,Engineering,65.7,4.5,3.15,9.6,10,3.09,Low,Very Good,1,Medium Risk,24.8725
ID00698,Female,24,Business,80.5,2.1,3.55,7.5,9,3.95,Good,Excellent,1,Low Risk,24.3125
ID00699,Male,21,Business,89.9,2.7,3.83,6.4,10,4.0,Excellent,Excellent,1,Low Risk,15.232499999999998
ID00700,Male,19,Mathematics,76.4,2.6,3.01,7.6,7,3.16,Good,Very Good,1,Low Risk,28.8825
ID00701,Male,21,Business,96.7,11.7,3.2,6.5,9,4.0,Excellent,Excellent,1,Low Risk,8.484999999999998
ID00702,Male,23,Business,76.5,5.6,2.95,6.0,8,2.89,Good,Good,1,Low Risk,19.7625
ID00703,Male,20,Engineering,100.0,5.8,2.69,7.2,10,3.12,Excellent,Very Good,1,Low Risk,11.462499999999999
ID00704,Male,24,Business,83.1,5.2,2.62,8.9,14,3.07,Good,Very Good,1,Low Risk,19.680000000000003
ID00705,Male,18,Psychology,95.1,4.7,3.52,6.7,4,3.86,Excellent,Excellent,1,Low Risk,7.605000000000001
ID00706,Female,20,Engineering,96.2,3.0,3.2,6.7,9,3.69,Excellent,Excellent,1,Low Risk,16.709999999999997
ID00707,Male,18,Computer Science,75.6,1.8,4.0,6.6,11,4.0,Good,Excellent,1,Medium Risk,23.78
ID00708,Female,23,Engineering,54.2,4.9,3.59,8.2,10,3.39,Critical,Very Good,1,High Risk,24.5975
ID00709,Male,24,Business,90.4,10.1,2.73,8.3,7,3.14,Excellent,Very Good,1,Low Risk,15.432499999999997
ID00710,Female,20,Psychology,86.1,4.8,3.52,5.4,6,3.65,Excellent,Excellent,1,Low Risk,11.255000000000003
ID00711,Female,20,Engineering,93.3,8.1,2.95,6.7,7,3.56,Excellent,Excellent,1,Low Risk,12.2025
ID00712,Female,19,Psychology,81.6,1.1,3.71,8.7,9,3.88,Good,Excellent,1,Medium Risk,26.417500000000004
ID00713,Male,22,Computer Science,78.5,4.8,2.86,6.5,8,2.81,Good,Good,1,Low Risk,20.450000000000003
ID00714,Male,23,Economics,100.0,2.8,2.57,9.1,12,2.9,Excellent,Good,1,Low Risk,21.312500000000004
ID00715,Male,21,Computer Science,62.9,2.0,2.7,8.0,9,2.8,Low,Good,1,Medium Risk,40.06999999999999
ID00716,Female,23,Economics,96.0,8.9,2.73,9.6,7,3.19,Excellent,Very Good,1,Low Risk,12.9125
ID00717,Female,21,Mathematics,76.4,3.1,2.68,6.5,6,2.73,Good,Good,1,Low Risk,29.769999999999996
ID00718,Female,24,Economics,80.0,5.6,2.81,8.1,9,3.14,Good,Very Good,1,Low Risk,19.4125
ID00719,Male,21,Mathematics,80.2,3.8,3.53,8.1,9,3.58,Good,Excellent,1,Low Risk,17.8225
ID00720,Female,18,Engineering,72.9,1.6,4.0,8.6,8,3.67,Low,Excellent,1,Medium Risk,25.795
ID00721,Female,21,Mathematics,93.6,6.1,2.43,7.5,4,3.0,Excellent,Very Good,1,Medium Risk,16.6175
ID00722,Male,21,Psychology,100.0,3.2,3.73,8.7,4,3.94,Excellent,Excellent,1,Low Risk,9.5625
ID00723,Male,19,Mathematics,92.1,6.6,2.86,6.1,6,3.38,Excellent,Very Good,1,Low Risk,13.530000000000005
ID00724,Female,20,Psychology,86.6,2.3,3.27,6.9,8,3.58,Excellent,Excellent,1,Low Risk,23.2175
ID00725,Female,23,Economics,70.2,2.9,2.27,4.8,3,2.12,Low,Average,1,Medium Risk,36.947500000000005
ID00726,Female,23,Economics,92.8,5.5,3.36,6.6,5,3.6,Excellent,Excellent,1,Low Risk,8.840000000000002
ID00727,Male,24,Economics,100.0,2.4,2.1,5.7,8,2.38,Excellent,Average,1,Medium Risk,27.025
ID00728,Female,24,Mathematics,79.3,6.0,3.26,7.5,6,3.4,Good,Very Good,1,Low Risk,15.790000000000003
ID00729,Male,21,Economics,79.4,0.9,3.23,8.5,7,2.88,Good,Good,1,Medium Risk,32.4075
ID00730,Male,22,Mathematics,76.6,1.8,3.2,7.8,6,2.95,Good,Good,1,Medium Risk,30.330000000000002
ID00731,Male,23,Mathematics,77.7,4.2,2.73,8.2,8,2.5,Good,Good,1,Low Risk,24.347499999999997
ID00732,Female,24,Business,43.8,5.8,3.37,7.1,8,3.02,Critical,Very Good,1,High Risk,30.802500000000002
ID00733,Female,21,Business,91.1,4.3,3.3,6.8,10,3.53,Excellent,Excellent,1,Low Risk,12.930000000000003
ID00734,Male,24,Mathematics,72.3,5.4,3.0,5.2,9,2.91,Low,Good,1,Medium Risk,21.215000000000003
ID00735,Male,18,Psychology,60.8,3.1,3.44,4.1,16,2.94,Low,Good,1,Medium Risk,30.14
ID00736,Female,18,Engineering,96.3,0.9,3.05,4.7,10,3.2,Excellent,Very Good,1,Medium Risk,26.377500000000005
ID00737,Male,24,Computer Science,68.8,3.3,3.36,6.0,6,3.27,Low,Very Good,1,Medium Risk,26.44
ID00738,Female,18,Business,79.9,3.4,3.04,8.4,8,3.03,Good,Very Good,1,Low Risk,23.845
ID00739,Male,24,Mathematics,100.0,7.7,3.21,5.2,5,3.77,Excellent,Excellent,1,Low Risk,6.9125
ID00740,Male,21,Computer Science,63.9,6.0,3.39,5.8,9,3.39,Low,Very Good,1,Medium Risk,21.5825
ID00741,Male,19,Business,62.0,1.9,2.9,6.3,10,2.93,Low,Good,1,Medium Risk,39.125
ID00742,Male,22,Engineering,89.0,0.7,2.48,8.9,11,2.41,Excellent,Average,1,Medium Risk,35.45
ID00743,Female,21,Psychology,100.0,3.7,3.24,6.9,7,3.51,Excellent,Excellent,1,Low Risk,11.849999999999996
ID00744,Male,19,Mathematics,61.4,2.8,3.69,7.2,4,3.75,Low,Excellent,1,Medium Risk,28.882500000000007
ID00745,Male,19,Engineering,91.1,9.7,3.25,7.6,5,4.0,Excellent,Excellent,1,Low Risk,10.567500000000003
ID00746,Female,23,Business,93.7,7.8,3.26,9.1,6,3.75,Excellent,Excellent,1,Low Risk,9.31
ID00747,Male,21,Mathematics,54.1,1.6,3.08,7.1,14,2.66,Critical,Good,1,High Risk,42.305
ID00748,Male,21,Computer Science,97.0,5.9,3.47,4.4,10,3.74,Excellent,Excellent,1,Low Risk,5.987499999999997
ID00749,Female,24,Economics,98.1,5.3,3.01,7.2,8,3.38,Excellent,Very Good,1,Low Risk,9.517500000000004
ID00750,Female,19,Psychology,80.3,5.2,2.87,9.2,9,3.24,Good,Very Good,1,Low Risk,18.752499999999998
ID00751,Male,19,Business,100.0,14.0,3.65,8.0,7,4.0,Excellent,Excellent,1,Low Risk,3.0625000000000004
ID00752,Female,19,Psychology,100.0,3.8,2.83,7.3,14,3.16,Excellent,Very Good,1,Low Risk,15.0375
ID00753,Female,24,Mathematics,86.5,6.3,3.54,7.5,9,4.0,Excellent,Excellent,1,Low Risk,10.1
ID00754,Male,23,Economics,78.2,6.8,3.65,4.2,5,3.64,Good,Excellent,1,Low Risk,12.872499999999999
ID00755,Male,21,Engineering,70.4,5.0,3.38,4.0,9,3.47,Low,Very Good,1,Medium Risk,18.744999999999997
ID00756,Female,19,Psychology,84.4,9.6,2.48,8.3,6,3.11,Good,Very Good,1,Medium Risk,20.319999999999997
ID00757,Female,18,Computer Science,93.5,4.5,3.11,8.9,8,3.53,Excellent,Excellent,1,Low Risk,12.7125
ID00758,Male,21,Business,80.1,6.6,3.0,6.1,9,3.29,Good,Very Good,1,Low Risk,17.705000000000005
ID00759,Female,24,Computer Science,52.0,2.6,2.85,7.3,9,2.38,Critical,Average,1,High Risk,41.2625
ID00760,Female,23,Psychology,100.0,1.8,3.17,7.9,6,3.59,Excellent,Excellent,1,Medium Risk,20.0625
ID00761,Male,18,Economics,87.9,5.5,3.48,9.5,5,3.66,Excellent,Excellent,1,Low Risk,9.994999999999997
ID00762,Male,24,Engineering,79.3,3.9,2.87,6.9,20,2.61,Good,Good,1,Low Risk,23.602500000000003
ID00763,Male,20,Engineering,97.9,4.1,3.01,8.1,4,3.13,Excellent,Very Good,1,Low Risk,13.2075
ID00764,Female,21,Computer Science,100.0,3.3,2.98,10.0,6,3.32,Excellent,Very Good,1,Low Risk,15.725
ID00765,Male,20,Mathematics,43.0,6.5,3.68,6.6,8,3.39,Critical,Very Good,1,High Risk,28.45
ID00766,Female,24,Mathematics,91.5,4.5,2.97,7.1,3,3.18,Excellent,Very Good,1,Low Risk,14.837499999999999
ID00767,Female,24,Economics,63.6,12.5,2.48,5.3,6,2.86,Low,Good,1,Medium Risk,29.68
ID00768,Female,24,Engineering,92.5,4.4,2.31,5.4,8,2.48,Excellent,Average,1,Medium Risk,20.5625
ID00769,Male,19,Computer Science,86.9,5.1,3.28,8.3,8,3.65,Excellent,Excellent,1,Low Risk,12.194999999999999
ID00770,Female,23,Computer Science,94.5,6.9,2.72,8.8,5,3.19,Excellent,Very Good,1,Low Risk,13.674999999999997
ID00771,Male,19,Computer Science,77.5,5.5,3.43,8.7,9,3.49,Good,Very Good,1,Low Risk,15.112499999999997
ID00772,Female,23,Psychology,56.9,1.9,2.43,5.5,5,2.11,Critical,Average,1,High Risk,45.53249999999999
ID00773,Male,22,Economics,78.2,3.6,2.83,6.7,8,2.94,Good,Good,1,Low Risk,25.6475
ID00774,Male,19,Mathematics,91.1,2.5,2.43,7.7,4,2.58,Excellent,Good,1,Medium Risk,27.7425
ID00775,Female,20,Mathematics,100.0,5.3,3.32,4.0,9,3.47,Excellent,Very Good,1,Low Risk,5.950000000000001
ID00776,Male,23,Psychology,67.4,4.7,3.42,7.7,8,3.6,Low,Excellent,1,Medium Risk,20.944999999999997
ID00777,Male,19,Business,100.0,6.7,3.27,9.8,9,3.75,Excellent,Excellent,1,Low Risk,6.387499999999999
ID00778,Female,21,Psychology,75.3,7.2,2.56,8.7,8,2.81,Good,Good,1,Low Risk,23.715000000000003
ID00779,Female,24,Economics,90.4,2.5,2.73,4.0,9,2.79,Excellent,Good,1,Low Risk,25.432499999999997
ID00780,Female,23,Computer Science,77.4,7.1,3.22,7.6,9,3.31,Good,Very Good,1,Low Risk,16.994999999999997
ID00781,Female,23,Psychology,87.7,7.8,2.26,7.3,14,2.83,Excellent,Good,1,Medium Risk,20.76
ID00782,Male,19,Computer Science,98.4,2.1,2.98,7.4,11,3.1,Excellent,Very Good,1,Low Risk,21.244999999999997
ID00783,Male,22,Economics,66.6,5.1,3.86,7.2,10,3.88,Low,Excellent,1,Medium Risk,16.255000000000003
ID00784,Male,19,Economics,74.8,8.6,3.01,6.5,7,3.41,Low,Very Good,1,Medium Risk,20.002500000000005
ID00785,Male,20,Engineering,87.8,3.6,2.36,4.0,11,2.52,Excellent,Good,1,Medium Risk,25.439999999999998
ID00786,Female,20,Computer Science,100.0,4.1,2.8,7.5,8,2.96,Excellent,Good,1,Low Risk,14.100000000000001
ID00787,Female,23,Mathematics,72.1,5.1,2.78,7.9,8,2.95,Low,Good,1,Medium Risk,23.230000000000004
ID00788,Male,23,Psychology,100.0,0.3,4.0,6.2,8,4.0,Excellent,Excellent,1,Medium Risk,18.8
ID00789,Male,19,Economics,100.0,4.4,3.93,8.9,6,4.0,Excellent,Excellent,1,Low Risk,3.012499999999997
ID00790,Female,20,Computer Science,83.5,4.6,3.47,4.5,11,3.56,Good,Excellent,1,Low Risk,13.662499999999998
ID00791,Male,20,Business,80.5,5.9,2.93,4.4,6,3.31,Good,Very Good,1,Low Risk,18.1375
ID00792,Female,22,Engineering,74.6,6.0,3.7,7.1,8,3.87,Low,Excellent,1,Medium Risk,14.055000000000001
ID00793,Male,21,Business,84.0,4.0,2.53,6.0,9,2.72,Good,Good,1,Low Risk,24.062500000000004
ID00794,Female,22,Economics,63.9,10.2,3.64,8.5,6,3.72,Low,Excellent,1,Medium Risk,19.395
ID00795,Male,18,Business,83.9,2.5,3.56,6.4,6,3.83,Good,Excellent,1,Low Risk,21.095
ID00796,Female,24,Business,100.0,6.6,3.02,9.0,10,3.51,Excellent,Excellent,1,Low Risk,8.575
ID00797,Female,22,Engineering,75.8,0.7,3.67,5.9,11,3.64,Good,Excellent,1,Medium Risk,30.977500000000003
ID00798,Female,19,Engineering,81.4,4.3,2.88,7.2,9,3.08,Good,Very Good,1,Low Risk,20.97
ID00799,Female,21,Engineering,59.5,0.6,2.47,4.0,10,2.03,Critical,Average,1,High Risk,49.212500000000006
ID00800,Female,19,Engineering,90.6,4.4,3.59,6.9,4,3.84,Excellent,Excellent,1,Low Risk,10.217500000000003
ID00801,Female,24,Business,89.0,5.4,3.06,7.1,5,3.29,Excellent,Very Good,1,Low Risk,13.175
ID00802,Male,18,Mathematics,86.0,3.4,3.4,8.8,7,3.55,Excellent,Excellent,1,Low Risk,17.950000000000003
ID00803,Female,21,Mathematics,81.7,4.2,4.0,4.7,9,4.0,Good,Excellent,1,Low Risk,11.434999999999999
ID00804,Female,23,Engineering,80.6,6.3,2.74,6.6,8,3.25,Good,Very Good,1,Low Risk,19.755
ID00805,Male,20,Psychology,92.5,0.2,3.03,9.2,5,2.91,Excellent,Good,1,Medium Risk,31.062500000000004
ID00806,Female,22,Computer Science,84.6,3.0,3.88,9.4,11,4.0,Good,Excellent,1,Low Risk,15.980000000000004
ID00807,Female,19,Economics,89.7,8.7,3.43,5.7,7,3.74,Excellent,Excellent,1,Low Risk,9.622499999999997
ID00808,Female,18,Psychology,88.2,1.8,2.75,6.0,6,2.88,Excellent,Good,1,Medium Risk,29.0475
ID00809,Male,20,Economics,100.0,2.7,2.62,4.5,6,2.78,Excellent,Good,1,Low Risk,21.275
ID00810,Male,22,Psychology,95.2,0.9,2.84,4.0,11,3.11,Excellent,Very Good,1,Medium Risk,28.71
ID00811,Female,20,Psychology,87.9,3.0,2.73,6.4,9,3.23,Excellent,Very Good,1,Low Risk,24.557499999999997
ID00812,Female,22,Mathematics,100.0,3.9,3.22,6.0,9,3.37,Excellent,Very Good,1,Low Risk,11.225
ID00813,Male,23,Computer Science,91.3,14.0,3.14,10.0,13,3.78,Excellent,Excellent,1,Low Risk,11.44
ID00814,Female,21,Psychology,100.0,5.2,3.24,7.5,4,3.65,Excellent,Excellent,1,Low Risk,6.649999999999997
ID00815,Female,20,Engineering,94.1,3.1,2.68,6.7,11,3.06,Excellent,Very Good,1,Low Risk,21.805
ID00816,Male,20,Economics,57.4,1.3,3.06,8.0,15,2.74,Critical,Good,1,High Risk,42.19500000000001
ID00817,Female,20,Mathematics,100.0,2.7,2.07,8.5,13,2.16,Excellent,Average,1,Medium Risk,26.087500000000006
ID00818,Male,21,Economics,87.0,2.3,3.17,8.8,11,3.21,Excellent,Very Good,1,Low Risk,23.9125
ID00819,Male,18,Engineering,84.2,0.8,3.69,7.4,9,3.69,Good,Excellent,1,Medium Risk,26.622500000000002
ID00820,Male,22,Engineering,89.2,1.8,2.39,7.0,4,2.77,Excellent,Good,1,Medium Risk,31.7475
ID00821,Female,23,Psychology,79.8,3.2,3.34,7.2,11,3.3,Good,Very Good,1,Low Risk,22.065
ID00822,Male,20,Engineering,88.4,3.5,2.79,6.9,10,3.26,Excellent,Very Good,1,Low Risk,21.807499999999997
ID00823,Male,24,Computer Science,76.1,6.2,3.5,6.2,5,3.59,Good,Excellent,1,Low Risk,15.130000000000003
ID00824,Male,21,Engineering,100.0,9.0,3.18,8.6,9,3.78,Excellent,Excellent,1,Low Risk,7.174999999999998
ID00825,Male,18,Psychology,83.3,3.4,3.3,6.7,7,3.45,Good,Very Good,1,Low Risk,20.040000000000003
ID00826,Female,22,Economics,79.3,6.7,3.13,5.5,8,3.34,Good,Very Good,1,Low Risk,16.927500000000002
ID00827,Male,21,Engineering,71.1,3.1,3.76,7.0,4,3.92,Low,Excellent,1,Medium Risk,22.705000000000005
ID00828,Male,23,Mathematics,89.0,2.2,3.27,8.1,5,3.34,Excellent,Very Good,1,Low Risk,22.537499999999998
ID00829,Female,23,Mathematics,87.8,6.0,2.75,4.8,7,2.96,Excellent,Good,1,Low Risk,16.427500000000002
ID00830,Male,22,Mathematics,90.8,3.1,3.15,6.6,9,3.33,Excellent,Very Good,1,Low Risk,19.177500000000002
ID00831,Male,20,Economics,69.6,2.4,2.92,5.8,9,2.94,Low,Good,1,Medium Risk,33.53
ID00832,Male,23,Business,61.0,2.1,3.18,10.0,4,2.95,Low,Good,1,Medium Risk,36.324999999999996
ID00833,Male,18,Mathematics,94.4,1.2,2.89,7.1,7,2.99,Excellent,Good,1,Medium Risk,27.432499999999997
ID00834,Male,21,Mathematics,100.0,4.2,2.76,9.3,6,3.21,Excellent,Very Good,1,Low Risk,14.05
ID00835,Male,18,Business,69.6,2.8,3.2,7.4,12,3.26,Low,Very Good,1,Medium Risk,29.480000000000004
ID00836,Male,20,Economics,100.0,6.9,3.13,7.5,9,3.76,Excellent,Excellent,1,Low Risk,7.612500000000001
ID00837,Female,18,Mathematics,89.3,10.3,3.63,6.9,10,4.0,Excellent,Excellent,1,Low Risk,8.052500000000002
ID00838,Male,18,Psychology,84.9,2.1,2.89,6.7,10,3.09,Good,Very Good,1,Low Risk,28.107499999999995
ID00839,Female,19,Economics,79.0,1.5,2.11,6.9,9,2.18,Good,Average,1,Medium Risk,39.9875
ID00840,Female,18,Mathematics,64.2,9.1,2.92,6.0,8,3.26,Low,Very Good,1,Medium Risk,25.56
ID00841,Male,22,Mathematics,99.8,4.4,2.29,7.0,10,2.72,Excellent,Good,1,Medium Risk,17.4525
ID00842,Female,21,Business,73.4,4.3,3.31,4.6,7,3.21,Low,Very Good,1,Medium Risk,20.807499999999997
ID00843,Male,19,Psychology,73.3,4.9,2.26,7.3,10,2.55,Low,Good,1,Medium Risk,27.64
ID00844,Female,21,Economics,99.9,7.6,2.61,5.2,11,3.18,Excellent,Very Good,1,Low Risk,12.207499999999998
ID00845,Male,21,Engineering,56.8,7.5,2.92,7.1,9,2.7,Critical,Good,1,High Risk,28.89
ID00846,Male,20,Computer Science,62.1,5.9,3.87,7.5,13,3.9,Low,Excellent,1,Medium Risk,18.1925
ID00847,Male,20,Psychology,84.7,1.8,2.56,9.1,5,2.8,Good,Good,1,Medium Risk,32.285
ID00848,Female,19,Engineering,89.4,1.0,3.11,7.5,6,3.12,Excellent,Very Good,1,Medium Risk,28.557499999999997
ID00849,Male,23,Psychology,92.3,1.8,3.39,6.6,8,3.56,Excellent,Excellent,1,Medium Risk,21.6025
ID00850,Female,24,Engineering,80.5,1.3,3.84,6.1,7,4.0,Good,Excellent,1,Medium Risk,24.975
ID00851,Male,20,Engineering,100.0,6.3,3.49,8.1,10,3.74,Excellent,Excellent,1,Low Risk,4.462499999999998
ID00852,Female,24,Psychology,81.6,2.6,3.65,6.9,3,4.0,Good,Excellent,1,Low Risk,20.942500000000003
ID00853,Male,20,Business,81.5,5.8,3.53,5.9,6,4.0,Good,Excellent,1,Low Risk,12.437500000000004
ID00854,Female,20,Psychology,73.0,4.0,2.5,7.2,6,2.73,Low,Good,1,Medium Risk,29.275
ID00855,Male,21,Psychology,86.9,2.6,3.28,4.2,10,3.32,Excellent,Very Good,1,Low Risk,21.795
ID00856,Male,19,Engineering,94.2,2.1,3.52,7.1,10,3.61,Excellent,Excellent,1,Low Risk,18.409999999999997
ID00857,Male,21,Computer Science,100.0,2.5,2.62,5.8,9,2.82,Excellent,Good,1,Low Risk,22.075
ID00858,Male,22,Engineering,62.7,1.5,2.81,6.5,4,2.85,Low,Good,1,Medium Risk,41.1975
ID00859,Female,21,Mathematics,81.3,10.4,2.7,10.0,9,3.19,Good,Very Good,1,Low Risk,19.79
ID00860,Male,24,Psychology,91.7,3.8,3.49,6.3,5,3.73,Excellent,Excellent,1,Low Risk,12.997499999999997
ID00861,Female,24,Economics,93.8,4.0,3.07,8.2,9,3.33,Excellent,Very Good,1,Low Risk,14.927500000000002
ID00862,Male,22,Psychology,85.1,4.0,2.94,8.6,3,3.18,Excellent,Very Good,1,Low Risk,19.98
ID00863,Male,18,Business,93.1,6.2,2.46,8.3,15,2.81,Excellent,Good,1,Medium Risk,16.580000000000002
ID00864,Male,18,Economics,72.9,2.3,3.07,7.6,2,3.0,Low,Very Good,1,Medium Risk,31.1325
ID00865,Male,22,Engineering,100.0,7.8,2.82,5.3,5,3.35,Excellent,Very Good,1,Low Risk,10.325000000000001
ID00866,Female,22,Business,99.9,3.3,3.22,6.0,9,3.58,Excellent,Excellent,1,Low Risk,13.669999999999996
ID00867,Male,21,Psychology,64.8,3.2,2.53,5.3,7,2.44,Low,Average,1,Medium Risk,35.9025
ID00868,Male,22,Engineering,68.9,8.5,3.19,6.5,7,3.55,Low,Excellent,1,Medium Risk,21.082499999999996
ID00869,Female,19,Engineering,69.3,2.3,2.88,6.5,8,2.75,Low,Good,1,Medium Risk,34.415000000000006
ID00870,Female,18,Mathematics,95.2,5.1,2.48,5.6,4,2.94,Excellent,Good,1,Medium Risk,15.459999999999997
ID00871,Male,18,Mathematics,65.7,4.0,2.44,7.8,9,2.44,Low,Average,1,Medium Risk,33.084999999999994
ID00872,Male,23,Computer Science,80.0,2.6,2.51,6.3,10,2.72,Good,Good,1,Low Risk,31.637500000000003
ID00873,Female,22,Mathematics,91.8,5.6,3.0,6.5,6,3.45,Excellent,Very Good,1,Low Risk,12.440000000000001
ID00874,Male,20,Economics,84.0,1.7,3.16,4.6,8,3.2,Good,Very Good,1,Medium Risk,27.749999999999993
ID00875,Male,20,Engineering,88.9,2.6,3.23,7.1,10,3.42,Excellent,Very Good,1,Low Risk,21.3325
ID00876,Male,22,Mathematics,69.0,4.3,3.25,6.9,9,3.15,Low,Very Good,1,Medium Risk,23.312500000000004
ID00877,Female,19,Computer Science,93.9,9.6,2.72,6.1,7,3.41,Excellent,Very Good,1,Low Risk,13.944999999999995
ID00878,Female,20,Psychology,75.8,9.1,3.63,7.6,9,4.0,Good,Excellent,1,Low Risk,14.127500000000003
ID00879,Male,23,Economics,80.1,5.2,2.88,7.2,8,3.36,Good,Very Good,1,Low Risk,18.755000000000003
ID00880,Male,24,Mathematics,88.6,3.3,3.33,7.9,11,3.67,Excellent,Excellent,1,Low Risk,17.792500000000004
ID00881,Male,22,Engineering,86.5,0.8,3.02,7.9,12,3.29,Excellent,Very Good,1,Medium Risk,31.450000000000003
ID00882,Female,19,Psychology,85.4,6.8,3.29,8.1,7,3.87,Excellent,Excellent,1,Low Risk,12.782499999999997
ID00883,Male,19,Engineering,73.7,7.3,2.99,9.5,10,3.04,Low,Very Good,1,Medium Risk,20.672499999999996
ID00884,Male,21,Psychology,80.5,5.1,3.3,7.2,9,3.68,Good,Excellent,1,Low Risk,14.900000000000002
ID00885,Female,19,Economics,85.0,3.4,3.1,5.6,9,3.23,Excellent,Very Good,1,Low Risk,21.025
ID00886,Male,20,Engineering,64.4,6.4,3.51,6.4,7,3.49,Low,Very Good,1,Medium Risk,20.3075
ID00887,Female,24,Mathematics,78.1,3.9,2.69,6.4,4,2.67,Good,Good,1,Low Risk,25.717500000000005
ID00888,Male,20,Mathematics,90.8,3.6,2.22,5.6,10,2.28,Excellent,Average,1,Medium Risk,25.314999999999998
ID00889,Male,22,Computer Science,65.8,1.3,2.61,4.0,5,2.57,Low,Good,1,Medium Risk,42.352500000000006
ID00890,Male,24,Psychology,100.0,6.2,3.63,7.3,9,4.0,Excellent,Excellent,1,Low Risk,3.237500000000001
ID00891,Female,22,Computer Science,100.0,4.3,3.02,7.1,7,3.31,Excellent,Very Good,1,Low Risk,11.375
ID00892,Female,19,Business,66.3,9.1,3.15,9.9,11,3.29,Low,Very Good,1,Medium Risk,22.602500000000003
ID00893,Female,23,Mathematics,100.0,2.7,2.57,9.8,12,2.78,Excellent,Good,1,Low Risk,21.712500000000002
ID00894,Male,18,Psychology,82.8,2.2,3.13,8.0,8,3.51,Good,Excellent,1,Low Risk,26.552500000000002
ID00895,Female,24,Economics,91.3,7.3,2.59,7.8,7,3.19,Excellent,Very Good,1,Low Risk,16.2525
ID00896,Male,21,Computer Science,77.6,8.2,2.66,5.8,5,2.63,Good,Good,1,Low Risk,21.805000000000003
ID00897,Male,18,Economics,98.8,4.0,2.9,7.3,8,3.36,Excellent,Very Good,1,Low Risk,14.165000000000001
ID00898,Female,19,Economics,91.1,6.6,3.32,6.8,7,3.95,Excellent,Excellent,1,Low Risk,9.955000000000004
ID00899,Male,19,Economics,72.8,3.3,3.38,7.2,10,3.23,Low,Very Good,1,Medium Risk,24.465000000000003
ID00900,Male,18,Computer Science,67.5,3.4,3.39,5.8,3,3.42,Low,Very Good,1,Medium Risk,26.362499999999997
ID00901,Male,21,Business,63.1,5.1,2.31,7.6,7,2.32,Low,Average,1,Medium Risk,31.3925
ID00902,Male,24,Computer Science,87.8,3.4,3.1,4.9,9,3.19,Excellent,Very Good,1,Low Risk,19.765
ID00903,Male,24,Engineering,93.6,4.7,3.0,10.0,11,3.3,Excellent,Very Good,1,Low Risk,12.830000000000002
ID00904,Female,18,Mathematics,94.8,4.3,2.33,9.2,4,2.62,Excellent,Good,1,Medium Risk,19.7525
ID00905,Male,22,Computer Science,83.2,1.9,3.11,9.0,3,3.24,Good,Very Good,1,Medium Risk,27.747500000000002
ID00906,Female,20,Computer Science,67.6,4.7,2.97,5.1,7,3.12,Low,Very Good,1,Medium Risk,24.7925
ID00907,Female,23,Business,74.8,1.9,3.36,4.6,9,3.1,Low,Very Good,1,Medium Risk,29.340000000000003
ID00908,Male,22,Engineering,100.0,6.3,3.14,7.4,12,3.65,Excellent,Excellent,1,Low Risk,7.524999999999999
ID00909,Male,24,Computer Science,77.7,7.4,2.83,6.5,9,3.01,Good,Very Good,1,Low Risk,20.272499999999997
ID00910,Male,20,Mathematics,87.2,3.6,3.56,9.8,16,3.64,Excellent,Excellent,1,Low Risk,15.209999999999997
ID00911,Female,23,Mathematics,68.9,9.6,1.99,7.9,7,2.17,Low,Average,1,High Risk,31.582499999999992
ID00912,Male,23,Computer Science,90.0,8.1,3.07,6.9,10,3.46,Excellent,Very Good,1,Low Risk,12.637500000000001
ID00913,Female,23,Economics,78.1,4.7,2.22,9.2,8,2.4,Good,Average,1,Medium Risk,26.63
ID00914,Male,19,Economics,100.0,3.4,2.64,7.3,7,2.99,Excellent,Good,1,Low Risk,18.299999999999997
ID00915,Female,23,Engineering,96.6,7.0,3.36,7.3,10,4.0,Excellent,Excellent,1,Low Risk,7.1300000000000034
ID00916,Male,21,Mathematics,77.6,9.7,2.46,8.6,7,2.66,Good,Good,1,Medium Risk,23.555000000000003
ID00917,Male,18,Economics,83.1,4.9,2.39,6.0,9,2.83,Good,Good,1,Medium Risk,22.0925
ID00918,Female,24,Mathematics,76.7,10.6,4.0,8.5,7,4.0,Good,Excellent,1,Low Risk,10.485
ID00919,Female,21,Engineering,63.7,2.9,2.42,7.8,8,2.61,Low,Good,1,Medium Risk,38.56
ID00920,Male,18,Engineering,72.1,5.9,3.93,5.6,9,3.82,Low,Excellent,1,Medium Risk,13.167500000000002
ID00921,Female,22,Economics,88.0,4.0,3.01,9.9,9,3.11,Excellent,Very Good,1,Low Risk,18.0625
ID00922,Male,22,Computer Science,89.9,2.1,2.84,6.3,4,3.1,Excellent,Very Good,1,Low Risk,26.294999999999995
ID00923,Female,18,Psychology,87.2,3.1,3.38,4.5,5,3.41,Excellent,Very Good,1,Low Risk,18.785
ID00924,Female,21,Business,80.5,7.3,3.77,5.8,9,4.0,Good,Excellent,1,Low Risk,10.7875
ID00925,Male,18,Psychology,99.0,3.8,2.53,5.4,8,2.97,Excellent,Good,1,Low Risk,18.112500000000004
ID00926,Male,23,Psychology,86.0,2.9,2.84,7.3,9,3.26,Excellent,Very Good,1,Low Risk,24.85
ID00927,Male,19,Mathematics,95.5,8.3,3.52,9.4,3,3.89,Excellent,Excellent,1,Low Risk,6.225
ID00928,Male,24,Engineering,58.4,7.2,3.24,7.4,5,3.27,Critical,Very Good,1,High Risk,25.369999999999997
ID00929,Female,22,Mathematics,26.2,3.2,3.65,9.4,8,3.31,Critical,Very Good,1,High Risk,43.472500000000004
ID00930,Male,24,Economics,89.3,10.9,3.36,8.6,4,3.8,Excellent,Excellent,1,Low Risk,10.415000000000003
ID00931,Male,19,Business,63.6,3.9,4.0,4.0,5,3.97,Low,Excellent,1,Medium Risk,20.78
ID00932,Female,23,Economics,81.8,5.0,3.19,8.3,4,3.65,Good,Excellent,1,Low Risk,15.2775
ID00933,Female,23,Computer Science,80.5,4.2,3.21,6.1,13,3.49,Good,Very Good,1,Low Risk,18.8875
ID00934,Male,22,Business,100.0,2.4,3.26,7.8,9,3.59,Excellent,Excellent,1,Low Risk,16.875000000000004
ID00935,Male,22,Mathematics,91.0,3.7,3.03,6.9,9,3.18,Excellent,Very Good,1,Low Risk,17.7375
ID00936,Male,23,Mathematics,87.5,4.0,3.52,10.0,5,3.9,Excellent,Excellent,1,Low Risk,13.825
ID00937,Male,20,Economics,97.6,1.1,3.22,7.7,7,3.31,Excellent,Very Good,1,Medium Risk,23.505000000000003
ID00938,Female,24,Mathematics,90.5,4.8,3.49,7.9,5,3.92,Excellent,Excellent,1,Low Risk,9.537499999999998
ID00939,Male,19,Mathematics,78.1,6.7,3.57,8.6,14,3.66,Good,Excellent,1,Low Risk,13.617500000000003
ID00940,Female,24,Psychology,100.0,1.9,3.31,4.8,8,3.47,Excellent,Very Good,1,Medium Risk,18.4375
ID00941,Male,19,Computer Science,68.4,6.0,3.35,8.6,8,3.3,Low,Very Good,1,Medium Risk,19.907499999999995
ID00942,Female,20,Psychology,89.8,7.6,2.59,6.7,6,3.14,Excellent,Very Good,1,Low Risk,16.927500000000002
ID00943,Female,21,Mathematics,61.8,0.3,2.82,6.0,6,2.73,Low,Good,1,Medium Risk,46.315
ID00944,Female,19,Engineering,88.1,3.7,3.52,8.2,7,3.73,Excellent,Excellent,1,Low Risk,14.755000000000003
ID00945,Male,24,Psychology,87.9,10.8,3.81,4.8,9,4.0,Excellent,Excellent,1,Low Risk,7.107499999999996
ID00946,Male,18,Mathematics,100.0,4.7,2.13,8.4,2,2.29,Excellent,Average,1,Medium Risk,17.5625
ID00947,Male,23,Mathematics,61.5,1.0,2.82,6.8,12,2.73,Low,Good,1,Medium Risk,43.65
ID00948,Female,23,Computer Science,76.0,1.7,3.11,6.8,8,3.13,Good,Very Good,1,Medium Risk,31.7875
ID00949,Female,20,Economics,97.3,4.9,2.66,4.0,6,2.9,Excellent,Good,1,Low Risk,13.34
ID00950,Female,19,Business,90.0,5.8,2.69,8.4,9,2.99,Excellent,Good,1,Low Risk,15.962499999999999
ID00951,Female,21,Psychology,87.7,4.2,3.34,7.4,14,3.57,Excellent,Excellent,1,Low Risk,14.51
ID00952,Female,19,Psychology,70.7,4.7,3.89,6.3,5,4.0,Low,Excellent,1,Medium Risk,15.347499999999997
ID00953,Male,23,Psychology,76.1,4.3,2.08,5.6,3,1.89,Good,Poor,0,Medium Risk,30.355
ID00954,Female,22,Mathematics,100.0,2.7,3.01,8.2,5,3.2,Excellent,Very Good,1,Low Risk,17.862500000000004
ID00955,Male,18,Computer Science,84.2,4.3,3.33,7.5,12,3.58,Good,Excellent,1,Low Risk,15.772499999999999
ID00956,Male,20,Mathematics,90.6,1.4,3.49,7.0,7,3.59,Excellent,Excellent,1,Medium Risk,23.0925
ID00957,Male,22,Mathematics,83.3,3.3,3.26,5.5,3,3.31,Good,Very Good,1,Low Risk,20.790000000000006
ID00958,Male,24,Economics,67.3,5.6,3.98,7.5,11,4.0,Low,Excellent,1,Medium Risk,14.890000000000002
ID00959,Male,21,Engineering,99.0,2.3,3.11,7.4,6,3.52,Excellent,Excellent,1,Low Risk,19.0375
ID00960,Female,22,Computer Science,92.5,3.5,3.76,9.0,9,4.0,Excellent,Excellent,1,Low Risk,11.475000000000001
ID00961,Male,24,Psychology,100.0,4.5,2.78,5.2,4,3.17,Excellent,Very Good,1,Low Risk,12.675
ID00962,Female,22,Business,69.8,10.5,3.13,5.9,6,3.25,Low,Very Good,1,Medium Risk,21.2025
ID00963,Male,21,Psychology,97.3,7.2,2.49,9.9,7,2.83,Excellent,Good,1,Medium Risk,14.427499999999998
ID00964,Male,22,Mathematics,65.3,1.3,3.55,7.3,10,3.42,Low,Very Good,1,Medium Risk,34.352500000000006
ID00965,Male,20,Computer Science,87.4,11.9,3.04,7.4,6,3.93,Excellent,Excellent,1,Low Risk,14.069999999999997
ID00966,Male,23,Computer Science,99.6,8.7,3.28,8.4,6,3.83,Excellent,Excellent,1,Low Risk,6.480000000000003
ID00967,Female,19,Computer Science,53.9,4.6,2.94,9.7,8,2.62,Critical,Good,1,High Risk,31.62
ID00968,Male,22,Engineering,81.9,6.5,3.39,5.3,9,3.69,Good,Excellent,1,Low Risk,13.482499999999996
ID00969,Female,20,Psychology,76.6,2.5,3.3,10.0,7,3.28,Good,Very Good,1,Low Risk,26.655000000000005
ID00970,Male,19,Engineering,74.5,4.0,2.6,6.9,7,2.81,Low,Good,1,Medium Risk,27.725
ID00971,Female,24,Economics,90.8,2.4,2.63,7.4,15,2.91,Excellent,Good,1,Low Risk,26.527500000000003
ID00972,Female,19,Business,100.0,5.8,3.09,7.1,12,3.35,Excellent,Very Good,1,Low Risk,7.9625
ID00973,Female,24,Economics,83.0,13.9,3.43,9.2,4,4.0,Good,Excellent,1,Low Risk,12.6375
ID00974,Male,22,Mathematics,88.1,3.2,4.0,8.4,8,4.0,Excellent,Excellent,1,Low Risk,12.555000000000003
ID00975,Male,20,Engineering,86.7,3.7,3.25,6.8,8,3.54,Excellent,Excellent,1,Low Risk,17.7475
ID00976,Male,23,Engineering,85.0,4.1,3.6,5.3,8,3.91,Excellent,Excellent,1,Low Risk,13.850000000000001
ID00977,Female,22,Economics,68.7,3.3,2.29,6.6,7,2.31,Low,Average,1,Medium Risk,35.8475
ID00978,Male,24,Mathematics,100.0,5.6,4.0,5.0,4,4.0,Excellent,Excellent,1,Low Risk,0.0
ID00979,Male,21,Computer Science,89.4,7.5,3.4,8.3,8,3.75,Excellent,Excellent,1,Low Risk,10.019999999999998
ID00980,Female,19,Mathematics,90.9,2.8,3.08,6.0,7,3.35,Excellent,Very Good,1,Low Risk,20.945
ID00981,Male,22,Psychology,72.9,4.0,3.02,6.8,6,2.9,Low,Good,1,Medium Risk,24.769999999999996
ID00982,Female,24,Economics,78.1,6.0,2.55,8.8,7,2.72,Good,Good,1,Low Risk,22.542500000000004
ID00983,Male,19,Mathematics,82.4,2.2,2.69,8.2,8,2.78,Good,Good,1,Low Risk,30.582499999999996
ID00984,Male,24,Computer Science,62.0,1.8,4.0,7.6,6,4.0,Low,Excellent,1,Medium Risk,29.900000000000002
ID00985,Female,20,Mathematics,59.7,2.8,2.61,5.8,10,2.0,Critical,Average,1,High Risk,39.097500000000004
ID00986,Male,18,Engineering,76.0,6.2,2.6,7.7,10,2.91,Good,Good,1,Low Risk,23.05
ID00987,Female,22,Business,92.8,2.2,2.75,5.8,9,3.1,Excellent,Very Good,1,Low Risk,25.3775
ID00988,Male,23,Engineering,75.2,2.9,2.5,7.7,12,2.48,Good,Average,1,Low Risk,32.685
ID00989,Male,22,Business,69.7,4.1,3.11,5.0,8,3.06,Low,Very Good,1,Medium Risk,25.0225
ID00990,Female,19,Mathematics,72.8,4.5,3.64,8.8,11,3.66,Low,Excellent,1,Medium Risk,17.39
ID00991,Female,20,Psychology,78.2,3.7,2.79,7.3,9,3.02,Good,Very Good,1,Low Risk,25.597499999999997
ID00992,Female,24,Mathematics,79.7,4.1,2.41,7.0,8,2.49,Good,Average,1,Medium Risk,26.6475
ID00993,Male,21,Computer Science,100.0,1.5,3.25,7.6,12,3.3,Excellent,Very Good,1,Medium Risk,20.5625
ID00994,Female,23,Mathematics,100.0,2.7,3.07,6.8,8,3.38,Excellent,Very Good,1,Low Risk,17.337500000000002
ID00995,Male,20,Business,100.0,6.5,3.6,7.1,7,4.0,Excellent,Excellent,1,Low Risk,3.499999999999999
ID00996,Male,22,Engineering,100.0,2.6,2.87,8.9,3,3.15,Excellent,Very Good,1,Low Risk,19.487499999999997
ID00997,Female,21,Psychology,70.0,4.6,2.97,8.6,6,2.87,Low,Good,1,Medium Risk,24.112499999999997
ID00998,Male,20,Mathematics,66.7,4.3,3.03,8.1,9,3.16,Low,Very Good,1,Medium Risk,26.2725
ID00999,Female,18,Mathematics,68.4,6.1,3.14,7.4,9,3.42,Low,Very Good,1,Medium Risk,21.744999999999997
ID01000,Male,23,Engineering,100.0,6.6,2.9,6.5,10,3.31,Excellent,Very Good,1,Low Risk,9.625
ID01001,Male,19,Psychology,76.8,7.7,2.82,8.6,13,2.9,Good,Good,1,Low Risk,20.765
ID01002,Male,20,Economics,66.2,9.0,2.17,5.6,7,2.38,Low,Average,1,Medium Risk,31.222499999999997
ID01003,Female,20,Mathematics,78.5,2.2,2.82,9.7,4,2.52,Good,Good,1,Low Risk,31.2
ID01004,Female,18,Mathematics,81.4,0.9,3.46,8.1,12,3.63,Good,Excellent,1,Medium Risk,29.494999999999997
ID01005,Female,22,Economics,89.0,3.2,3.53,8.8,6,3.78,Excellent,Excellent,1,Low Risk,16.262500000000003
ID01006,Female,24,Business,88.8,2.1,2.86,7.7,7,3.04,Excellent,Very Good,1,Low Risk,26.615000000000002
ID01007,Female,24,Business,72.6,2.4,3.75,6.8,5,3.78,Low,Excellent,1,Medium Risk,24.917500000000004
ID01008,Female,23,Computer Science,95.3,5.5,3.09,8.4,6,3.25,Excellent,Very Good,1,Low Risk,10.077500000000002
ID01009,Male,23,Engineering,75.4,7.4,2.43,4.9,9,2.73,Good,Good,1,Medium Risk,24.807499999999997
ID01010,Male,19,Psychology,82.7,4.6,2.27,6.1,5,2.48,Good,Average,1,Medium Risk,24.5225
ID01011,Male,20,Mathematics,95.3,2.7,3.71,6.7,7,3.93,Excellent,Excellent,1,Low Risk,13.852500000000003
ID01012,Female,21,Mathematics,75.4,4.8,2.91,4.9,10,3.09,Good,Very Good,1,Low Risk,21.407499999999995
ID01013,Female,20,Computer Science,76.5,6.2,2.49,8.0,6,2.61,Good,Good,1,Medium Risk,23.787499999999998
ID01014,Male,24,Mathematics,93.9,1.5,1.97,8.9,6,2.25,Excellent,Average,1,High Risk,34.5075
ID01015,Female,19,Engineering,72.1,3.3,2.9,4.4,6,2.68,Low,Good,1,Medium Risk,28.980000000000004
ID01016,Female,20,Computer Science,79.2,3.5,3.3,6.4,7,3.15,Good,Very Good,1,Low Risk,21.485
ID01017,Male,18,Engineering,93.3,3.7,2.75,6.7,13,2.93,Excellent,Good,1,Low Risk,19.1525
ID01018,Female,24,Computer Science,100.0,2.3,2.57,7.5,6,3.02,Excellent,Very Good,1,Low Risk,23.3125
ID01019,Female,20,Mathematics,94.1,4.8,2.83,8.3,8,2.96,Excellent,Good,1,Low Risk,13.692500000000003
ID01020,Male,20,Computer Science,92.1,5.1,3.72,6.6,8,4.0,Excellent,Excellent,1,Low Risk,6.005000000000001
ID01021,Female,24,Business,93.0,2.2,2.4,8.4,8,2.54,Excellent,Good,1,Medium Risk,28.349999999999998
ID01022,Male,21,Psychology,68.9,8.5,2.78,7.1,7,3.2,Low,Very Good,1,Medium Risk,24.669999999999998
ID01023,Female,24,Mathematics,86.7,1.8,3.71,6.1,12,3.87,Excellent,Excellent,1,Medium Risk,21.322499999999998
ID01024,Female,18,Economics,84.6,2.6,3.35,7.3,5,3.44,Good,Very Good,1,Low Risk,22.2175
ID01025,Female,18,Psychology,89.8,1.7,3.19,5.1,3,3.42,Excellent,Very Good,1,Medium Risk,24.877499999999998
ID01026,Male,20,Mathematics,86.7,1.5,2.78,6.6,9,3.04,Excellent,Very Good,1,Medium Risk,30.66
ID01027,Female,23,Psychology,90.7,4.4,3.12,6.7,12,3.46,Excellent,Very Good,1,Low Risk,14.284999999999997
ID01028,Female,21,Business,80.3,2.6,2.83,6.1,10,3.04,Good,Very Good,1,Low Risk,28.7025
ID01029,Male,20,Psychology,85.9,6.7,2.67,10.0,8,3.21,Excellent,Very Good,1,Low Risk,17.982499999999998
ID01030,Female,24,Computer Science,66.6,2.3,2.56,9.0,6,2.27,Low,Average,1,Medium Risk,38.43000000000001
ID01031,Male,20,Psychology,80.2,2.6,3.49,7.3,7,3.63,Good,Excellent,1,Low Risk,22.972499999999997
ID01032,Female,19,Mathematics,100.0,6.2,3.07,7.6,6,3.34,Excellent,Very Good,1,Low Risk,8.137500000000001
ID01033,Male,19,Economics,89.8,1.9,3.26,7.8,12,3.33,Excellent,Very Good,1,Medium Risk,23.465000000000003
ID01034,Male,23,Economics,84.7,3.0,3.18,7.9,3,3.62,Good,Excellent,1,Low Risk,22.059999999999995
ID01035,Male,21,Engineering,100.0,8.4,3.32,9.3,10,3.91,Excellent,Excellent,1,Low Risk,5.950000000000001
ID01036,Female,22,Psychology,64.6,0.5,2.97,8.4,7,2.59,Low,Good,1,Medium Risk,42.9425
ID01037,Male,19,Economics,68.4,0.3,2.86,4.0,8,2.74,Low,Good,1,Medium Risk,42.995000000000005
ID01038,Female,22,Psychology,100.0,1.5,2.69,8.3,9,2.87,Excellent,Good,1,Medium Risk,25.4625
ID01039,Male,18,Economics,85.7,9.2,2.39,5.7,9,2.85,Excellent,Good,1,Medium Risk,20.522499999999997
ID01040,Male,19,Psychology,81.4,5.2,2.54,6.2,8,2.78,Good,Good,1,Low Risk,21.144999999999996
ID01041,Male,19,Mathematics,67.0,4.8,2.92,8.5,8,2.95,Low,Good,1,Medium Risk,25.099999999999998
ID01042,Female,21,Psychology,91.7,1.5,2.3,4.2,7,2.56,Excellent,Good,1,Medium Risk,32.61
ID01043,Male,23,Mathematics,93.2,4.3,2.41,9.6,6,2.64,Excellent,Good,1,Medium Risk,19.772499999999997
ID01044,Female,22,Mathematics,68.6,2.2,3.62,8.2,9,3.45,Low,Very Good,1,Medium Risk,28.655
ID01045,Female,24,Engineering,82.9,6.8,3.21,7.5,6,3.83,Good,Excellent,1,Low Risk,14.607499999999998
ID01046,Female,19,Economics,80.0,6.9,2.87,8.3,10,3.15,Good,Very Good,1,Low Risk,18.887499999999996
ID01047,Male,19,Computer Science,88.8,2.8,4.0,8.7,8,4.0,Excellent,Excellent,1,Low Risk,13.840000000000003
ID01048,Male,21,Mathematics,68.2,5.4,2.28,7.3,13,2.48,Low,Average,1,Medium Risk,29.36
ID01049,Female,21,Economics,100.0,5.0,3.59,8.2,8,3.95,Excellent,Excellent,1,Low Risk,3.587500000000001
ID01050,Male,23,Business,98.7,3.7,3.04,5.5,7,3.44,Excellent,Very Good,1,Low Risk,14.184999999999997
ID01051,Female,22,Psychology,79.6,2.2,3.49,8.2,10,3.28,Good,Very Good,1,Low Risk,24.8425
ID01052,Male,18,Business,81.8,3.0,3.15,7.9,8,3.33,Good,Very Good,1,Low Risk,23.6275
ID01053,Female,24,Psychology,83.0,6.6,2.16,9.2,17,2.21,Good,Average,1,Medium Risk,23.75
ID01054,Female,23,Engineering,73.3,8.5,3.15,7.3,7,3.38,Low,Very Good,1,Medium Risk,19.452500000000004
ID01055,Female,18,Mathematics,78.3,3.2,3.27,7.5,7,3.46,Good,Very Good,1,Low Risk,23.352500000000003
ID01056,Male,20,Computer Science,80.9,9.0,2.0,5.6,8,2.67,Good,Good,1,Medium Risk,26.095
ID01057,Female,19,Mathematics,100.0,5.2,4.0,7.0,8,4.0,Excellent,Excellent,1,Low Risk,0.0
ID01058,Male,22,Psychology,99.2,3.8,3.26,7.9,9,3.56,Excellent,Excellent,1,Low Risk,11.635000000000002
ID01059,Male,23,Computer Science,99.0,3.5,3.44,8.1,8,3.64,Excellent,Excellent,1,Low Risk,11.350000000000001
ID01060,Female,19,Mathematics,90.5,2.3,2.52,9.6,9,2.78,Excellent,Good,1,Low Risk,28.025000000000002
ID01061,Female,22,Computer Science,68.2,5.6,3.45,7.7,7,3.6,Low,Excellent,1,Medium Risk,19.122499999999995
ID01062,Female,22,Psychology,84.4,9.8,3.64,6.9,7,4.0,Good,Excellent,1,Low Risk,10.169999999999996
ID01063,Female,22,Engineering,99.6,3.7,3.23,7.8,11,3.67,Excellent,Excellent,1,Low Risk,12.117500000000001
ID01064,Male,19,Engineering,66.1,2.1,3.1,6.2,11,3.22,Low,Very Good,1,Medium Risk,34.730000000000004
ID01065,Male,23,Mathematics,94.5,6.2,2.65,9.0,9,3.1,Excellent,Very Good,1,Low Risk,14.2875
ID01066,Female,24,Business,100.0,3.1,2.99,6.0,7,3.17,Excellent,Very Good,1,Low Risk,16.437499999999996
ID01067,Male,21,Psychology,100.0,2.3,2.84,6.4,10,3.22,Excellent,Very Good,1,Low Risk,20.950000000000003
ID01068,Male,19,Mathematics,100.0,1.4,3.39,5.4,6,3.71,Excellent,Excellent,1,Medium Risk,19.737499999999997
ID01069,Male,22,Mathematics,88.3,5.5,2.68,7.1,10,3.18,Excellent,Very Good,1,Low Risk,16.814999999999998
ID01070,Male,23,Engineering,99.5,7.7,3.38,8.0,9,3.81,Excellent,Excellent,1,Low Risk,5.65
ID01071,Male,24,Computer Science,74.2,1.7,2.68,9.5,9,2.32,Low,Average,1,Medium Risk,36.35999999999999
ID01072,Male,20,Psychology,96.9,3.3,2.97,6.9,5,3.24,Excellent,Very Good,1,Low Risk,17.207499999999996
ID01073,Male,18,Computer Science,94.8,3.5,3.41,6.7,11,3.72,Excellent,Excellent,1,Low Risk,13.5025
ID01074,Male,22,Economics,89.3,2.4,2.75,4.0,12,3.08,Excellent,Very Good,1,Low Risk,26.152500000000003
ID01075,Female,20,Economics,100.0,8.8,3.43,7.3,6,4.0,Excellent,Excellent,1,Low Risk,4.987499999999998
ID01076,Male,21,Psychology,76.9,1.4,3.38,7.0,8,3.21,Good,Very Good,1,Medium Risk,30.22
ID01077,Male,24,Business,82.2,5.2,2.96,7.0,8,3.45,Good,Very Good,1,Low Risk,17.11
ID01078,Female,24,Economics,86.4,5.8,3.68,9.3,13,3.86,Excellent,Excellent,1,Low Risk,8.919999999999996
ID01079,Male,22,Engineering,69.6,2.4,3.14,7.8,11,3.0,Low,Very Good,1,Medium Risk,31.605000000000004
ID01080,Female,24,Business,88.4,2.0,3.65,6.4,7,4.0,Excellent,Excellent,1,Low Risk,20.2825
ID01081,Female,20,Mathematics,59.2,2.7,4.0,5.6,9,3.5,Critical,Excellent,1,High Risk,27.560000000000002
ID01082,Male,22,Economics,100.0,1.0,2.98,5.3,7,2.89,Excellent,Good,1,Medium Risk,24.924999999999997
ID01083,Male,19,Engineering,85.7,10.0,3.42,6.3,11,4.0,Excellent,Excellent,1,Low Risk,11.509999999999998
ID01084,Female,23,Mathematics,77.2,2.8,2.78,7.6,11,2.83,Good,Good,1,Low Risk,29.735000000000007
ID01085,Female,20,Business,72.5,3.1,2.58,4.0,9,2.6,Low,Good,1,Medium Risk,32.4
ID01086,Male,23,Psychology,81.5,11.0,3.0,6.8,6,3.62,Good,Excellent,1,Low Risk,17.075000000000003
ID01087,Female,19,Mathematics,95.3,1.2,2.42,8.2,9,2.5,Excellent,Good,1,Medium Risk,31.14
ID01088,Male,19,Computer Science,93.2,3.7,2.63,5.4,10,2.89,Excellent,Good,1,Low Risk,20.247499999999995
ID01089,Female,23,Psychology,74.4,6.3,3.4,6.7,10,3.39,Low,Very Good,1,Medium Risk,16.769999999999996
ID01090,Male,20,Psychology,72.3,10.0,2.84,5.5,6,2.97,Low,Good,1,Medium Risk,22.615000000000002
ID01091,Female,23,Business,94.9,1.3,3.46,4.0,6,3.52,Excellent,Excellent,1,Medium Risk,21.82
ID01092,Female,23,Business,74.2,10.8,3.25,5.8,8,3.45,Low,Very Good,1,Medium Risk,18.1725
ID01093,Female,18,Engineering,85.9,3.3,4.0,5.4,4,4.0,Excellent,Excellent,1,Low Risk,13.145
ID01094,Male,20,Engineering,86.9,3.3,3.36,8.2,11,3.64,Excellent,Excellent,1,Low Risk,18.294999999999998
ID01095,Male,18,Computer Science,89.7,1.8,3.66,7.7,9,3.92,Excellent,Excellent,1,Medium Risk,20.409999999999997
ID01096,Male,22,Psychology,97.9,4.2,3.3,5.4,4,3.67,Excellent,Excellent,1,Low Risk,10.269999999999998
ID01097,Male,24,Computer Science,66.1,10.8,3.26,8.9,11,3.6,Low,Excellent,1,Medium Risk,21.730000000000004
ID01098,Male,23,Computer Science,56.3,4.1,3.68,8.1,7,3.25,Critical,Very Good,1,High Risk,26.065
ID01099,Female,22,Business,76.5,2.3,3.43,6.6,8,3.24,Good,Very Good,1,Low Risk,26.3625
ID01100,Male,20,Computer Science,100.0,2.6,3.21,7.5,6,3.55,Excellent,Excellent,1,Low Risk,16.512500000000003
ID01101,Male,23,Computer Science,100.0,2.7,3.2,5.6,12,3.27,Excellent,Very Good,1,Low Risk,16.2
ID01102,Female,24,Mathematics,100.0,9.2,3.37,4.0,7,3.81,Excellent,Excellent,1,Low Risk,5.512499999999998
ID01103,Female,22,Engineering,82.1,10.4,2.76,7.1,13,3.55,Good,Excellent,1,Low Risk,18.905000000000005
ID01104,Female,21,Engineering,58.3,1.4,2.74,5.0,11,2.15,Critical,Average,1,High Risk,44.19
ID01105,Female,19,Psychology,49.9,1.9,3.81,6.7,10,3.47,Critical,Very Good,1,High Risk,36.6075
ID01106,Male,23,Engineering,75.8,2.0,4.0,7.6,10,3.79,Good,Excellent,1,Low Risk,22.89
ID01107,Male,24,Economics,82.0,2.8,2.64,4.1,10,2.8,Good,Good,1,Low Risk,28.800000000000004
ID01108,Female,19,Psychology,100.0,11.5,2.77,7.3,8,3.69,Excellent,Excellent,1,Low Risk,10.7625
ID01109,Female,18,Mathematics,98.0,10.7,3.67,8.2,10,4.0,Excellent,Excellent,1,Low Risk,3.7875000000000005
ID01110,Male,22,Engineering,88.4,4.0,3.37,4.0,7,3.8,Excellent,Excellent,1,Low Risk,14.732499999999996
ID01111,Female,18,Mathematics,71.7,3.0,3.44,8.1,5,3.38,Low,Very Good,1,Medium Risk,25.634999999999998
ID01112,Male,24,Engineering,70.6,0.8,3.55,9.8,16,2.96,Low,Good,1,Medium Risk,33.96750000000001
ID01113,Male,23,Engineering,88.8,4.5,2.98,6.6,10,3.3,Excellent,Very Good,1,Low Risk,15.965
ID01114,Male,19,Mathematics,95.5,4.2,3.26,8.1,5,3.4,Excellent,Very Good,1,Low Risk,11.700000000000001
ID01115,Female,19,Computer Science,90.9,1.7,3.23,5.5,10,3.2,Excellent,Very Good,1,Medium Risk,24.032499999999995
ID01116,Female,22,Computer Science,69.5,5.1,2.67,8.4,7,2.54,Low,Good,1,Medium Risk,25.362499999999997
ID01117,Male,23,Computer Science,94.8,6.8,3.26,7.8,13,3.74,Excellent,Excellent,1,Low Risk,8.815000000000003
ID01118,Female,21,Economics,91.4,1.7,3.72,7.3,9,3.77,Excellent,Excellent,1,Medium Risk,19.519999999999992
ID01119,Male,21,Computer Science,68.9,2.9,2.93,7.2,8,3.1,Low,Very Good,1,Medium Risk,31.757499999999997
ID01120,Male,22,Engineering,73.2,6.6,3.18,7.6,10,3.38,Low,Very Good,1,Medium Risk,19.234999999999996
ID01121,Female,23,Business,95.3,2.5,3.2,6.9,8,3.34,Excellent,Very Good,1,Low Risk,19.115000000000002
ID01122,Female,22,Mathematics,81.5,2.8,2.96,5.5,7,3.12,Good,Very Good,1,Low Risk,26.225
ID01123,Female,23,Business,100.0,2.9,3.44,6.8,8,3.69,Excellent,Excellent,1,Low Risk,13.300000000000002
ID01124,Female,24,Economics,92.5,5.2,2.76,6.9,5,3.3,Excellent,Very Good,1,Low Risk,14.225000000000001
ID01125,Female,24,Business,77.7,7.4,3.77,5.2,5,3.74,Good,Excellent,1,Low Risk,12.047499999999998
ID01126,Female,18,Psychology,84.8,9.6,3.41,6.8,7,4.0,Good,Excellent,1,Low Risk,12.002500000000001
ID01127,Male,22,Computer Science,86.0,7.1,2.63,6.9,5,3.22,Excellent,Very Good,1,Low Risk,18.287499999999998
ID01128,Male,23,Economics,74.1,4.0,3.95,6.2,10,3.95,Low,Excellent,1,Medium Risk,16.0925
ID01129,Male,21,Engineering,71.3,5.8,3.18,7.5,5,3.26,Low,Very Good,1,Medium Risk,20.09
ID01130,Male,23,Computer Science,95.5,1.6,2.74,7.9,3,2.91,Excellent,Good,1,Medium Risk,26.65
ID01131,Female,24,Computer Science,97.7,12.4,3.65,6.0,8,4.0,Excellent,Excellent,1,Low Risk,4.097499999999999
ID01132,Male,23,Business,94.1,2.3,3.35,7.2,7,3.46,Excellent,Very Good,1,Low Risk,19.142500000000002
ID01133,Male,22,Psychology,100.0,5.5,2.21,8.4,3,2.68,Excellent,Good,1,Medium Risk,15.6625
ID01134,Male,18,Computer Science,76.9,4.4,2.84,5.5,10,2.64,Good,Good,1,Low Risk,22.944999999999997
ID01135,Female,18,Mathematics,100.0,1.5,3.24,4.5,4,3.29,Excellent,Very Good,1,Medium Risk,20.65
ID01136,Male,18,Mathematics,71.5,2.3,2.02,5.6,9,1.84,Low,Poor,0,Medium Risk,40.95
ID01137,Female,18,Computer Science,69.8,7.7,3.14,7.8,10,3.33,Low,Very Good,1,Medium Risk,21.115000000000002
ID01138,Male,24,Business,58.6,3.6,3.18,6.3,15,2.79,Critical,Good,1,High Risk,31.404999999999994
ID01139,Male,20,Business,78.3,2.1,2.51,5.1,9,2.41,Good,Average,1,Low Risk,34.4025
ID01140,Female,22,Engineering,77.4,3.3,3.24,8.9,7,3.14,Good,Very Good,1,Low Risk,23.619999999999994
ID01141,Female,19,Economics,92.9,2.1,3.1,5.2,4,3.28,Excellent,Very Good,1,Low Risk,22.669999999999995
ID01142,Male,22,Economics,88.7,2.8,2.5,6.7,5,2.84,Excellent,Good,1,Low Risk,27.010000000000005
ID01143,Female,20,Economics,67.1,1.2,3.56,8.1,8,3.25,Low,Very Good,1,Medium Risk,33.855000000000004
ID01144,Female,18,Psychology,79.1,4.0,3.52,8.0,6,3.74,Good,Excellent,1,Low Risk,17.605000000000004
ID01145,Male,20,Business,79.4,4.3,2.96,7.6,4,3.16,Good,Very Good,1,Low Risk,21.169999999999998
ID01146,Female,21,Engineering,58.4,2.8,3.0,6.0,9,2.82,Critical,Good,1,High Risk,36.27
ID01147,Female,21,Mathematics,70.3,7.6,3.46,7.8,5,3.7,Low,Excellent,1,Medium Risk,18.090000000000003
ID01148,Female,24,Economics,73.4,2.9,3.0,7.0,10,3.12,Low,Very Good,1,Medium Risk,29.12
ID01149,Female,22,Mathematics,100.0,3.6,2.13,7.6,12,2.51,Excellent,Good,1,Medium Risk,21.9625
ID01150,Female,22,Mathematics,87.9,2.7,3.34,9.1,9,3.51,Excellent,Excellent,1,Low Risk,20.42
ID01151,Female,19,Computer Science,94.9,3.1,2.69,5.2,6,3.0,Excellent,Very Good,1,Low Risk,21.357499999999998
ID01152,Female,24,Psychology,62.5,5.9,2.91,7.6,10,3.09,Low,Very Good,1,Medium Risk,26.412499999999998
ID01153,Female,19,Engineering,100.0,1.6,3.83,7.2,12,3.86,Excellent,Excellent,1,Medium Risk,15.0875
ID01154,Female,21,Psychology,100.0,5.1,3.03,8.4,7,3.53,Excellent,Excellent,1,Low Risk,8.4875
ID01155,Female,18,Computer Science,55.0,2.5,3.1,9.7,5,2.65,Critical,Good,1,High Risk,38.125
ID01156,Female,20,Engineering,74.4,1.7,3.35,9.6,15,3.21,Low,Very Good,1,Medium Risk,30.40749999999999
ID01157,Male,19,Engineering,92.4,3.2,3.35,8.3,13,3.52,Excellent,Excellent,1,Low Risk,16.307499999999997
ID01158,Female,23,Business,94.7,9.2,2.64,6.1,8,3.09,Excellent,Very Good,1,Low Risk,14.284999999999997
ID01159,Female,19,Psychology,74.8,5.5,3.07,6.4,10,3.33,Low,Very Good,1,Medium Risk,19.477500000000003
ID01160,Male,18,Psychology,80.4,3.1,3.12,8.1,6,3.4,Good,Very Good,1,Low Risk,24.119999999999997
ID01161,Female,18,Business,76.0,2.1,3.24,5.1,8,3.23,Good,Very Good,1,Low Risk,29.049999999999997
ID01162,Male,22,Mathematics,86.7,10.5,3.24,6.6,10,3.91,Excellent,Excellent,1,Low Risk,12.634999999999994
ID01163,Male,20,Computer Science,100.0,4.7,4.0,5.9,6,4.0,Excellent,Excellent,1,Low Risk,1.1999999999999993
ID01164,Female,18,Psychology,73.4,4.0,2.51,5.2,3,2.58,Low,Good,1,Medium Risk,29.0075
ID01165,Male,24,Business,100.0,5.4,3.59,7.4,10,3.94,Excellent,Excellent,1,Low Risk,3.587500000000001
ID01166,Female,19,Engineering,73.3,5.7,3.69,8.2,4,3.53,Low,Excellent,1,Medium Risk,14.727500000000003
ID01167,Female,19,Economics,72.3,2.9,3.35,7.9,10,3.49,Low,Very Good,1,Medium Risk,26.552500000000002
ID01168,Male,21,Business,97.3,6.4,2.77,7.2,9,3.11,Excellent,Very Good,1,Low Risk,11.977500000000001
ID01169,Male,18,Economics,98.8,1.4,3.93,6.5,10,4.0,Excellent,Excellent,1,Medium Risk,15.5525
ID01170,Male,23,Mathematics,97.8,5.6,2.0,6.2,9,2.48,Excellent,Average,1,Medium Risk,18.490000000000002
ID01171,Female,22,Computer Science,65.3,3.0,2.76,8.3,8,2.71,Low,Good,1,Medium Risk,34.465
ID01172,Female,20,Economics,78.0,7.8,3.69,6.2,12,3.83,Good,Excellent,1,Low Risk,12.6125
ID01173,Female,23,Mathematics,97.3,2.9,2.91,6.2,11,3.17,Excellent,Very Good,1,Low Risk,19.152500000000003
ID01174,Male,22,Economics,85.6,7.0,3.9,7.6,7,4.0,Excellent,Excellent,1,Low Risk,7.355000000000004
ID01175,Female,19,Engineering,68.9,4.8,2.34,5.5,9,2.21,Low,Average,1,Medium Risk,29.319999999999997
ID01176,Male,23,Engineering,91.9,14.0,2.54,7.1,13,3.48,Excellent,Very Good,1,Low Risk,16.419999999999995
ID01177,Female,22,Engineering,74.3,6.3,2.83,6.2,6,2.83,Low,Good,1,Medium Risk,21.802500000000002
ID01178,Male,19,Engineering,100.0,4.1,3.31,6.0,6,3.67,Excellent,Excellent,1,Low Risk,9.637500000000001
ID01179,Female,19,Business,100.0,1.1,2.99,6.6,5,3.21,Excellent,Very Good,1,Medium Risk,24.4375
ID01180,Male,19,Engineering,94.1,7.5,2.85,8.1,5,3.46,Excellent,Very Good,1,Low Risk,12.717500000000001
ID01181,Female,19,Engineering,100.0,7.7,3.81,7.3,8,4.0,Excellent,Excellent,1,Low Risk,1.6624999999999992
ID01182,Male,24,Business,86.0,3.2,3.86,7.4,7,4.0,Excellent,Excellent,1,Low Risk,14.725000000000001
ID01183,Female,19,Engineering,96.5,2.5,2.89,8.1,7,3.2,Excellent,Very Good,1,Low Risk,21.287499999999998
ID01184,Female,21,Mathematics,100.0,6.6,2.25,7.9,7,2.85,Excellent,Good,1,Medium Risk,15.312499999999998
ID01185,Male,23,Mathematics,88.7,4.7,2.02,6.7,7,2.22,Excellent,Average,1,Medium Risk,23.609999999999996
ID01186,Female,22,Psychology,81.2,3.6,3.22,7.8,7,3.72,Good,Excellent,1,Low Risk,20.884999999999998
ID01187,Female,21,Mathematics,59.4,5.2,3.43,6.7,7,3.32,Critical,Very Good,1,High Risk,23.257499999999997
ID01188,Male,24,Computer Science,83.8,3.2,3.13,7.7,9,3.51,Good,Excellent,1,Low Risk,22.102500000000003
ID01189,Male,21,Computer Science,97.4,7.7,3.06,8.6,6,3.58,Excellent,Excellent,1,Low Risk,9.394999999999998
ID01190,Female,18,Computer Science,99.2,3.3,2.7,7.8,11,2.9,Excellent,Good,1,Low Risk,18.534999999999997
ID01191,Male,18,Business,92.6,6.6,3.43,5.1,8,3.62,Excellent,Excellent,1,Low Risk,8.3175
ID01192,Female,18,Mathematics,76.9,4.1,3.94,6.3,14,3.89,Good,Excellent,1,Low Risk,14.52
ID01193,Male,20,Computer Science,55.3,4.9,1.99,8.0,6,1.9,Critical,Poor,0,High Risk,38.1025
ID01194,Female,18,Psychology,77.6,10.3,3.06,4.0,5,3.36,Good,Very Good,1,Low Risk,18.305000000000003
ID01195,Male,22,Business,80.4,2.9,2.61,7.5,7,2.85,Good,Good,1,Low Risk,29.3825
ID01196,Female,21,Psychology,80.3,6.3,2.35,7.4,6,2.71,Good,Good,1,Medium Risk,23.302500000000002
ID01197,Female,22,Mathematics,94.3,9.0,2.54,10.0,10,3.16,Excellent,Very Good,1,Low Risk,15.34
ID01198,Female,23,Engineering,100.0,6.2,3.29,7.6,5,3.73,Excellent,Excellent,1,Low Risk,6.2124999999999995
ID01199,Female,18,Psychology,86.9,7.9,3.3,6.8,7,3.89,Excellent,Excellent,1,Low Risk,12.02
ID01200,Male,24,Engineering,81.7,4.4,3.83,8.7,12,3.91,Good,Excellent,1,Low Risk,12.122499999999997
ID01201,Female,20,Business,81.1,6.0,3.1,6.5,6,3.52,Good,Excellent,1,Low Risk,16.380000000000003
ID01202,Male,23,Psychology,86.9,7.0,2.22,7.1,2,2.53,Excellent,Good,1,Medium Risk,21.46999999999999
ID01203,Male,24,Psychology,72.6,4.0,2.98,7.1,6,3.14,Low,Very Good,1,Medium Risk,25.255000000000003
ID01204,Male,20,Economics,86.8,13.6,2.41,7.9,4,3.14,Excellent,Very Good,1,Medium Risk,19.8525
ID01205,Male,23,Business,91.8,2.3,2.5,5.6,7,2.53,Excellent,Good,1,Low Risk,27.615000000000002
ID01206,Female,21,Business,88.1,2.1,3.39,8.3,11,3.72,Excellent,Excellent,1,Low Risk,22.292500000000004
ID01207,Female,22,Computer Science,91.9,9.7,3.2,6.2,5,3.64,Excellent,Excellent,1,Low Risk,10.644999999999996
ID01208,Male,19,Mathematics,91.5,8.8,3.39,10.0,7,3.76,Excellent,Excellent,1,Low Risk,9.162499999999998
ID01209,Male,22,Psychology,58.4,2.6,2.92,4.7,6,2.4,Critical,Average,1,High Risk,37.77
ID01210,Female,18,Psychology,94.6,7.9,3.5,5.9,4,4.0,Excellent,Excellent,1,Low Risk,6.805000000000003
ID01211,Male,24,Business,74.9,5.3,2.89,4.0,9,2.99,Low,Good,1,Medium Risk,21.007499999999997
ID01212,Male,19,Business,68.6,4.1,3.66,10.0,8,3.8,Low,Excellent,1,Medium Risk,20.705000000000002
ID01213,Male,20,Mathematics,68.4,2.5,3.27,5.2,11,3.22,Low,Very Good,1,Medium Risk,30.607499999999995
ID01214,Female,21,Business,91.5,3.8,3.0,8.1,6,3.13,Excellent,Very Good,1,Low Risk,17.375
ID01215,Female,21,Engineering,81.7,2.2,3.21,8.1,13,3.24,Good,Very Good,1,Low Risk,26.347499999999997
ID01216,Male,20,Engineering,59.8,3.4,3.09,5.6,10,2.81,Critical,Good,1,High Risk,32.4525
ID01217,Male,18,Economics,92.2,2.2,3.9,8.2,7,4.0,Excellent,Excellent,1,Low Risk,15.584999999999999
ID01218,Female,20,Engineering,63.4,1.6,3.22,5.4,7,3.21,Low,Very Good,1,Medium Risk,36.895
ID01219,Female,23,Engineering,87.1,8.0,3.1,5.8,5,3.66,Excellent,Excellent,1,Low Risk,13.68
ID01220,Male,24,Mathematics,88.6,3.6,2.98,4.7,6,3.33,Excellent,Very Good,1,Low Risk,19.655
ID01221,Female,24,Psychology,98.3,5.0,3.52,8.0,6,3.98,Excellent,Excellent,1,Low Risk,4.965000000000001
ID01222,Male,18,Engineering,100.0,2.8,3.45,4.1,12,3.73,Excellent,Excellent,1,Low Risk,13.6125
ID01223,Male,19,Economics,64.5,3.5,2.96,7.6,11,2.83,Low,Good,1,Medium Risk,31.075
ID01224,Female,20,Business,84.2,2.1,2.52,6.8,8,2.71,Good,Good,1,Low Risk,31.659999999999997
ID01225,Male,18,Engineering,80.9,9.7,2.65,9.6,10,3.17,Good,Very Good,1,Low Risk,20.4075
ID01226,Female,24,Economics,91.5,0.8,3.01,7.0,10,3.27,Excellent,Very Good,1,Medium Risk,29.287500000000005
ID01227,Male,19,Mathematics,88.2,6.7,3.77,8.3,5,4.0,Excellent,Excellent,1,Low Risk,7.322499999999998
ID01228,Male,20,Business,79.7,2.8,2.97,7.8,10,2.91,Good,Good,1,Low Risk,26.947499999999998
ID01229,Female,21,Economics,78.4,2.1,2.8,6.8,5,2.78,Good,Good,1,Low Risk,31.82
ID01230,Male,20,Engineering,68.3,1.5,2.22,8.7,9,2.0,Low,Average,1,Medium Risk,43.839999999999996
ID01231,Female,22,Psychology,99.8,4.4,3.86,7.6,7,4.0,Excellent,Excellent,1,Low Risk,3.7150000000000007
ID01232,Male,20,Business,91.9,6.2,3.38,8.3,8,3.93,Excellent,Excellent,1,Low Risk,9.069999999999999
ID01233,Male,22,Business,98.8,5.9,3.5,5.6,8,4.0,Excellent,Excellent,1,Low Risk,4.915000000000001
ID01234,Male,19,Psychology,80.3,3.1,3.58,7.8,7,3.7,Good,Excellent,1,Low Risk,20.14
ID01235,Female,20,Business,75.1,3.5,3.02,8.2,15,2.96,Good,Good,1,Low Risk,25.78
ID01236,Male,19,Engineering,68.8,2.1,3.14,5.4,12,3.08,Low,Very Good,1,Medium Risk,33.165
ID01237,Female,19,Business,90.4,2.3,3.84,6.9,11,4.0,Excellent,Excellent,1,Low Risk,16.52
ID01238,Male,24,Engineering,69.4,8.0,3.19,4.4,9,3.28,Low,Very Good,1,Medium Risk,20.857499999999998
ID01239,Female,18,Psychology,100.0,1.1,3.39,4.6,5,3.62,Excellent,Excellent,1,Medium Risk,20.9375
ID01240,Male,19,Computer Science,65.4,1.0,3.54,6.9,10,3.49,Low,Very Good,1,Medium Risk,35.595
ID01241,Female,19,Psychology,89.1,2.6,3.42,9.7,7,3.5,Excellent,Excellent,1,Low Risk,19.580000000000005
ID01242,Female,24,Engineering,100.0,9.6,3.04,9.8,2,3.61,Excellent,Excellent,1,Low Risk,8.399999999999999
ID01243,Female,24,Mathematics,94.0,4.1,3.08,6.5,11,3.34,Excellent,Very Good,1,Low Risk,14.350000000000001
ID01244,Female,20,Psychology,87.6,13.7,3.49,5.6,8,4.0,Excellent,Excellent,1,Low Risk,10.0425
ID01245,Female,24,Mathematics,70.5,3.3,3.49,8.4,4,3.51,Low,Excellent,1,Medium Risk,24.537499999999998
ID01246,Female,20,Mathematics,64.3,6.0,3.68,4.0,11,3.65,Low,Excellent,1,Medium Risk,18.865
ID01247,Male,21,Engineering,96.6,7.4,3.38,6.4,10,3.81,Excellent,Excellent,1,Low Risk,6.955000000000004
ID01248,Male,24,Engineering,100.0,12.3,3.4,5.9,7,4.0,Excellent,Excellent,1,Low Risk,5.25
ID01249,Female,18,Computer Science,78.4,2.7,2.88,6.9,11,2.87,Good,Good,1,Low Risk,28.72
ID01250,Female,19,Economics,67.9,4.0,2.81,9.1,4,2.62,Low,Good,1,Medium Risk,28.857499999999998
ID01251,Female,18,Business,48.1,3.6,3.49,4.0,7,3.14,Critical,Very Good,1,High Risk,33.4175
ID01252,Male,22,Psychology,70.3,6.3,2.81,7.5,12,3.04,Low,Very Good,1,Medium Risk,23.777500000000003
ID01253,Male,24,Engineering,83.3,9.1,3.09,7.5,5,3.69,Good,Excellent,1,Low Risk,15.477500000000003
ID01254,Male,19,Psychology,100.0,9.0,3.79,6.9,8,4.0,Excellent,Excellent,1,Low Risk,1.8374999999999995
ID01255,Female,18,Economics,95.1,2.7,3.71,7.4,10,3.94,Excellent,Excellent,1,Low Risk,13.942500000000004
ID01256,Male,24,Economics,89.6,2.3,3.25,7.8,8,3.67,Excellent,Excellent,1,Low Risk,22.042500000000004
ID01257,Male,24,Mathematics,79.0,5.9,2.95,7.2,4,2.99,Good,Good,1,Low Risk,18.6375
ID01258,Male,21,Business,76.3,1.9,3.04,4.0,3,2.8,Good,Good,1,Medium Risk,31.464999999999996
ID01259,Male,21,Computer Science,100.0,6.4,3.53,5.7,8,4.0,Excellent,Excellent,1,Low Risk,4.112500000000002
ID01260,Female,19,Psychology,88.0,4.0,3.08,9.4,13,3.15,Excellent,Very Good,1,Low Risk,17.45
ID01261,Male,22,Business,53.5,8.2,2.82,5.2,10,2.87,Critical,Good,1,High Risk,31.25
ID01262,Female,21,Computer Science,74.9,7.5,3.71,7.1,12,3.99,Low,Excellent,1,Medium Risk,13.832499999999998
ID01263,Male,21,Psychology,72.1,4.4,3.19,5.9,2,3.28,Low,Very Good,1,Medium Risk,22.0425
ID01264,Male,22,Business,76.8,1.8,2.81,7.9,8,2.78,Good,Good,1,Medium Risk,33.6525
ID01265,Male,18,Engineering,93.4,1.9,3.34,6.7,6,3.7,Excellent,Excellent,1,Medium Risk,21.145
ID01266,Male,21,Psychology,83.4,4.2,3.59,8.0,6,3.92,Good,Excellent,1,Low Risk,14.257499999999999
ID01267,Male,20,Business,83.8,5.3,2.6,7.6,6,3.05,Good,Very Good,1,Low Risk,19.540000000000003
ID01268,Male,23,Economics,100.0,3.3,3.0,6.4,9,3.38,Excellent,Very Good,1,Low Risk,15.55
ID01269,Female,23,Computer Science,74.6,2.2,2.98,4.0,6,3.0,Low,Very Good,1,Medium Risk,31.555000000000003
ID01270,Male,21,Business,100.0,3.4,3.33,5.7,5,3.36,Excellent,Very Good,1,Low Risk,12.2625
ID01271,Female,18,Engineering,74.9,8.3,3.42,5.2,7,3.43,Low,Very Good,1,Medium Risk,16.369999999999997
ID01272,Female,24,Psychology,86.3,3.4,2.82,5.2,8,3.12,Excellent,Very Good,1,Low Risk,22.89
ID01273,Female,18,Psychology,80.8,2.7,2.35,7.8,10,2.57,Good,Good,1,Medium Risk,32.2775
ID01274,Male,19,Psychology,86.9,1.8,3.62,10.0,5,3.83,Excellent,Excellent,1,Medium Risk,22.019999999999996
ID01275,Male,20,Engineering,91.7,3.9,2.54,4.0,6,2.68,Excellent,Good,1,Low Risk,20.91
ID01276,Male,18,Computer Science,91.5,7.5,3.24,4.7,9,3.72,Excellent,Excellent,1,Low Risk,10.474999999999998
ID01277,Male,22,Psychology,73.7,7.8,3.03,7.3,9,3.26,Low,Very Good,1,Medium Risk,20.322499999999998
ID01278,Female,20,Computer Science,68.2,2.4,3.18,6.6,5,3.0,Low,Very Good,1,Medium Risk,31.884999999999998
ID01279,Male,23,Business,100.0,4.4,3.93,7.7,8,4.0,Excellent,Excellent,1,Low Risk,3.012499999999997
ID01280,Male,20,Economics,77.7,2.5,4.0,6.9,12,4.0,Good,Excellent,1,Low Risk,20.034999999999997
ID01281,Female,22,Economics,95.5,3.2,2.28,9.0,5,2.6,Excellent,Good,1,Medium Risk,24.275
ID01282,Female,21,Computer Science,60.9,3.8,3.59,7.9,8,3.71,Low,Excellent,1,Medium Risk,25.982500000000005
ID01283,Female,22,Computer Science,80.8,2.9,3.02,8.3,11,3.02,Good,Very Good,1,Low Risk,25.615000000000006
ID01284,Male,22,Economics,83.1,0.3,3.62,8.5,7,3.69,Good,Excellent,1,Medium Risk,29.730000000000004
ID01285,Male,21,Psychology,92.1,9.7,3.58,5.2,7,4.0,Excellent,Excellent,1,Low Risk,7.230000000000002
ID01286,Male,21,Mathematics,44.2,2.7,3.8,7.9,6,3.37,Critical,Very Good,1,High Risk,36.06
ID01287,Male,21,Mathematics,87.5,2.6,3.24,8.0,11,3.57,Excellent,Excellent,1,Low Risk,21.875
ID01288,Male,21,Engineering,67.8,2.4,2.66,6.5,9,2.8,Low,Good,1,Medium Risk,36.615
ID01289,Male,21,Economics,89.9,1.4,3.56,6.5,6,3.88,Excellent,Excellent,1,Medium Risk,22.794999999999995
ID01290,Male,22,Economics,69.5,9.9,3.16,6.5,10,3.52,Low,Excellent,1,Medium Risk,21.074999999999996
ID01291,Male,19,Engineering,72.2,4.0,2.98,5.7,7,2.85,Low,Good,1,Medium Risk,25.435
ID01292,Male,19,Mathematics,80.9,5.4,2.86,4.9,8,3.23,Good,Very Good,1,Low Risk,18.57
ID01293,Female,18,Business,69.2,5.0,3.6,10.0,9,3.69,Low,Excellent,1,Medium Risk,17.36
ID01294,Female,19,Psychology,77.9,2.9,3.9,8.6,10,3.85,Good,Excellent,1,Low Risk,19.22
ID01295,Female,23,Psychology,67.1,4.0,2.5,7.0,8,2.65,Low,Good,1,Medium Risk,31.930000000000003
ID01296,Male,19,Business,57.5,6.1,3.41,4.8,10,3.08,Critical,Very Good,1,High Risk,24.287499999999998
ID01297,Male,22,Business,100.0,1.5,2.91,7.8,11,3.14,Excellent,Very Good,1,Medium Risk,23.537499999999998
ID01298,Male,21,Mathematics,65.6,3.2,2.37,6.5,8,2.4,Low,Average,1,Medium Risk,36.9425
ID01299,Female,21,Engineering,82.3,3.5,3.17,6.8,7,3.33,Good,Very Good,1,Low Risk,21.2275
ID01300,Female,24,Business,96.3,2.8,2.68,10.0,9,2.74,Excellent,Good,1,Low Risk,22.015
ID01301,Male,24,Engineering,75.8,2.8,2.31,9.8,7,2.12,Good,Average,1,Medium Risk,34.477500000000006
ID01302,Female,24,Computer Science,72.6,4.5,2.71,4.0,8,2.5,Low,Good,1,Medium Risk,25.617500000000003
ID01303,Male,22,Psychology,88.4,8.5,2.59,7.5,7,3.06,Excellent,Very Good,1,Low Risk,17.557499999999997
ID01304,Male,23,Mathematics,100.0,5.2,2.78,7.2,10,3.2,Excellent,Very Good,1,Low Risk,10.675
ID01305,Female,19,Psychology,67.5,2.3,2.44,7.5,7,2.42,Low,Average,1,Medium Risk,39.075
ID01306,Female,22,Mathematics,82.7,14.0,2.9,6.2,9,3.65,Good,Excellent,1,Low Risk,17.41
ID01307,Female,18,Computer Science,59.0,8.6,2.74,7.0,7,2.9,Critical,Good,1,High Risk,29.474999999999994
ID01308,Female,21,Psychology,79.1,3.0,3.29,5.4,6,3.18,Good,Very Good,1,Low Risk,23.617500000000003
ID01309,Male,24,Computer Science,85.5,8.6,3.4,8.6,3,3.93,Excellent,Excellent,1,Low Risk,11.775
ID01310,Female,20,Mathematics,72.2,4.5,3.23,8.5,8,3.02,Low,Very Good,1,Medium Risk,21.2475
ID01311,Male,18,Business,78.1,1.8,2.98,9.5,7,2.78,Good,Good,1,Medium Risk,31.580000000000002
ID01312,Female,24,Psychology,63.9,8.0,2.97,5.8,12,3.14,Low,Very Good,1,Medium Risk,25.2575
ID01313,Male,23,Computer Science,86.2,2.3,2.68,7.4,9,2.87,Excellent,Good,1,Low Risk,28.56
ID01314,Female,18,Economics,100.0,5.4,2.69,10.0,7,2.88,Excellent,Good,1,Low Risk,11.462499999999999
ID01315,Male,22,Psychology,68.5,4.4,3.45,6.0,13,3.4,Low,Very Good,1,Medium Risk,21.387499999999996
ID01316,Female,19,Psychology,75.7,5.6,2.22,5.5,6,2.24,Good,Average,1,Medium Risk,26.509999999999994
ID01317,Male,21,Psychology,92.5,10.3,3.06,7.5,7,3.55,Excellent,Excellent,1,Low Risk,11.6
ID01318,Female,23,Engineering,100.0,3.9,2.94,8.7,6,3.08,Excellent,Very Good,1,Low Risk,13.675
ID01319,Male,23,Computer Science,62.6,1.8,3.4,6.0,3,3.43,Low,Very Good,1,Medium Risk,34.879999999999995
ID01320,Male,20,Computer Science,82.5,2.6,2.39,9.9,9,2.46,Good,Average,1,Medium Risk,31.5625
ID01321,Male,18,Psychology,89.2,1.7,3.11,5.6,7,3.09,Excellent,Very Good,1,Medium Risk,25.847499999999997
ID01322,Male,20,Business,83.5,1.3,3.27,8.0,7,3.32,Good,Very Good,1,Medium Risk,28.6125
ID01323,Female,19,Psychology,47.8,7.5,2.15,6.0,7,2.27,Critical,Average,1,High Risk,39.6775
ID01324,Male,24,Engineering,92.5,4.3,2.56,6.3,9,2.76,Excellent,Good,1,Low Risk,18.775
ID01325,Female,19,Mathematics,100.0,3.7,3.05,8.2,4,3.26,Excellent,Very Good,1,Low Risk,13.5125
ID01326,Male,24,Engineering,86.7,3.0,3.36,6.7,12,3.66,Excellent,Excellent,1,Low Risk,19.585
ID01327,Male,20,Business,69.5,6.5,3.19,4.7,11,3.45,Low,Very Good,1,Medium Risk,20.8125
ID01328,Female,21,Psychology,77.3,9.2,3.38,5.8,9,3.75,Good,Excellent,1,Low Risk,15.640000000000002
ID01329,Female,19,Computer Science,100.0,2.3,2.56,8.1,6,2.62,Excellent,Good,1,Low Risk,23.4
ID01330,Male,20,Economics,98.6,5.2,2.31,7.6,3,2.55,Excellent,Good,1,Medium Risk,15.417500000000002
ID01331,Female,18,Psychology,94.6,7.2,3.14,8.1,10,3.53,Excellent,Excellent,1,Low Risk,9.955000000000002
ID01332,Female,20,Business,90.3,4.6,2.49,6.1,9,2.71,Excellent,Good,1,Medium Risk,19.1775
ID01333,Male,20,Computer Science,75.1,6.2,2.67,5.4,3,2.88,Good,Good,1,Low Risk,22.8425
ID01334,Female,22,Engineering,82.0,1.8,3.57,5.8,4,3.79,Good,Excellent,1,Medium Risk,24.6625
ID01335,Female,19,Mathematics,83.8,9.3,3.19,5.9,4,3.88,Good,Excellent,1,Low Risk,14.377500000000001
ID01336,Female,21,Mathematics,93.2,6.5,2.82,6.9,11,3.32,Excellent,Very Good,1,Low Risk,13.385
ID01337,Male,21,Psychology,100.0,5.6,2.75,5.2,9,3.03,Excellent,Very Good,1,Low Risk,10.9375
ID01338,Female,22,Engineering,100.0,6.9,3.41,8.6,4,3.81,Excellent,Excellent,1,Low Risk,5.162499999999999
ID01339,Male,24,Economics,63.7,3.3,3.21,7.8,14,3.09,Low,Very Good,1,Medium Risk,30.047500000000003
ID01340,Male,23,Economics,88.4,2.0,2.49,5.7,7,2.63,Excellent,Good,1,Medium Risk,30.432499999999994
ID01341,Male,24,Business,96.1,1.7,2.13,6.7,11,2.56,Excellent,Good,1,Medium Risk,31.317500000000003
ID01342,Male,21,Mathematics,94.3,1.5,4.0,5.7,7,4.0,Excellent,Excellent,1,Medium Risk,16.565
ID01343,Female,20,Engineering,75.6,5.2,2.49,6.8,7,2.42,Good,Average,1,Medium Risk,24.1925
ID01344,Female,22,Psychology,100.0,3.1,3.36,5.7,15,3.66,Excellent,Excellent,1,Low Risk,13.200000000000001
ID01345,Female,18,Computer Science,65.8,9.0,3.86,10.0,7,3.9,Low,Excellent,1,Medium Risk,16.615000000000002
ID01346,Male,19,Psychology,68.8,8.0,3.17,4.6,7,3.28,Low,Very Good,1,Medium Risk,21.302500000000002
ID01347,Male,19,Psychology,88.5,6.5,2.8,5.1,10,3.29,Excellent,Very Good,1,Low Risk,15.675
ID01348,Male,19,Engineering,100.0,5.7,2.39,6.6,8,2.68,Excellent,Good,1,Medium Risk,14.087499999999999
ID01349,Female,20,Mathematics,72.5,2.6,2.38,7.1,6,2.28,Low,Average,1,Medium Risk,36.15
ID01350,Male,18,Engineering,81.0,2.9,3.29,7.2,5,3.46,Good,Very Good,1,Low Risk,23.1625
ID01351,Female,22,Computer Science,100.0,2.5,3.83,8.4,10,4.0,Excellent,Excellent,1,Low Risk,11.487499999999999
ID01352,Female,22,Engineering,84.7,2.0,2.9,7.7,9,3.01,Good,Very Good,1,Low Risk,28.509999999999998
ID01353,Male,19,Business,80.0,3.7,2.82,5.6,8,3.07,Good,Very Good,1,Low Risk,24.525000000000002
ID01354,Female,18,Psychology,93.5,7.1,3.45,8.6,12,3.77,Excellent,Excellent,1,Low Risk,7.737499999999999
ID01355,Male,18,Mathematics,89.1,3.6,2.76,7.9,10,3.09,Excellent,Very Good,1,Low Risk,21.355000000000004
ID01356,Female,18,Economics,100.0,2.5,3.24,9.1,7,3.28,Excellent,Very Good,1,Low Risk,16.65
ID01357,Female,21,Computer Science,100.0,3.6,3.12,7.1,8,3.55,Excellent,Excellent,1,Low Risk,13.299999999999997
ID01358,Male,21,Economics,89.6,4.4,2.9,8.6,6,3.23,Excellent,Very Good,1,Low Risk,16.705000000000002
ID01359,Male,19,Psychology,89.4,2.9,3.09,4.0,7,3.1,Excellent,Very Good,1,Low Risk,21.1325
ID01360,Female,18,Engineering,88.2,3.8,3.98,6.3,7,4.0,Excellent,Excellent,1,Low Risk,10.285
ID01361,Female,23,Economics,92.3,14.0,3.4,5.6,6,4.0,Excellent,Excellent,1,Low Risk,8.715000000000002
ID01362,Male,18,Business,85.8,1.5,3.65,8.1,4,3.69,Excellent,Excellent,1,Medium Risk,23.4525
ID01363,Female,22,Engineering,85.0,0.8,2.64,5.9,3,2.65,Excellent,Good,1,Medium Risk,35.45
ID01364,Female,22,Psychology,100.0,4.2,3.65,8.5,5,3.91,Excellent,Excellent,1,Low Risk,6.2625
ID01365,Female,19,Economics,100.0,5.1,3.42,8.2,7,3.77,Excellent,Excellent,1,Low Risk,5.075
ID01366,Male,23,Computer Science,62.4,3.6,2.35,6.1,15,2.3,Low,Average,1,Medium Risk,36.9575
ID01367,Female,18,Economics,85.2,2.1,3.37,7.4,9,3.74,Excellent,Excellent,1,Low Risk,23.772499999999997
ID01368,Female,24,Economics,74.7,8.9,2.84,6.7,8,2.97,Low,Good,1,Medium Risk,21.535
ID01369,Male,23,Mathematics,80.3,4.1,2.33,7.2,6,2.64,Good,Good,1,Medium Risk,27.0775
ID01370,Male,19,Economics,91.0,4.4,3.16,8.1,10,3.45,Excellent,Very Good,1,Low Risk,13.799999999999997
ID01371,Female,22,Psychology,95.0,6.4,3.37,6.5,10,3.96,Excellent,Excellent,1,Low Risk,7.762499999999998
ID01372,Male,24,Computer Science,83.3,3.6,3.18,4.5,8,3.56,Good,Excellent,1,Low Risk,20.29
ID01373,Female,22,Psychology,56.3,3.4,3.05,7.9,6,2.67,Critical,Good,1,High Risk,34.377500000000005
ID01374,Male,21,Business,70.5,8.9,2.93,8.6,5,3.02,Low,Very Good,1,Medium Risk,22.6375
ID01375,Male,19,Engineering,98.4,1.2,4.0,4.5,12,4.0,Excellent,Excellent,1,Medium Risk,15.919999999999998
ID01376,Female,19,Economics,43.9,4.9,2.51,6.9,6,2.28,Critical,Average,1,High Risk,38.6825
ID01377,Male,18,Mathematics,100.0,4.6,3.54,5.6,9,3.96,Excellent,Excellent,1,Low Risk,5.625000000000001
ID01378,Male,18,Computer Science,92.8,3.1,3.11,8.7,4,3.12,Excellent,Very Good,1,Low Risk,18.6275
ID01379,Male,21,Mathematics,100.0,3.6,2.67,8.8,10,2.97,Excellent,Good,1,Low Risk,17.237499999999997
ID01380,Female,24,Mathematics,82.0,8.5,3.08,5.8,6,3.44,Good,Very Good,1,Low Risk,16.15
ID01381,Male,20,Mathematics,54.1,2.3,2.4,5.0,7,2.12,Critical,Average,1,High Risk,45.455
ID01382,Male,23,Economics,91.5,6.2,2.8,7.4,9,3.19,Excellent,Very Good,1,Low Risk,14.325
ID01383,Female,20,Computer Science,100.0,4.0,3.08,5.3,1,3.35,Excellent,Very Good,1,Low Risk,12.049999999999999
ID01384,Male,20,Computer Science,98.9,5.8,2.32,8.3,4,2.59,Excellent,Good,1,Medium Risk,15.194999999999999
ID01385,Female,19,Mathematics,75.1,5.1,3.35,6.8,10,3.43,Good,Very Good,1,Low Risk,16.892500000000002
ID01386,Male,23,Engineering,86.3,0.8,2.62,9.4,9,2.72,Excellent,Good,1,Medium Risk,35.040000000000006
ID01387,Female,19,Economics,77.0,2.3,2.37,9.5,14,2.33,Good,Average,1,Medium Risk,35.412499999999994
ID01388,Male,23,Economics,72.7,2.5,2.56,9.3,7,2.28,Low,Average,1,Medium Risk,34.885
ID01389,Female,22,Psychology,99.3,2.1,4.0,7.6,15,4.0,Excellent,Excellent,1,Low Risk,11.915000000000001
ID01390,Male,19,Economics,67.0,2.8,2.11,5.6,4,2.06,Low,Average,1,Medium Risk,40.1875
ID01391,Male,19,Mathematics,71.6,4.4,3.32,4.8,10,3.33,Low,Very Good,1,Medium Risk,21.130000000000003
ID01392,Male,19,Business,68.4,6.8,2.72,7.9,11,3.02,Low,Very Good,1,Medium Risk,25.419999999999995
ID01393,Male,24,Mathematics,62.6,1.7,2.92,8.0,12,3.01,Low,Very Good,1,Medium Risk,39.48
ID01394,Male,21,Computer Science,87.2,4.1,3.4,7.4,16,3.29,Excellent,Very Good,1,Low Risk,14.61
ID01395,Male,19,Economics,100.0,4.8,3.38,5.0,6,3.76,Excellent,Excellent,1,Low Risk,6.225000000000001
ID01396,Female,18,Economics,82.2,7.5,2.76,5.8,9,3.1,Good,Very Good,1,Low Risk,18.86
ID01397,Male,18,Psychology,62.4,9.5,2.42,7.1,8,2.74,Low,Good,1,Medium Risk,30.745
ID01398,Male,23,Business,97.6,3.5,3.41,6.1,15,3.79,Excellent,Excellent,1,Low Risk,12.242500000000001
ID01399,Female,22,Economics,100.0,2.1,3.38,5.8,6,3.4,Excellent,Very Good,1,Low Risk,17.025
ID01400,Female,21,Psychology,75.3,4.9,2.96,5.6,10,2.89,Good,Good,1,Low Risk,20.615000000000002
ID01401,Male,24,Psychology,77.8,2.2,3.32,6.8,5,3.47,Good,Very Good,1,Low Risk,27.14
ID01402,Male,23,Business,92.7,4.7,2.88,6.7,8,3.12,Excellent,Very Good,1,Low Risk,14.284999999999998
ID01403,Male,18,Mathematics,100.0,2.5,2.69,5.8,8,2.7,Excellent,Good,1,Low Risk,21.4625
ID01404,Female,21,Mathematics,77.2,5.4,3.1,7.0,12,3.35,Good,Very Good,1,Low Risk,18.134999999999998
ID01405,Female,21,Mathematics,65.0,2.6,3.36,7.4,15,3.31,Low,Very Good,1,Medium Risk,30.950000000000003
ID01406,Male,22,Engineering,94.5,9.0,3.25,7.5,5,3.92,Excellent,Excellent,1,Low Risk,9.0375
ID01407,Female,21,Mathematics,97.0,4.0,3.35,5.6,6,3.52,Excellent,Excellent,1,Low Risk,11.037499999999998
ID01408,Female,19,Business,85.1,1.3,2.72,6.5,8,2.81,Excellent,Good,1,Medium Risk,32.705
ID01409,Female,21,Engineering,76.6,6.9,3.89,7.0,6,3.97,Good,Excellent,1,Low Risk,11.492500000000001
ID01410,Female,22,Mathematics,99.9,3.6,2.93,7.2,6,3.14,Excellent,Very Good,1,Low Risk,15.007499999999997
ID01411,Male,23,Engineering,92.9,5.6,3.04,5.0,6,3.27,Excellent,Very Good,1,Low Risk,11.594999999999995
ID01412,Male,22,Business,73.5,6.9,2.44,6.5,15,2.52,Low,Good,1,Medium Risk,25.575
ID01413,Male,24,Mathematics,85.7,4.2,3.0,7.9,5,3.49,Excellent,Very Good,1,Low Risk,18.384999999999998
ID01414,Male,22,Computer Science,64.7,1.6,3.37,6.1,1,3.31,Low,Very Good,1,Medium Risk,34.9975
ID01415,Male,18,Economics,95.3,4.4,3.48,7.5,10,3.77,Excellent,Excellent,1,Low Risk,9.065
ID01416,Female,19,Business,81.1,8.3,3.88,7.0,7,4.0,Good,Excellent,1,Low Risk,9.555000000000003
ID01417,Male,18,Psychology,78.5,3.8,3.36,6.3,7,3.58,Good,Excellent,1,Low Risk,20.075000000000003
ID01418,Male,23,Psychology,84.5,5.1,3.24,8.9,8,3.42,Good,Very Good,1,Low Risk,13.624999999999996
ID01419,Male,20,Business,85.6,2.3,2.88,6.5,9,3.3,Excellent,Very Good,1,Low Risk,27.080000000000005
ID01420,Female,23,Psychology,98.4,1.4,2.77,6.7,7,3.08,Excellent,Very Good,1,Medium Risk,25.882499999999997
ID01421,Male,19,Business,93.9,3.6,3.59,6.3,12,3.97,Excellent,Excellent,1,Low Risk,11.932499999999997
ID01422,Male,21,Computer Science,82.7,4.1,3.58,9.2,11,3.88,Good,Excellent,1,Low Risk,15.059999999999999
ID01423,Male,22,Business,96.5,7.4,2.56,9.1,8,2.95,Excellent,Good,1,Low Risk,14.174999999999999
ID01424,Male,20,Mathematics,91.0,4.2,3.46,8.7,7,3.7,Excellent,Excellent,1,Low Risk,11.974999999999998
ID01425,Female,19,Mathematics,78.6,7.1,3.43,8.3,7,3.65,Good,Excellent,1,Low Risk,14.6175
ID01426,Female,18,Engineering,83.1,3.0,2.54,5.7,8,2.86,Good,Good,1,Low Risk,28.380000000000003
ID01427,Male,22,Psychology,82.8,1.5,3.37,6.3,9,3.62,Good,Excellent,1,Medium Risk,27.252499999999998
ID01428,Female,23,Economics,92.6,5.3,2.58,5.8,12,3.0,Excellent,Very Good,1,Low Risk,15.755000000000003
ID01429,Female,18,Psychology,79.5,8.8,1.89,8.5,5,2.2,Good,Average,1,High Risk,27.6875
ID01430,Female,19,Business,79.1,2.8,3.02,10.0,7,2.84,Good,Good,1,Low Risk,26.78000000000001
ID01431,Male,19,Economics,100.0,5.7,3.23,8.0,6,3.71,Excellent,Excellent,1,Low Risk,6.7375
ID01432,Male,23,Economics,99.1,5.9,3.04,9.5,6,3.36,Excellent,Very Good,1,Low Risk,8.805000000000001
ID01433,Male,20,Psychology,73.6,1.4,4.0,7.7,2,3.76,Low,Excellent,1,Medium Risk,26.28
ID01434,Female,23,Economics,93.6,3.5,3.29,7.5,6,3.67,Excellent,Excellent,1,Low Risk,15.092500000000001
ID01435,Male,21,Economics,86.8,6.0,3.17,6.1,7,3.65,Excellent,Excellent,1,Low Risk,13.2025
ID01436,Male,18,Mathematics,90.9,4.9,3.31,7.9,4,3.55,Excellent,Excellent,1,Low Risk,10.532499999999995
ID01437,Male,20,Computer Science,87.1,6.0,2.88,8.4,2,3.06,Excellent,Very Good,1,Low Risk,15.605000000000004
ID01438,Female,22,Business,100.0,5.5,3.56,8.6,4,3.78,Excellent,Excellent,1,Low Risk,3.849999999999999
ID01439,Male,24,Psychology,90.2,3.8,3.28,7.2,5,3.75,Excellent,Excellent,1,Low Risk,15.510000000000002
ID01440,Female,21,Mathematics,84.1,4.1,3.26,7.3,2,3.44,Good,Very Good,1,Low Risk,17.230000000000008
ID01441,Female,20,Engineering,100.0,7.3,2.79,6.9,9,3.29,Excellent,Very Good,1,Low Risk,10.587499999999999
ID01442,Male,24,Economics,88.5,4.4,2.32,6.2,10,2.56,Excellent,Good,1,Medium Risk,22.275
ID01443,Female,24,Economics,86.8,2.5,2.85,8.3,6,2.93,Excellent,Good,1,Low Risk,26.002499999999998
ID01444,Male,18,Psychology,89.7,3.6,3.24,4.2,9,3.58,Excellent,Excellent,1,Low Risk,16.884999999999998
ID01445,Female,19,Computer Science,83.6,5.1,2.88,4.5,10,3.33,Good,Very Good,1,Low Risk,17.180000000000003
ID01446,Male,22,Computer Science,85.1,7.0,3.25,6.2,7,3.78,Excellent,Excellent,1,Low Risk,13.267500000000002
ID01447,Female,23,Psychology,76.2,1.4,2.98,5.1,7,2.95,Good,Good,1,Medium Risk,34.035
ID01448,Female,18,Psychology,73.7,3.4,3.32,8.6,8,3.38,Low,Very Good,1,Medium Risk,24.185000000000002
ID01449,Female,21,Mathematics,70.0,6.7,2.61,6.3,5,2.68,Low,Good,1,Medium Risk,25.6625
ID01450,Female,24,Psychology,64.1,2.3,3.2,8.3,6,3.12,Low,Very Good,1,Medium Risk,33.955
ID01451,Male,21,Engineering,71.8,2.3,2.78,9.0,5,2.76,Low,Good,1,Medium Risk,34.165000000000006
ID01452,Female,24,Mathematics,82.4,4.0,2.33,7.1,7,2.7,Good,Good,1,Medium Risk,26.532499999999995
ID01453,Female,19,Economics,86.5,1.3,3.02,7.5,10,3.36,Excellent,Very Good,1,Medium Risk,29.45
ID01454,Female,19,Economics,80.9,10.2,3.87,8.8,6,4.0,Good,Excellent,1,Low Risk,9.732499999999996
ID01455,Male,22,Economics,49.7,5.1,2.37,8.5,7,1.99,Critical,Poor,0,High Risk,36.897499999999994
ID01456,Female,23,Economics,100.0,5.7,3.16,4.0,8,3.57,Excellent,Excellent,1,Low Risk,7.349999999999998
ID01457,Female,22,Business,100.0,7.6,3.5,6.4,7,4.0,Excellent,Excellent,1,Low Risk,4.375
ID01458,Female,19,Engineering,91.7,13.4,4.0,7.8,5,4.0,Excellent,Excellent,1,Low Risk,3.734999999999999
ID01459,Male,19,Mathematics,100.0,3.8,2.85,7.3,8,3.03,Excellent,Very Good,1,Low Risk,14.862499999999999
ID01460,Female,21,Mathematics,70.3,1.4,2.78,5.5,8,2.45,Low,Average,1,Medium Risk,38.440000000000005
ID01461,Male,19,Economics,100.0,4.8,2.52,4.4,9,2.94,Excellent,Good,1,Low Risk,13.75
ID01462,Female,20,Computer Science,70.5,2.4,3.67,7.9,6,3.61,Low,Excellent,1,Medium Risk,26.5625
ID01463,Male,24,Mathematics,88.6,1.8,2.67,5.7,2,2.7,Excellent,Good,1,Medium Risk,29.567500000000003
ID01464,Female,18,Engineering,65.9,2.9,2.91,6.8,8,2.74,Low,Good,1,Medium Risk,33.2825
ID01465,Female,19,Psychology,85.2,3.8,2.18,7.2,3,2.43,Excellent,Average,1,Medium Risk,27.384999999999998
ID01466,Male,22,Engineering,90.8,7.7,3.54,6.8,8,3.99,Excellent,Excellent,1,Low Risk,8.165000000000001
ID01467,Female,23,Economics,82.7,10.3,3.68,5.6,7,4.0,Good,Excellent,1,Low Risk,10.584999999999997
ID01468,Male,24,Economics,95.7,2.0,3.52,6.9,7,3.9,Excellent,Excellent,1,Low Risk,18.134999999999998
ID01469,Female,24,Business,86.5,3.1,2.3,6.2,12,2.44,Excellent,Average,1,Medium Risk,28.550000000000004
ID01470,Female,23,Mathematics,77.2,5.6,3.4,9.5,5,3.53,Good,Excellent,1,Low Risk,15.51
ID01471,Female,23,Mathematics,76.5,6.0,2.26,7.3,5,2.44,Good,Average,1,Medium Risk,25.800000000000004
ID01472,Female,24,Mathematics,97.2,2.2,3.13,10.0,6,3.18,Excellent,Very Good,1,Low Risk,20.072499999999998
ID01473,Female,20,Economics,75.2,6.7,3.2,5.0,17,3.08,Good,Very Good,1,Low Risk,18.159999999999997
ID01474,Male,22,Mathematics,98.7,2.5,3.26,6.5,9,3.35,Excellent,Very Good,1,Low Risk,17.060000000000002
ID01475,Male,20,Computer Science,100.0,2.1,3.37,6.5,6,3.72,Excellent,Excellent,1,Low Risk,17.112499999999997
ID01476,Female,19,Computer Science,60.0,5.5,3.1,5.8,8,3.28,Low,Very Good,1,Medium Risk,25.875
ID01477,Female,18,Psychology,100.0,7.8,2.12,6.5,11,2.81,Excellent,Good,1,Medium Risk,16.45
ID01478,Female,23,Mathematics,100.0,4.8,3.37,6.3,4,3.87,Excellent,Excellent,1,Low Risk,6.312499999999999
ID01479,Female,22,Business,88.8,4.3,3.15,5.5,7,3.59,Excellent,Excellent,1,Low Risk,15.277500000000003
ID01480,Male,23,Psychology,94.0,3.8,2.65,9.7,10,2.97,Excellent,Good,1,Low Risk,19.3125
ID01481,Female,20,Economics,100.0,4.2,2.32,6.9,12,2.75,Excellent,Good,1,Medium Risk,17.900000000000002
ID01482,Male,21,Mathematics,80.9,3.5,3.87,8.4,7,3.91,Good,Excellent,1,Low Risk,15.732499999999996
ID01483,Male,19,Computer Science,87.7,5.5,3.72,8.5,6,3.91,Excellent,Excellent,1,Low Risk,7.984999999999998
ID01484,Male,18,Business,65.3,4.2,3.45,9.1,10,3.52,Low,Excellent,1,Medium Risk,23.6275
ID01485,Male,19,Psychology,87.1,12.9,2.76,5.5,4,3.65,Excellent,Excellent,1,Low Risk,16.655000000000005
ID01486,Male,21,Business,92.5,4.9,1.84,8.9,7,2.22,Excellent,Average,1,High Risk,22.674999999999997
ID01487,Male,18,Mathematics,92.7,3.5,3.48,6.9,10,3.84,Excellent,Excellent,1,Low Risk,13.834999999999999
ID01488,Female,21,Engineering,100.0,2.0,3.28,10.0,5,3.3,Excellent,Very Good,1,Low Risk,18.3
ID01489,Male,19,Business,73.4,2.2,2.91,7.8,10,3.05,Low,Very Good,1,Medium Risk,32.707499999999996
ID01490,Male,20,Business,77.0,5.0,3.66,5.3,4,3.72,Good,Excellent,1,Low Risk,13.325
ID01491,Male,24,Economics,100.0,2.8,3.52,8.9,7,3.71,Excellent,Excellent,1,Low Risk,13.000000000000002
ID01492,Male,19,Computer Science,82.7,4.5,3.19,8.7,10,3.61,Good,Excellent,1,Low Risk,16.8725
ID01493,Male,19,Mathematics,88.0,8.0,3.12,5.1,12,3.75,Excellent,Excellent,1,Low Risk,13.099999999999998
ID01494,Male,19,Business,84.0,1.8,3.13,8.1,13,3.22,Good,Very Good,1,Medium Risk,27.6125
ID01495,Female,22,Mathematics,72.7,3.6,3.44,9.4,6,3.38,Low,Very Good,1,Medium Risk,22.784999999999997
ID01496,Female,21,Computer Science,100.0,0.6,2.67,7.7,8,2.7,Excellent,Good,1,Medium Risk,29.237500000000004
ID01497,Female,21,Economics,77.1,1.4,3.31,5.5,8,3.31,Good,Very Good,1,Medium Risk,30.7425
ID01498,Male,23,Mathematics,68.1,4.6,2.64,8.5,11,2.47,Low,Average,1,Medium Risk,27.855000000000004
ID01499,Male,21,Computer Science,78.2,1.5,3.77,8.0,9,3.87,Good,Excellent,1,Medium Risk,25.822499999999998
ID01500,Female,23,Computer Science,55.0,1.7,3.37,6.7,13,2.88,Critical,Good,1,High Risk,38.9625
ID01501,Male,22,Psychology,75.2,9.7,2.76,6.3,9,3.26,Good,Very Good,1,Low Risk,22.009999999999998
ID01502,Male,20,Economics,70.5,2.7,3.14,8.0,6,3.11,Low,Very Good,1,Medium Risk,30.0
ID01503,Male,23,Economics,94.3,2.1,2.67,5.6,11,2.86,Excellent,Good,1,Low Risk,25.802500000000002
ID01504,Male,19,Mathematics,74.9,8.0,3.85,7.3,10,3.91,Low,Excellent,1,Medium Risk,12.607499999999998
ID01505,Male,20,Engineering,98.3,2.1,3.91,8.8,3,4.0,Excellent,Excellent,1,Low Risk,13.1525
ID01506,Male,24,Psychology,100.0,4.9,3.45,9.3,12,3.74,Excellent,Excellent,1,Low Risk,5.212499999999997
ID01507,Female,22,Economics,96.7,5.0,3.88,6.2,9,4.0,Excellent,Excellent,1,Low Risk,2.5349999999999997
ID01508,Male,21,Computer Science,81.8,6.5,3.18,4.6,9,3.62,Good,Excellent,1,Low Risk,15.364999999999998
ID01509,Female,23,Economics,87.1,1.9,3.48,5.9,4,3.76,Excellent,Excellent,1,Medium Risk,22.755000000000003
ID01510,Female,19,Engineering,62.1,2.3,3.71,8.2,11,3.38,Low,Very Good,1,Medium Risk,30.392500000000002
ID01511,Female,18,Business,83.0,2.7,3.1,5.9,9,3.28,Good,Very Good,1,Low Risk,24.725
ID01512,Female,24,Business,72.1,2.4,3.14,8.6,10,2.82,Low,Good,1,Medium Risk,30.480000000000004
ID01513,Female,18,Economics,95.4,6.3,3.57,5.9,8,4.0,Excellent,Excellent,1,Low Risk,5.832499999999999
ID01514,Male,20,Economics,100.0,5.0,3.42,6.2,11,3.68,Excellent,Excellent,1,Low Risk,5.075
ID01515,Male,21,Psychology,92.5,5.4,2.72,6.7,6,2.96,Excellent,Good,1,Low Risk,14.574999999999998
ID01516,Male,18,Economics,55.1,1.3,2.01,8.4,8,1.67,Critical,Poor,0,High Risk,52.417500000000004
ID01517,Female,20,Engineering,79.6,4.5,3.01,4.6,6,2.96,Good,Good,1,Low Risk,19.842500000000005
ID01518,Female,22,Economics,86.8,8.7,2.05,7.4,9,2.47,Excellent,Average,1,Medium Risk,23.0025
ID01519,Male,20,Mathematics,86.3,12.0,2.6,7.4,7,3.41,Excellent,Very Good,1,Low Risk,18.415000000000003
ID01520,Female,24,Engineering,74.0,3.0,2.66,5.5,6,2.64,Low,Good,1,Medium Risk,31.425
ID01521,Male,20,Psychology,88.7,6.6,2.82,7.5,5,3.33,Excellent,Very Good,1,Low Risk,15.41
ID01522,Female,24,Mathematics,66.4,2.4,3.51,6.7,6,3.41,Low,Very Good,1,Medium Risk,29.807499999999997
ID01523,Male,20,Mathematics,70.8,1.4,3.62,5.3,4,3.41,Low,Very Good,1,Medium Risk,30.865000000000002
ID01524,Male,19,Business,94.7,1.5,3.35,6.9,7,3.76,Excellent,Excellent,1,Medium Risk,22.072499999999998
ID01525,Male,20,Engineering,69.8,8.1,3.42,5.4,11,3.59,Low,Excellent,1,Medium Risk,18.665000000000003
ID01526,Male,23,Mathematics,93.1,3.1,3.43,6.0,6,3.69,Excellent,Excellent,1,Low Risk,15.692500000000003
ID01527,Male,20,Psychology,64.5,2.7,1.85,8.3,6,1.82,Low,Poor,0,High Risk,43.987500000000004
ID01528,Male,19,Business,100.0,6.1,3.11,6.5,12,3.4,Excellent,Very Good,1,Low Risk,7.7875000000000005
ID01529,Female,19,Mathematics,73.4,1.7,2.2,8.3,3,1.95,Low,Poor,0,Medium Risk,40.91999999999999
ID01530,Male,22,Engineering,81.6,5.3,3.35,6.8,8,3.66,Good,Excellent,1,Low Risk,13.967500000000001
ID01531,Male,24,Business,90.0,3.5,2.05,5.6,8,2.35,Excellent,Average,1,Medium Risk,27.5625
ID01532,Female,21,Engineering,76.5,11.3,3.01,7.7,7,3.47,Good,Very Good,1,Low Risk,19.237500000000004
ID01533,Female,18,Engineering,87.2,3.1,3.37,7.8,7,3.78,Excellent,Excellent,1,Low Risk,18.8725
ID01534,Male,18,Engineering,93.6,3.7,2.54,5.2,7,2.75,Excellent,Good,1,Low Risk,20.855
ID01535,Male,20,Business,99.4,1.4,3.58,8.7,13,3.57,Excellent,Excellent,1,Medium Risk,18.344999999999995
ID01536,Male,22,Mathematics,96.9,12.3,3.35,9.3,11,3.89,Excellent,Excellent,1,Low Risk,7.082499999999996
ID01537,Male,20,Economics,82.4,3.2,3.29,7.9,11,3.76,Good,Excellent,1,Low Risk,21.332499999999996
ID01538,Female,18,Computer Science,82.8,9.9,3.45,7.1,4,3.92,Good,Excellent,1,Low Risk,12.552499999999998
ID01539,Male,24,Mathematics,100.0,1.1,2.92,10.0,7,3.06,Excellent,Very Good,1,Medium Risk,25.05
ID01540,Male,24,Business,99.2,4.7,3.18,7.8,9,3.46,Excellent,Very Good,1,Low Risk,8.734999999999996
ID01541,Female,24,Computer Science,71.2,11.6,3.11,7.3,10,3.43,Low,Very Good,1,Medium Risk,20.7475
ID01542,Male,19,Computer Science,86.5,2.7,3.09,9.5,5,3.11,Excellent,Very Good,1,Low Risk,23.237500000000004
ID01543,Female,21,Computer Science,80.0,4.5,2.76,9.4,10,3.23,Good,Very Good,1,Low Risk,21.85
ID01544,Male,22,Economics,83.0,8.2,2.48,4.8,10,2.76,Good,Good,1,Medium Risk,20.95
ID01545,Female,19,Psychology,66.6,3.2,2.93,6.2,11,2.8,Low,Good,1,Medium Risk,31.5925
ID01546,Male,21,Business,78.8,1.4,2.9,7.9,10,2.77,Good,Good,1,Medium Risk,33.565
ID01547,Female,22,Economics,100.0,2.9,2.73,8.8,3,2.91,Excellent,Good,1,Low Risk,19.512500000000003
ID01548,Female,22,Economics,93.7,4.8,3.53,5.3,4,4.0,Excellent,Excellent,1,Low Risk,7.7475000000000005
ID01549,Male,18,Psychology,47.6,4.7,2.51,8.4,1,2.09,Critical,Average,1,High Risk,37.817499999999995
ID01550,Female,19,Computer Science,100.0,5.9,3.01,6.4,8,3.54,Excellent,Excellent,1,Low Risk,8.662500000000001
ID01551,Female,22,Psychology,100.0,2.3,3.68,8.1,17,3.61,Excellent,Excellent,1,Low Risk,13.6
ID01552,Female,23,Psychology,79.6,11.1,3.55,6.1,5,3.96,Good,Excellent,1,Low Risk,13.117500000000003
ID01553,Female,24,Economics,95.8,2.3,3.71,4.0,7,3.78,Excellent,Excellent,1,Low Risk,15.227500000000003
ID01554,Female,22,Business,72.1,4.2,2.8,4.3,6,2.62,Low,Good,1,Medium Risk,26.255000000000003
ID01555,Male,21,Engineering,77.9,4.9,3.49,5.3,8,3.36,Good,Very Good,1,Low Risk,14.807499999999994
ID01556,Male,18,Psychology,100.0,4.6,2.57,6.1,9,2.89,Excellent,Good,1,Low Risk,14.112500000000002
ID01557,Female,20,Psychology,80.9,1.9,2.96,7.0,7,3.06,Good,Very Good,1,Medium Risk,30.095
ID01558,Male,24,Computer Science,57.0,8.3,3.01,6.2,8,3.17,Critical,Very Good,1,High Risk,28.012500000000003
ID01559,Female,18,Computer Science,84.1,2.8,2.81,6.9,10,3.08,Good,Very Good,1,Low Risk,26.367500000000007
ID01560,Female,20,Economics,83.8,5.1,2.92,6.3,7,3.34,Good,Very Good,1,Low Risk,16.740000000000002
ID01561,Male,19,Computer Science,100.0,4.5,2.85,7.0,12,3.27,Excellent,Very Good,1,Low Risk,12.062499999999998
ID01562,Male,19,Mathematics,85.2,4.5,2.61,8.4,9,2.76,Excellent,Good,1,Low Risk,20.822499999999998
ID01563,Female,22,Psychology,78.7,1.3,3.53,7.0,8,3.44,Good,Very Good,1,Medium Risk,28.497500000000002
ID01564,Male,23,Computer Science,100.0,2.7,3.01,7.8,9,3.12,Excellent,Very Good,1,Low Risk,17.862500000000004
ID01565,Female,19,Business,86.8,5.1,3.2,8.1,4,3.69,Excellent,Excellent,1,Low Risk,12.94
ID01566,Male,22,Mathematics,73.7,1.4,3.18,6.8,9,3.09,Low,Very Good,1,Medium Risk,33.41
ID01567,Female,24,Economics,100.0,3.5,3.13,4.3,6,3.17,Excellent,Very Good,1,Low Risk,13.6125
ID01568,Male,18,Engineering,87.9,4.3,3.15,7.4,9,3.55,Excellent,Excellent,1,Low Risk,15.6825
ID01569,Female,19,Psychology,85.0,5.8,2.95,6.0,10,3.23,Excellent,Very Good,1,Low Risk,15.937499999999998
ID01570,Male,18,Psychology,87.7,4.2,3.81,8.3,11,4.0,Excellent,Excellent,1,Low Risk,10.397499999999997
ID01571,Female,18,Business,68.9,3.6,3.48,9.0,7,3.59,Low,Excellent,1,Medium Risk,24.144999999999996
ID01572,Male,23,Engineering,77.1,4.6,3.11,6.6,9,3.36,Good,Very Good,1,Low Risk,19.692500000000006
ID01573,Female,19,Engineering,85.1,3.4,2.88,7.2,4,3.17,Excellent,Very Good,1,Low Risk,22.905
ID01574,Female,18,Economics,82.1,2.2,3.04,8.0,3,3.39,Good,Very Good,1,Low Risk,27.655
ID01575,Male,23,Economics,100.0,2.9,3.31,5.8,8,3.37,Excellent,Very Good,1,Low Risk,14.437500000000002
ID01576,Male,23,Mathematics,88.3,5.0,3.85,7.0,9,4.0,Excellent,Excellent,1,Low Risk,6.577500000000001
ID01577,Male,19,Psychology,97.8,3.6,2.41,4.7,8,2.77,Excellent,Good,1,Medium Risk,20.5025
ID01578,Female,23,Computer Science,85.1,14.0,3.43,8.6,10,4.0,Excellent,Excellent,1,Low Risk,11.6925
ID01579,Female,19,Economics,100.0,1.8,3.66,9.5,7,3.96,Excellent,Excellent,1,Medium Risk,15.774999999999999
ID01580,Male,19,Business,91.0,5.0,2.36,7.1,4,2.93,Excellent,Good,1,Medium Risk,18.4
ID01581,Male,20,Business,85.2,5.4,3.01,5.9,7,3.27,Excellent,Very Good,1,Low Risk,15.322500000000002
ID01582,Male,18,Business,84.8,4.2,2.57,7.4,10,2.86,Good,Good,1,Low Risk,22.552500000000002
ID01583,Female,21,Economics,70.7,3.3,3.32,5.1,10,3.21,Low,Very Good,1,Medium Risk,25.935
ID01584,Male,19,Economics,92.6,3.9,2.92,6.3,8,3.33,Excellent,Very Good,1,Low Risk,17.180000000000003
ID01585,Female,18,Business,84.4,4.0,3.03,6.4,8,3.18,Good,Very Good,1,Low Risk,19.5075
ID01586,Male,24,Economics,77.5,9.3,2.89,6.2,7,3.22,Good,Very Good,1,Low Risk,19.8375
ID01587,Female,23,Computer Science,100.0,1.1,3.46,7.3,6,3.47,Excellent,Very Good,1,Medium Risk,20.325000000000003
ID01588,Male,22,Computer Science,66.2,2.2,3.21,7.7,9,3.15,Low,Very Good,1,Medium Risk,33.3225
ID01589,Male,19,Mathematics,78.7,4.6,3.22,7.0,15,3.13,Good,Very Good,1,Low Risk,18.009999999999998
ID01590,Female,23,Psychology,100.0,7.2,3.18,8.4,10,3.61,Excellent,Excellent,1,Low Risk,7.174999999999998
ID01591,Female,23,Computer Science,89.7,2.3,3.39,7.6,11,3.58,Excellent,Excellent,1,Low Risk,20.772499999999997
ID01592,Female,23,Mathematics,84.3,1.9,2.97,6.3,8,3.21,Good,Very Good,1,Medium Risk,28.4775
ID01593,Male,23,Engineering,88.8,3.7,3.95,6.8,5,4.0,Excellent,Excellent,1,Low Risk,10.677499999999998
ID01594,Male,23,Psychology,87.7,2.2,2.48,6.9,7,2.68,Excellent,Good,1,Medium Risk,30.034999999999997
ID01595,Female,19,Computer Science,62.3,3.7,2.24,6.4,8,2.36,Low,Average,1,Medium Risk,37.565
ID01596,Female,24,Engineering,79.8,2.2,2.2,7.8,8,2.23,Good,Average,1,Medium Risk,36.03999999999999
ID01597,Male,21,Mathematics,100.0,5.8,2.06,4.0,11,2.55,Excellent,Good,1,Medium Risk,16.974999999999998
ID01598,Male,20,Computer Science,75.1,2.3,3.44,7.0,4,3.34,Good,Very Good,1,Low Risk,26.905000000000005
ID01599,Male,23,Computer Science,80.2,1.2,3.38,7.5,8,3.41,Good,Very Good,1,Medium Risk,29.535
ID01600,Female,23,Economics,76.9,5.8,3.7,7.9,9,4.0,Good,Excellent,1,Low Risk,13.019999999999996
ID01601,Male,20,Engineering,83.7,4.0,2.57,8.7,5,2.76,Good,Good,1,Low Risk,23.8475
ID01602,Male,24,Computer Science,76.3,3.1,3.47,6.8,8,3.35,Good,Very Good,1,Low Risk,22.9025
ID01603,Male,24,Business,92.3,3.1,3.13,8.2,8,3.5,Excellent,Excellent,1,Low Risk,18.677500000000002
ID01604,Male,19,Economics,88.0,4.3,3.18,7.9,7,3.42,Excellent,Very Good,1,Low Risk,15.375
ID01605,Male,18,Economics,96.6,1.9,3.41,7.4,9,3.67,Excellent,Excellent,1,Medium Risk,19.0925
ID01606,Male,22,Computer Science,69.2,1.5,2.72,4.9,8,2.65,Low,Good,1,Medium Risk,39.059999999999995
ID01607,Male,22,Economics,79.9,2.3,4.0,8.6,11,3.96,Good,Excellent,1,Low Risk,19.845
ID01608,Female,18,Psychology,81.6,3.3,3.77,7.1,4,3.9,Good,Excellent,1,Low Risk,17.0925
ID01609,Male,19,Engineering,91.8,2.2,2.83,6.6,9,2.97,Excellent,Good,1,Low Risk,25.127499999999998
ID01610,Male,22,Psychology,73.1,9.2,2.55,5.3,8,2.92,Low,Good,1,Medium Risk,24.792500000000004
ID01611,Female,24,Mathematics,98.7,2.3,3.06,4.0,4,3.25,Excellent,Very Good,1,Low Risk,19.61
ID01612,Female,20,Psychology,100.0,4.1,3.19,9.9,10,3.52,Excellent,Excellent,1,Low Risk,10.6875
ID01613,Male,18,Business,70.2,5.2,3.63,7.5,5,3.7,Low,Excellent,1,Medium Risk,16.6475
ID01614,Male,24,Economics,77.6,7.7,2.52,5.3,7,2.75,Good,Good,1,Low Risk,23.03
ID01615,Male,21,Economics,77.0,10.1,3.24,5.1,10,3.41,Good,Very Good,1,Low Risk,16.999999999999996
ID01616,Female,19,Business,100.0,12.2,2.34,6.6,6,2.99,Excellent,Good,1,Medium Risk,14.524999999999999
ID01617,Female,18,Economics,78.6,7.5,3.32,8.2,4,3.64,Good,Excellent,1,Low Risk,15.580000000000004
ID01618,Female,22,Psychology,100.0,6.8,3.05,7.9,6,3.4,Excellent,Very Good,1,Low Risk,8.3125
ID01619,Female,19,Mathematics,66.0,2.0,4.0,8.0,11,4.0,Low,Excellent,1,Medium Risk,27.3
ID01620,Female,20,Computer Science,70.2,5.4,2.33,5.7,11,2.52,Low,Good,1,Medium Risk,28.022499999999997
ID01621,Male,19,Business,74.7,3.4,3.79,6.7,11,3.9,Low,Excellent,1,Medium Risk,19.622500000000002
ID01622,Male,19,Psychology,72.3,3.4,2.25,7.2,9,2.3,Low,Average,1,Medium Risk,34.1775
ID01623,Female,20,Psychology,81.0,3.1,2.44,6.9,8,2.55,Good,Good,1,Medium Risk,29.8
ID01624,Female,23,Psychology,74.4,2.0,2.26,7.8,10,2.26,Low,Average,1,Medium Risk,38.745
ID01625,Male,20,Computer Science,72.7,2.8,3.23,9.4,6,3.23,Low,Very Good,1,Medium Risk,27.822499999999998
ID01626,Female,24,Engineering,100.0,2.2,2.51,7.3,5,2.86,Excellent,Good,1,Low Risk,24.2375
ID01627,Male,19,Economics,100.0,1.1,2.43,6.1,11,2.5,Excellent,Good,1,Medium Risk,29.3375
ID01628,Male,20,Economics,99.2,8.3,3.2,4.8,8,3.68,Excellent,Excellent,1,Low Risk,7.359999999999997
ID01629,Male,23,Mathematics,92.9,4.0,3.33,7.3,8,3.7,Excellent,Excellent,1,Low Risk,13.057499999999997
ID01630,Male,24,Engineering,86.4,4.1,3.12,6.0,8,3.54,Excellent,Excellent,1,Low Risk,17.419999999999998
ID01631,Female,18,Economics,77.5,3.8,3.02,7.6,9,3.19,Good,Very Good,1,Low Risk,23.5
ID01632,Male,20,Mathematics,70.7,7.1,4.0,7.5,7,4.0,Low,Excellent,1,Medium Risk,13.184999999999999
ID01633,Female,20,Mathematics,90.4,4.4,3.17,9.3,4,3.3,Excellent,Very Good,1,Low Risk,13.982499999999995
ID01634,Female,19,Psychology,67.4,8.5,3.5,7.3,7,3.58,Low,Excellent,1,Medium Risk,19.044999999999998
ID01635,Female,24,Business,70.1,5.7,3.17,7.7,9,3.16,Low,Very Good,1,Medium Risk,20.7175
ID01636,Male,18,Psychology,100.0,2.5,2.55,6.0,5,2.64,Excellent,Good,1,Low Risk,22.6875
ID01637,Male,21,Computer Science,100.0,7.8,3.37,4.9,9,3.78,Excellent,Excellent,1,Low Risk,5.512499999999998
ID01638,Male,21,Economics,90.9,4.8,2.77,8.6,6,2.97,Excellent,Good,1,Low Risk,15.657499999999999
ID01639,Female,22,Mathematics,100.0,3.8,3.05,8.8,12,3.09,Excellent,Very Good,1,Low Risk,13.1125
ID01640,Female,20,Business,81.3,6.7,3.25,6.5,5,3.57,Good,Excellent,1,Low Risk,14.977500000000001
ID01641,Male,20,Economics,64.9,4.1,2.13,4.1,9,2.04,Low,Average,1,Medium Risk,35.7575
ID01642,Female,18,Mathematics,94.2,6.0,2.3,9.0,2,2.83,Excellent,Good,1,Medium Risk,17.485
ID01643,Male,23,Mathematics,93.5,1.8,3.55,8.8,11,3.89,Excellent,Excellent,1,Medium Risk,19.6625
ID01644,Female,21,Psychology,86.1,4.1,2.77,6.8,8,2.95,Excellent,Good,1,Low Risk,20.617500000000003
ID01645,Male,22,Business,81.4,2.6,2.79,8.6,10,3.1,Good,Very Good,1,Low Risk,28.557499999999997
ID01646,Female,18,Business,99.4,12.0,3.18,6.9,11,3.92,Excellent,Excellent,1,Low Risk,7.444999999999996
ID01647,Male,20,Economics,70.2,8.2,2.91,7.3,8,3.22,Low,Very Good,1,Medium Risk,22.947499999999998
ID01648,Female,21,Mathematics,73.4,4.5,3.31,4.6,11,3.29,Low,Very Good,1,Medium Risk,20.007499999999997
ID01649,Female,24,Business,69.9,7.8,3.07,8.8,9,3.38,Low,Very Good,1,Medium Risk,21.682499999999997
ID01650,Female,22,Business,86.3,2.6,3.2,4.4,8,3.37,Excellent,Very Good,1,Low Risk,22.765
ID01651,Male,19,Economics,68.7,3.0,2.75,9.6,11,2.52,Low,Good,1,Medium Risk,33.0225
ID01652,Male,21,Psychology,74.7,0.9,3.2,9.7,7,3.11,Low,Very Good,1,Medium Risk,34.785
ID01653,Male,22,Engineering,74.4,5.8,3.65,4.0,8,3.7,Low,Excellent,1,Medium Risk,14.582499999999998
ID01654,Male,18,Computer Science,81.1,0.8,2.82,9.3,8,2.76,Good,Good,1,Medium Risk,35.63000000000001
ID01655,Male,19,Engineering,62.7,2.8,3.56,6.6,14,3.53,Low,Excellent,1,Medium Risk,29.435000000000002
ID01656,Female,22,Business,86.3,1.7,3.07,7.6,7,3.38,Excellent,Very Good,1,Medium Risk,27.502499999999998
ID01657,Female,22,Mathematics,100.0,7.0,3.47,4.9,8,3.79,Excellent,Excellent,1,Low Risk,4.6374999999999975
ID01658,Male,20,Computer Science,87.0,11.3,3.16,6.5,7,4.0,Excellent,Excellent,1,Low Risk,13.2
ID01659,Male,23,Computer Science,100.0,6.4,3.08,5.2,10,3.59,Excellent,Excellent,1,Low Risk,8.049999999999999
ID01660,Male,21,Mathematics,100.0,5.7,3.27,5.8,8,3.63,Excellent,Excellent,1,Low Risk,6.387499999999999
ID01661,Female,20,Computer Science,96.7,4.6,3.71,8.8,5,3.81,Excellent,Excellent,1,Low Risk,5.6225000000000005
ID01662,Male,24,Mathematics,86.1,4.3,3.22,8.5,4,3.52,Excellent,Excellent,1,Low Risk,15.880000000000003
ID01663,Female,19,Computer Science,85.3,2.3,3.34,8.2,4,3.47,Excellent,Very Good,1,Low Risk,23.190000000000005
ID01664,Male,23,Economics,96.5,1.3,2.92,6.2,11,3.22,Excellent,Very Good,1,Medium Risk,25.825
ID01665,Female,22,Economics,79.1,4.3,3.89,6.0,8,3.86,Good,Excellent,1,Low Risk,13.167500000000002
ID01666,Female,20,Engineering,56.8,4.9,3.42,4.5,7,3.16,Critical,Very Good,1,High Risk,24.915
ID01667,Male,23,Computer Science,92.4,4.9,3.14,8.0,6,3.56,Excellent,Excellent,1,Low Risk,11.344999999999995
ID01668,Female,24,Psychology,68.0,5.3,3.04,9.9,4,3.07,Low,Very Good,1,Medium Risk,22.799999999999997
ID01669,Male,21,Mathematics,70.6,6.1,3.59,9.2,4,3.49,Low,Very Good,1,Medium Risk,16.817500000000003
ID01670,Female,24,Computer Science,85.0,4.2,2.8,7.0,9,3.16,Excellent,Very Good,1,Low Risk,20.45
ID01671,Male,19,Economics,83.6,2.2,2.21,7.7,10,2.49,Good,Average,1,Medium Risk,34.24250000000001
ID01672,Female,18,Economics,63.8,5.2,3.14,7.4,7,3.42,Low,Very Good,1,Medium Risk,23.815
ID01673,Female,20,Mathematics,87.5,5.9,3.7,8.4,9,4.0,Excellent,Excellent,1,Low Risk,8.249999999999998
ID01674,Female,19,Psychology,99.5,3.3,3.9,9.6,12,4.0,Excellent,Excellent,1,Low Risk,7.900000000000001
ID01675,Female,18,Computer Science,68.1,5.9,3.05,6.1,8,3.22,Low,Very Good,1,Medium Risk,22.667500000000004
ID01676,Male,20,Computer Science,100.0,4.3,3.12,6.2,12,3.36,Excellent,Very Good,1,Low Risk,10.5
ID01677,Male,19,Psychology,61.6,2.0,3.36,6.6,14,3.18,Low,Very Good,1,Medium Risk,34.88
ID01678,Male,24,Psychology,100.0,13.5,2.97,7.0,9,3.89,Excellent,Excellent,1,Low Risk,9.012499999999998
ID01679,Male,19,Psychology,78.8,3.2,3.36,8.1,8,3.28,Good,Very Good,1,Low Risk,22.34
ID01680,Female,23,Economics,87.2,2.1,3.06,6.9,5,3.47,Excellent,Very Good,1,Low Risk,25.585
ID01681,Male,24,Mathematics,56.6,2.6,3.61,5.7,6,3.35,Critical,Very Good,1,High Risk,32.542500000000004
ID01682,Female,20,Psychology,84.1,0.6,3.46,5.7,7,3.46,Good,Very Good,1,Medium Risk,29.480000000000008
ID01683,Female,19,Mathematics,88.4,3.4,3.51,5.2,10,3.57,Excellent,Excellent,1,Low Risk,15.9075
ID01684,Female,22,Engineering,83.7,8.4,3.0,6.8,5,3.51,Good,Excellent,1,Low Risk,16.085
ID01685,Male,20,Computer Science,76.6,4.5,4.0,8.6,6,3.8,Good,Excellent,1,Low Risk,12.530000000000003
ID01686,Female,19,Computer Science,70.8,2.4,3.34,7.6,10,3.42,Low,Very Good,1,Medium Risk,29.315000000000005
ID01687,Female,23,Business,100.0,3.9,3.22,7.8,6,3.42,Excellent,Very Good,1,Low Risk,11.225
ID01688,Male,18,Engineering,85.5,0.9,2.72,5.4,6,2.96,Excellent,Good,1,Medium Risk,34.125
ID01689,Female,18,Psychology,100.0,3.9,3.05,5.2,2,3.26,Excellent,Very Good,1,Low Risk,12.712500000000002
ID01690,Female,22,Psychology,77.1,3.3,3.16,7.3,8,3.09,Good,Very Good,1,Low Risk,24.455000000000002
ID01691,Male,20,Economics,78.5,6.8,2.71,8.9,8,2.8,Good,Good,1,Low Risk,20.9625
ID01692,Male,23,Engineering,97.2,4.9,2.95,8.3,8,3.29,Excellent,Very Good,1,Low Risk,10.847499999999995
ID01693,Male,19,Psychology,60.7,2.1,3.02,6.0,11,3.06,Low,Very Good,1,Medium Risk,37.86
ID01694,Male,19,Business,66.8,6.7,3.13,10.0,8,3.15,Low,Very Good,1,Medium Risk,22.552500000000002
ID01695,Male,18,Mathematics,100.0,8.0,2.22,4.0,7,2.86,Excellent,Good,1,Medium Risk,15.574999999999996
ID01696,Male,23,Computer Science,67.4,5.0,3.03,7.0,6,3.1,Low,Very Good,1,Medium Risk,23.1575
ID01697,Male,24,Engineering,57.7,3.5,2.91,7.2,7,2.77,Critical,Good,1,High Risk,34.5725
ID01698,Male,22,Computer Science,100.0,2.9,3.09,6.7,11,3.2,Excellent,Very Good,1,Low Risk,16.362500000000004
ID01699,Female,18,Mathematics,64.1,9.5,3.62,7.8,9,4.0,Low,Excellent,1,Medium Risk,19.480000000000004
ID01700,Male,18,Engineering,87.8,4.8,4.0,6.7,7,4.0,Excellent,Excellent,1,Low Risk,6.290000000000002
ID01701,Female,22,Mathematics,86.0,4.2,3.44,4.8,4,3.76,Excellent,Excellent,1,Low Risk,14.399999999999999
ID01702,Male,20,Psychology,42.8,1.8,2.48,6.9,6,2.07,Critical,Average,1,High Risk,51.84
ID01703,Male,19,Psychology,81.0,2.3,2.93,7.2,15,3.21,Good,Very Good,1,Low Risk,28.712500000000002
ID01704,Male,20,Psychology,91.7,1.5,3.4,8.4,15,3.7,Excellent,Excellent,1,Medium Risk,22.985
ID01705,Male,23,Mathematics,90.3,3.5,3.34,9.1,5,3.52,Excellent,Excellent,1,Low Risk,16.14
ID01706,Male,24,Mathematics,98.6,2.8,3.59,5.7,12,3.62,Excellent,Excellent,1,Low Risk,13.017500000000005
ID01707,Female,21,Mathematics,79.2,4.4,3.05,9.5,11,3.11,Good,Very Good,1,Low Risk,20.072499999999998
ID01708,Male,21,Computer Science,95.7,7.4,2.92,6.4,7,3.44,Excellent,Very Good,1,Low Risk,11.384999999999998
ID01709,Female,21,Mathematics,74.7,5.9,3.98,6.2,8,4.0,Low,Excellent,1,Medium Risk,11.56
ID01710,Female,22,Psychology,63.8,6.6,3.13,6.4,6,3.42,Low,Very Good,1,Medium Risk,23.902500000000003
ID01711,Male,18,Business,65.5,7.3,2.59,4.1,11,2.73,Low,Good,1,Medium Risk,27.862499999999997
ID01712,Male,24,Mathematics,63.1,2.4,3.84,6.4,6,3.86,Low,Excellent,1,Medium Risk,28.405
ID01713,Female,20,Business,100.0,3.1,2.35,9.0,10,2.73,Excellent,Good,1,Medium Risk,22.037499999999998
ID01714,Male,19,Psychology,62.3,2.8,1.35,7.7,8,1.16,Low,Poor,0,High Risk,48.95250000000001
ID01715,Male,21,Mathematics,89.1,6.1,3.48,7.3,8,3.84,Excellent,Excellent,1,Low Risk,9.455000000000002
ID01716,Female,20,Computer Science,81.0,1.8,3.56,7.5,10,3.96,Good,Excellent,1,Medium Risk,25.200000000000003
ID01717,Male,21,Computer Science,83.5,8.6,3.31,8.9,11,3.91,Good,Excellent,1,Low Risk,13.462499999999999
ID01718,Female,24,Business,100.0,3.0,2.45,5.7,9,2.53,Excellent,Good,1,Medium Risk,21.562499999999996
ID01719,Female,21,Economics,78.4,1.9,3.07,8.4,8,2.78,Good,Good,1,Medium Risk,30.2575
ID01720,Male,19,Computer Science,94.2,3.1,2.96,7.1,8,3.4,Excellent,Very Good,1,Low Risk,19.31
ID01721,Male,23,Computer Science,85.6,3.3,2.83,5.8,8,3.07,Excellent,Very Good,1,Low Risk,23.517500000000002
ID01722,Male,23,Computer Science,82.7,3.5,3.81,7.7,11,4.0,Good,Excellent,1,Low Risk,15.447499999999998
ID01723,Male,24,Psychology,100.0,3.6,2.58,7.1,6,3.08,Excellent,Very Good,1,Low Risk,18.025
ID01724,Male,23,Computer Science,63.4,7.3,3.26,5.8,11,3.2,Low,Very Good,1,Medium Risk,22.945000000000004
ID01725,Female,22,Engineering,100.0,4.8,3.7,5.4,3,4.0,Excellent,Excellent,1,Low Risk,3.424999999999999
ID01726,Male,18,Mathematics,94.8,1.8,3.29,6.3,17,3.32,Excellent,Very Good,1,Medium Risk,21.3525
ID01727,Male,22,Computer Science,77.8,3.2,3.72,6.2,9,3.86,Good,Excellent,1,Low Risk,19.64
ID01728,Female,20,Economics,100.0,2.8,3.38,8.8,13,3.62,Excellent,Excellent,1,Low Risk,14.225000000000003
ID01729,Female,22,Economics,57.3,4.1,3.31,6.7,8,2.99,Critical,Good,1,High Risk,28.852500000000006
ID01730,Female,20,Computer Science,77.2,3.8,3.28,6.4,7,3.36,Good,Very Good,1,Low Risk,21.360000000000003
ID01731,Male,20,Computer Science,66.9,10.1,3.41,8.7,4,3.67,Low,Excellent,1,Medium Risk,20.057499999999997
ID01732,Female,18,Engineering,91.2,6.6,2.91,9.0,4,3.46,Excellent,Very Good,1,Low Risk,13.497499999999997
ID01733,Male,19,Computer Science,68.3,5.6,2.45,5.8,11,2.5,Low,Good,1,Medium Risk,27.8275
ID01734,Male,24,Computer Science,91.5,0.8,3.58,5.1,11,3.48,Excellent,Very Good,1,Medium Risk,24.300000000000004
ID01735,Male,18,Mathematics,82.2,6.4,3.68,7.8,6,4.0,Good,Excellent,1,Low Risk,10.809999999999999
ID01736,Female,24,Economics,77.8,1.1,3.23,6.7,7,2.96,Good,Good,1,Medium Risk,32.3275
ID01737,Male,23,Engineering,90.8,3.0,2.83,6.2,9,3.31,Excellent,Very Good,1,Low Risk,22.3775
ID01738,Male,23,Economics,81.0,3.2,2.32,8.6,5,2.52,Good,Good,1,Medium Risk,30.45
ID01739,Male,22,Engineering,68.7,7.1,3.14,6.6,10,3.53,Low,Excellent,1,Medium Risk,21.61
ID01740,Male,20,Economics,100.0,2.1,2.43,9.9,6,2.4,Excellent,Average,1,Medium Risk,25.3375
ID01741,Female,21,Computer Science,77.7,3.6,2.36,7.1,5,2.4,Good,Average,1,Medium Risk,29.985
ID01742,Female,21,Economics,51.7,1.6,3.09,7.2,8,2.61,Critical,Good,1,High Risk,43.2975
ID01743,Female,24,Economics,72.4,5.3,2.72,10.0,8,2.79,Low,Good,1,Medium Risk,23.619999999999997
ID01744,Male,20,Engineering,66.0,3.0,3.27,7.5,11,3.27,Low,Very Good,1,Medium Risk,29.6875
ID01745,Male,24,Business,97.4,4.4,3.02,5.9,11,3.32,Excellent,Very Good,1,Low Risk,12.144999999999996
ID01746,Male,18,Engineering,89.8,0.5,2.8,5.5,10,2.82,Excellent,Good,1,Medium Risk,33.09
ID01747,Male,19,Engineering,91.0,1.9,2.25,6.3,10,2.32,Excellent,Average,1,Medium Risk,31.762499999999996
ID01748,Male,18,Engineering,79.4,4.5,2.67,7.4,4,2.59,Good,Good,1,Low Risk,22.9075
ID01749,Female,20,Psychology,80.8,5.8,2.69,8.4,6,3.17,Good,Very Good,1,Low Risk,20.1025
ID01750,Male,20,Psychology,79.4,8.7,2.49,4.7,9,2.76,Good,Good,1,Medium Risk,22.482499999999995
ID01751,Male,19,Psychology,83.8,8.0,2.94,7.0,9,3.6,Good,Excellent,1,Low Risk,16.565
ID01752,Male,24,Engineering,97.5,2.7,2.53,8.9,10,2.56,Excellent,Good,1,Low Risk,23.187500000000004
ID01753,Male,22,Business,90.0,4.3,3.02,7.4,7,3.2,Excellent,Very Good,1,Low Risk,15.875
ID01754,Male,22,Engineering,92.5,6.1,3.22,9.0,7,3.38,Excellent,Very Good,1,Low Risk,10.2
ID01755,Female,19,Computer Science,92.5,4.8,2.69,4.7,11,2.99,Excellent,Good,1,Low Risk,15.6375
ID01756,Female,22,Business,98.3,3.2,3.31,6.7,12,3.62,Excellent,Excellent,1,Low Risk,14.002500000000001
ID01757,Female,21,Psychology,89.3,4.5,2.42,7.2,7,2.64,Excellent,Good,1,Medium Risk,20.64
ID01758,Male,22,Economics,90.4,8.3,2.54,7.8,5,3.04,Excellent,Very Good,1,Low Risk,17.094999999999995
ID01759,Male,22,Economics,100.0,3.9,3.04,5.7,6,3.3,Excellent,Very Good,1,Low Risk,12.8
ID01760,Male,22,Mathematics,75.0,5.4,3.44,7.6,12,3.63,Good,Excellent,1,Low Risk,16.15
ID01761,Male,21,Business,72.2,4.6,3.53,7.7,8,3.73,Low,Excellent,1,Medium Risk,18.222500000000004
ID01762,Female,24,Psychology,67.2,2.6,3.91,6.9,9,3.95,Low,Excellent,1,Medium Risk,25.1475
ID01763,Male,22,Business,87.7,7.1,2.91,7.7,13,3.23,Excellent,Very Good,1,Low Risk,15.072499999999998
ID01764,Male,23,Business,57.2,4.0,3.04,7.5,11,2.82,Critical,Good,1,High Risk,31.659999999999997
ID01765,Male,21,Economics,91.9,3.2,2.58,6.0,5,2.73,Excellent,Good,1,Low Risk,23.269999999999996
ID01766,Male,19,Engineering,83.4,4.6,2.47,6.8,6,2.88,Good,Good,1,Medium Risk,22.457499999999996
ID01767,Female,18,Computer Science,100.0,7.5,3.21,5.1,10,3.59,Excellent,Excellent,1,Low Risk,6.9125
ID01768,Male,19,Mathematics,74.9,4.4,2.71,4.8,10,2.59,Low,Good,1,Medium Risk,24.982499999999995
ID01769,Male,18,Psychology,82.0,4.4,3.72,7.4,10,4.0,Good,Excellent,1,Low Risk,12.949999999999996
ID01770,Male,19,Business,100.0,5.3,2.37,4.2,13,2.64,Excellent,Good,1,Medium Risk,14.2625
ID01771,Male,23,Mathematics,100.0,6.0,3.34,6.6,7,3.92,Excellent,Excellent,1,Low Risk,5.775000000000001
ID01772,Female,18,Business,74.8,3.4,2.6,7.6,10,2.51,Low,Good,1,Medium Risk,29.990000000000002
ID01773,Female,18,Economics,87.7,3.7,2.69,7.0,11,2.88,Excellent,Good,1,Low Risk,22.197499999999998
ID01774,Female,20,Computer Science,89.4,3.3,3.37,10.0,5,3.72,Excellent,Excellent,1,Low Risk,17.082499999999996
ID01775,Female,18,Economics,90.6,5.3,2.76,7.6,8,3.07,Excellent,Very Good,1,Low Risk,15.080000000000005
ID01776,Male,18,Mathematics,81.1,4.0,2.84,6.6,9,3.0,Good,Very Good,1,Low Risk,22.655
ID01777,Female,20,Psychology,100.0,4.1,2.69,7.9,5,3.0,Excellent,Very Good,1,Low Risk,15.0625
ID01778,Male,22,Business,56.7,4.2,3.99,5.0,9,3.78,Critical,Excellent,1,High Risk,22.772499999999997
ID01779,Male,22,Computer Science,78.7,1.7,2.79,8.5,4,2.6,Good,Good,1,Medium Risk,33.372499999999995
ID01780,Female,20,Economics,91.7,5.7,3.13,6.2,11,3.55,Excellent,Excellent,1,Low Risk,11.3475
ID01781,Male,21,Mathematics,91.9,3.3,3.0,8.7,5,3.03,Excellent,Very Good,1,Low Risk,19.195
ID01782,Female,18,Economics,100.0,4.0,3.21,7.6,6,3.64,Excellent,Excellent,1,Low Risk,10.9125
ID01783,Male,18,Business,100.0,3.0,2.79,7.9,16,2.73,Excellent,Good,1,Low Risk,18.5875
ID01784,Female,20,Business,80.7,2.1,3.0,6.2,7,3.35,Good,Very Good,1,Low Risk,29.034999999999997
ID01785,Female,20,Psychology,100.0,4.4,3.3,5.3,10,3.53,Excellent,Excellent,1,Low Risk,8.524999999999999
ID01786,Female,21,Computer Science,74.3,5.1,2.67,5.3,6,2.69,Low,Good,1,Medium Risk,23.2025
ID01787,Female,23,Engineering,99.0,13.4,3.64,4.4,5,4.0,Excellent,Excellent,1,Low Risk,3.5999999999999988
ID01788,Female,22,Economics,100.0,2.8,3.69,6.4,4,3.86,Excellent,Excellent,1,Low Risk,11.512500000000003
ID01789,Male,19,Business,100.0,6.3,3.4,6.1,8,3.78,Excellent,Excellent,1,Low Risk,5.25
ID01790,Male,23,Mathematics,86.6,3.3,3.13,8.5,6,3.38,Excellent,Very Good,1,Low Risk,20.442500000000003
ID01791,Male,24,Economics,80.0,6.6,1.6,5.4,7,2.11,Good,Average,1,High Risk,30.0
ID01792,Female,22,Psychology,62.1,5.6,3.31,10.0,8,3.52,Low,Excellent,1,Medium Risk,23.0925
ID01793,Male,18,Psychology,89.7,2.9,2.9,5.5,10,3.1,Excellent,Very Good,1,Low Risk,22.66
ID01794,Female,24,Business,68.3,2.0,2.98,5.6,8,2.66,Low,Good,1,Medium Risk,35.19
ID01795,Male,23,Business,73.1,1.6,2.15,4.8,8,2.16,Low,Average,1,Medium Risk,41.892500000000005
ID01796,Male,20,Business,67.1,6.9,3.35,7.0,10,3.51,Low,Excellent,1,Medium Risk,20.4925
ID01797,Female,21,Engineering,78.1,2.3,2.38,6.5,14,2.19,Good,Average,1,Medium Risk,34.83
ID01798,Male,22,Business,84.6,1.4,3.16,6.8,9,3.57,Good,Excellent,1,Medium Risk,28.68
ID01799,Male,21,Economics,89.1,6.9,3.55,7.6,11,3.96,Excellent,Excellent,1,Low Risk,8.842500000000005
ID01800,Male,24,Economics,76.0,4.1,2.87,8.5,6,2.89,Good,Good,1,Low Risk,24.2875
ID01801,Female,22,Computer Science,100.0,3.4,3.71,5.2,6,3.79,Excellent,Excellent,1,Low Risk,8.9375
ID01802,Female,23,Mathematics,81.9,6.0,2.73,7.0,14,3.27,Good,Very Good,1,Low Risk,19.257499999999997
ID01803,Male,18,Business,73.2,3.3,3.4,8.3,10,3.51,Low,Excellent,1,Medium Risk,24.11
ID01804,Male,19,Economics,88.4,5.7,2.45,5.4,7,2.98,Excellent,Good,1,Medium Risk,18.782499999999995
ID01805,Male,21,Economics,100.0,2.9,3.62,10.0,14,3.67,Excellent,Excellent,1,Low Risk,11.725000000000001
ID01806,Female,21,Economics,90.0,8.3,3.54,10.0,10,4.0,Excellent,Excellent,1,Low Risk,8.524999999999999
ID01807,Female,19,Engineering,79.6,2.6,3.33,6.9,8,3.38,Good,Very Good,1,Low Risk,24.642500000000005
ID01808,Male,21,Mathematics,62.1,5.7,2.9,5.3,9,3.06,Low,Very Good,1,Medium Risk,26.68
ID01809,Male,21,Psychology,81.7,7.5,2.4,5.5,9,2.76,Good,Good,1,Medium Risk,22.235
ID01810,Male,22,Economics,88.5,0.3,2.9,7.4,4,3.03,Excellent,Very Good,1,Medium Risk,33.6
ID01811,Female,22,Business,79.2,5.4,3.66,8.0,4,3.72,Good,Excellent,1,Low Risk,12.334999999999997
ID01812,Female,19,Economics,60.0,2.6,3.16,4.2,8,3.15,Low,Very Good,1,Medium Risk,34.95
ID01813,Male,24,Mathematics,72.2,6.0,2.32,5.6,10,2.49,Low,Average,1,Medium Risk,27.21
ID01814,Male,18,Psychology,100.0,4.6,2.54,7.2,11,2.82,Excellent,Good,1,Low Risk,14.375
ID01815,Male,23,Engineering,100.0,5.3,3.73,4.9,10,4.0,Excellent,Excellent,1,Low Risk,2.3625
ID01816,Female,23,Computer Science,71.7,3.9,3.34,6.6,10,3.24,Low,Very Good,1,Medium Risk,22.910000000000004
ID01817,Male,24,Business,95.1,7.7,2.48,7.6,7,2.82,Excellent,Good,1,Medium Risk,15.505000000000003
ID01818,Female,21,Computer Science,67.3,1.6,2.22,6.8,6,2.19,Low,Average,1,Medium Risk,43.89
ID01819,Female,18,Engineering,100.0,7.3,2.79,5.9,5,3.34,Excellent,Very Good,1,Low Risk,10.587499999999999
ID01820,Male,19,Mathematics,88.7,2.9,2.17,7.1,8,2.63,Excellent,Good,1,Medium Risk,29.4975
ID01821,Male,24,Mathematics,99.2,1.1,3.02,7.8,6,3.27,Excellent,Very Good,1,Medium Risk,24.535
ID01822,Male,19,Engineering,59.3,4.2,4.0,5.6,4,3.78,Critical,Excellent,1,High Risk,21.515
ID01823,Female,22,Economics,95.2,2.7,2.3,7.5,11,2.55,Excellent,Good,1,Medium Risk,26.235
ID01824,Female,21,Engineering,84.9,5.2,3.01,7.5,8,3.57,Good,Excellent,1,Low Risk,15.4575
ID01825,Female,20,Business,97.8,5.5,3.76,7.8,7,4.0,Excellent,Excellent,1,Low Risk,3.0900000000000034
ID01826,Male,19,Psychology,98.7,3.7,3.47,7.4,10,3.73,Excellent,Excellent,1,Low Risk,10.422499999999996
ID01827,Male,24,Computer Science,86.0,5.4,3.03,7.2,12,3.49,Excellent,Very Good,1,Low Risk,14.787500000000001
ID01828,Female,21,Computer Science,76.0,4.8,3.03,6.8,12,2.94,Good,Good,1,Low Risk,20.087500000000002
ID01829,Female,18,Mathematics,96.7,4.2,2.52,6.6,9,2.74,Excellent,Good,1,Low Risk,17.634999999999998
ID01830,Male,24,Economics,84.1,3.6,2.97,8.1,6,3.38,Good,Very Good,1,Low Risk,21.7675
ID01831,Female,22,Mathematics,71.9,3.0,3.22,6.9,6,3.02,Low,Very Good,1,Medium Risk,27.469999999999995
ID01832,Female,23,Business,71.2,10.2,3.65,7.8,3,3.89,Low,Excellent,1,Medium Risk,16.0225
ID01833,Female,18,Engineering,62.8,4.0,2.79,7.8,4,2.7,Low,Good,1,Medium Risk,31.3275
ID01834,Female,19,Computer Science,77.3,4.9,3.01,5.6,10,3.08,Good,Very Good,1,Low Risk,19.277500000000003
ID01835,Female,19,Business,100.0,5.8,2.63,6.5,16,2.61,Excellent,Good,1,Low Risk,11.987499999999999
ID01836,Female,18,Mathematics,87.7,3.5,3.21,6.9,5,3.34,Excellent,Very Good,1,Low Risk,18.447499999999998
ID01837,Male,19,Mathematics,77.1,5.1,3.49,7.1,6,3.77,Good,Excellent,1,Low Risk,14.767500000000002
ID01838,Male,24,Computer Science,97.1,9.7,3.41,7.6,9,4.0,Excellent,Excellent,1,Low Risk,6.467500000000001
ID01839,Female,21,Mathematics,72.5,2.6,2.51,7.3,6,2.43,Low,Average,1,Medium Risk,35.0125
ID01840,Male,19,Economics,86.4,9.7,3.17,7.1,4,3.65,Excellent,Excellent,1,Low Risk,13.382499999999997
ID01841,Male,22,Mathematics,82.3,6.1,2.76,6.3,7,3.29,Good,Very Good,1,Low Risk,18.815000000000005
ID01842,Male,21,Psychology,96.7,2.9,3.61,8.6,8,3.96,Excellent,Excellent,1,Low Risk,13.297500000000003
ID01843,Male,24,Engineering,61.3,2.5,3.02,7.5,13,3.18,Low,Very Good,1,Medium Risk,35.99
ID01844,Female,20,Mathematics,72.2,9.6,2.34,6.8,7,2.52,Low,Good,1,Medium Risk,27.034999999999997
ID01845,Female,19,Psychology,60.4,7.0,2.99,6.4,8,3.23,Low,Very Good,1,Medium Risk,26.6575
ID01846,Male,19,Business,81.1,3.8,3.33,7.4,7,3.64,Good,Excellent,1,Low Risk,19.167500000000004
ID01847,Male,22,Mathematics,100.0,3.1,3.22,7.0,5,3.39,Excellent,Very Good,1,Low Risk,14.424999999999999
ID01848,Male,24,Economics,77.4,2.9,2.84,4.7,6,2.86,Good,Good,1,Low Risk,28.720000000000002
ID01849,Female,22,Business,77.3,3.7,2.81,5.5,8,2.86,Good,Good,1,Low Risk,25.8275
ID01850,Female,23,Mathematics,98.1,3.9,2.61,9.0,6,3.04,Excellent,Very Good,1,Low Risk,17.417500000000004
ID01851,Male,24,Computer Science,100.0,4.5,2.9,7.6,9,3.11,Excellent,Very Good,1,Low Risk,11.625
ID01852,Female,18,Psychology,83.7,2.3,2.67,6.0,7,2.83,Good,Good,1,Low Risk,29.772499999999997
ID01853,Female,18,Psychology,95.3,2.8,3.59,6.4,9,4.0,Excellent,Excellent,1,Low Risk,14.502500000000005
ID01854,Female,18,Computer Science,68.8,3.6,2.65,5.7,16,2.24,Low,Average,1,Medium Risk,31.4525
ID01855,Female,22,Engineering,100.0,11.6,3.16,6.2,10,3.88,Excellent,Excellent,1,Low Risk,7.349999999999998
ID01856,Male,18,Economics,100.0,4.8,3.13,8.5,11,3.46,Excellent,Very Good,1,Low Risk,8.412500000000001
ID01857,Female,24,Psychology,92.8,1.8,3.57,6.7,2,3.77,Excellent,Excellent,1,Medium Risk,19.802500000000002
ID01858,Male,18,Business,53.7,2.3,3.64,8.2,6,3.02,Critical,Very Good,1,High Risk,34.785
ID01859,Female,20,Economics,76.6,9.6,3.45,9.4,8,3.72,Good,Excellent,1,Low Risk,15.342500000000001
ID01860,Female,18,Psychology,94.2,7.8,3.28,6.4,6,3.71,Excellent,Excellent,1,Low Risk,8.91
ID01861,Female,19,Engineering,78.7,3.3,2.58,5.1,10,2.68,Good,Good,1,Low Risk,28.81
ID01862,Female,23,Business,100.0,5.4,2.57,7.6,8,3.07,Excellent,Very Good,1,Low Risk,12.512500000000001
ID01863,Male,22,Economics,93.8,5.1,2.68,5.8,7,3.12,Excellent,Very Good,1,Low Risk,14.339999999999998
ID01864,Male,21,Business,74.4,4.1,3.48,7.0,3,3.72,Low,Excellent,1,Medium Risk,19.669999999999998
ID01865,Female,23,Computer Science,85.5,2.5,3.14,7.3,5,3.24,Excellent,Very Good,1,Low Risk,24.049999999999997
ID01866,Female,20,Mathematics,71.6,1.3,3.53,9.8,13,3.2,Low,Very Good,1,Medium Risk,31.692500000000006
ID01867,Male,22,Computer Science,82.3,6.6,3.6,7.5,4,4.0,Good,Excellent,1,Low Risk,11.465
ID01868,Male,24,Economics,76.7,5.1,2.74,6.3,11,3.0,Good,Very Good,1,Low Risk,21.509999999999998
ID01869,Male,22,Mathematics,100.0,2.5,3.12,7.9,12,3.2,Excellent,Very Good,1,Low Risk,17.7
ID01870,Female,19,Computer Science,100.0,7.6,3.09,8.2,14,3.7,Excellent,Excellent,1,Low Risk,7.9625
ID01871,Female,24,Mathematics,63.5,9.4,2.94,8.8,13,3.14,Low,Very Good,1,Medium Risk,25.7
ID01872,Male,23,Psychology,56.2,4.7,2.83,5.6,11,2.5,Critical,Good,1,High Risk,31.147499999999997
ID01873,Male,23,Business,81.3,4.0,3.69,8.9,4,4.0,Good,Excellent,1,Low Risk,15.127500000000001
ID01874,Female,18,Mathematics,62.2,1.5,3.13,10.0,6,2.87,Low,Good,1,Medium Risk,38.6225
ID01875,Female,24,Psychology,85.7,3.7,3.11,8.9,10,3.38,Excellent,Very Good,1,Low Risk,19.4225
ID01876,Male,19,Engineering,96.2,2.1,2.7,9.2,11,2.79,Excellent,Good,1,Low Risk,24.684999999999995
ID01877,Female,18,Computer Science,100.0,3.8,3.44,6.3,4,3.63,Excellent,Excellent,1,Low Risk,9.700000000000001
ID01878,Male,18,Engineering,88.0,7.1,2.6,9.5,4,2.95,Excellent,Good,1,Low Risk,17.65
ID01879,Male,22,Economics,82.1,5.8,3.33,6.3,5,3.64,Good,Excellent,1,Low Risk,13.917500000000004
ID01880,Female,23,Psychology,55.3,7.7,3.34,6.9,7,3.28,Critical,Very Good,1,High Risk,25.890000000000004
ID01881,Female,18,Engineering,85.4,3.5,2.89,6.3,7,3.23,Excellent,Very Good,1,Low Risk,22.282499999999995
ID01882,Female,20,Engineering,86.1,1.8,3.26,6.1,8,3.47,Excellent,Very Good,1,Medium Risk,25.530000000000005
ID01883,Female,20,Psychology,94.6,3.4,3.19,7.0,6,3.38,Excellent,Very Good,1,Low Risk,15.917500000000002
ID01884,Female,23,Business,74.4,4.7,3.08,5.3,9,2.91,Low,Good,1,Medium Risk,20.769999999999996
ID01885,Male,20,Mathematics,78.5,7.9,3.11,6.0,10,3.2,Good,Very Good,1,Low Risk,17.462500000000002
ID01886,Male,22,Economics,62.8,6.5,3.13,5.5,6,3.05,Low,Very Good,1,Medium Risk,24.352500000000003
ID01887,Male,19,Economics,50.6,1.4,3.16,9.3,14,2.6,Critical,Good,1,High Risk,43.98
ID01888,Male,21,Computer Science,68.4,4.6,3.13,9.4,8,2.91,Low,Good,1,Medium Risk,23.432499999999997
ID01889,Female,18,Mathematics,61.4,7.1,2.55,10.0,6,2.48,Low,Average,1,Medium Risk,30.057500000000005
ID01890,Female,21,Computer Science,90.1,8.2,3.02,6.9,6,3.57,Excellent,Excellent,1,Low Risk,13.030000000000001
ID01891,Male,19,Economics,77.2,7.4,3.23,7.0,9,3.32,Good,Very Good,1,Low Risk,16.9975
ID01892,Male,19,Mathematics,76.9,2.7,3.15,8.2,12,2.94,Good,Good,1,Low Risk,27.0325
ID01893,Female,22,Engineering,70.2,2.8,3.58,5.1,12,3.41,Low,Very Good,1,Medium Risk,25.884999999999998
ID01894,Male,20,Business,36.5,10.2,3.41,5.5,7,3.19,Critical,Very Good,1,High Risk,33.7375
ID01895,Female,20,Engineering,100.0,3.2,2.66,4.6,4,2.76,Excellent,Good,1,Low Risk,18.925
ID01896,Female,19,Business,70.0,9.3,3.02,8.3,8,3.35,Low,Very Good,1,Medium Risk,22.075
ID01897,Female,22,Psychology,78.8,2.4,2.94,5.7,9,2.75,Good,Good,1,Low Risk,29.214999999999996
ID01898,Male,22,Computer Science,63.2,3.8,3.1,8.5,8,2.91,Low,Good,1,Medium Risk,29.234999999999996
ID01899,Male,23,Computer Science,99.6,1.0,3.1,6.3,11,3.18,Excellent,Very Good,1,Medium Risk,24.055
ID01900,Female,24,Psychology,87.2,3.7,3.41,7.0,7,3.94,Excellent,Excellent,1,Low Risk,16.122499999999995
ID01901,Female,18,Mathematics,72.6,2.5,3.19,6.7,16,2.72,Low,Good,1,Medium Risk,29.417500000000004
ID01902,Male,24,Psychology,79.1,5.8,3.72,7.3,8,4.0,Good,Excellent,1,Low Risk,11.855
ID01903,Female,20,Economics,100.0,5.8,3.22,6.3,5,3.49,Excellent,Very Good,1,Low Risk,6.824999999999998
ID01904,Male,19,Psychology,83.9,5.2,2.68,8.6,9,3.14,Good,Very Good,1,Low Risk,18.794999999999995
ID01905,Female,23,Business,82.3,2.6,2.87,6.7,11,3.15,Good,Very Good,1,Low Risk,27.4525
ID01906,Male,21,Economics,70.9,7.7,3.4,7.5,10,3.68,Low,Excellent,1,Medium Risk,18.345
ID01907,Female,20,Psychology,56.6,4.2,2.29,7.2,9,1.95,Critical,Poor,0,High Risk,37.6925
ID01908,Male,18,Computer Science,82.6,6.1,2.43,5.5,6,2.94,Good,Good,1,Medium Risk,21.5675
ID01909,Male,22,Engineering,89.9,7.4,3.11,9.0,8,3.56,Excellent,Excellent,1,Low Risk,12.332499999999998
ID01910,Male,19,Business,100.0,4.5,3.58,6.0,11,4.0,Excellent,Excellent,1,Low Risk,5.674999999999999
ID01911,Male,20,Business,51.3,1.7,3.75,8.2,6,3.31,Critical,Very Good,1,High Risk,37.3025
ID01912,Female,21,Mathematics,68.1,4.8,2.99,8.1,9,2.83,Low,Good,1,Medium Risk,23.9925
ID01913,Female,18,Engineering,76.3,3.7,3.63,4.8,6,3.7,Good,Excellent,1,Low Risk,19.1025
ID01914,Male,18,Business,84.9,2.4,3.14,6.7,6,3.28,Good,Very Good,1,Low Risk,24.72
ID01915,Male,23,Psychology,82.8,8.7,2.33,7.9,10,2.83,Good,Good,1,Medium Risk,22.3525
ID01916,Female,20,Business,83.2,3.5,3.1,6.6,8,3.49,Good,Very Good,1,Low Risk,21.434999999999995
ID01917,Female,21,Business,91.1,5.6,2.79,6.8,6,3.06,Excellent,Very Good,1,Low Risk,14.592500000000001
ID01918,Female,18,Business,71.5,6.4,3.56,7.3,6,3.9,Low,Excellent,1,Medium Risk,16.675
ID01919,Male,19,Mathematics,99.0,4.8,3.09,6.4,8,3.33,Excellent,Very Good,1,Low Risk,9.2125
ID01920,Male,18,Business,91.5,3.2,2.46,7.5,5,2.84,Excellent,Good,1,Medium Risk,24.5
ID01921,Female,21,Business,80.2,1.6,2.35,7.1,11,2.63,Good,Good,1,Medium Risk,36.9475
ID01922,Male,22,Mathematics,100.0,5.2,3.09,6.7,11,3.58,Excellent,Excellent,1,Low Risk,7.9625
ID01923,Female,22,Economics,100.0,3.5,1.89,5.5,3,2.09,Excellent,Average,1,High Risk,24.462500000000002
ID01924,Male,23,Engineering,99.0,10.0,2.84,7.6,6,3.44,Excellent,Very Good,1,Low Risk,10.6
ID01925,Female,20,Economics,39.7,2.8,3.22,4.0,8,3.0,Critical,Very Good,1,High Risk,42.76
ID01926,Male,21,Computer Science,100.0,1.0,2.57,7.4,6,2.9,Excellent,Good,1,Medium Risk,28.512500000000003
ID01927,Female,23,Mathematics,96.9,2.0,3.6,7.0,13,3.84,Excellent,Excellent,1,Low Risk,16.894999999999996
ID01928,Male,24,Mathematics,100.0,7.4,3.7,5.8,7,3.99,Excellent,Excellent,1,Low Risk,2.6249999999999982
ID01929,Female,18,Business,100.0,6.5,2.59,4.9,5,3.12,Excellent,Very Good,1,Low Risk,12.337499999999999
ID01930,Male,24,Business,100.0,8.7,2.95,7.6,10,3.59,Excellent,Excellent,1,Low Risk,9.187499999999998
ID01931,Female,18,Computer Science,98.2,3.7,3.6,6.6,14,3.79,Excellent,Excellent,1,Low Risk,9.509999999999998
ID01932,Female,22,Business,100.0,6.0,3.1,7.2,5,3.42,Excellent,Very Good,1,Low Risk,7.874999999999998
ID01933,Female,23,Psychology,100.0,4.7,2.4,4.2,2,2.7,Excellent,Good,1,Medium Risk,15.2
ID01934,Female,22,Business,88.2,2.9,3.03,7.7,6,3.33,Excellent,Very Good,1,Low Risk,22.1975
ID01935,Female,19,Business,61.4,4.2,2.67,8.4,6,2.59,Low,Good,1,Medium Risk,32.2075
ID01936,Female,24,Psychology,80.4,3.3,3.65,6.8,9,3.94,Good,Excellent,1,Low Risk,18.682499999999997
ID01937,Male,24,Computer Science,90.8,8.4,3.4,5.7,12,3.74,Excellent,Excellent,1,Low Risk,9.39
ID01938,Female,22,Psychology,86.1,2.9,2.94,7.7,11,3.14,Excellent,Very Good,1,Low Risk,23.930000000000003
ID01939,Male,19,Mathematics,66.3,9.1,3.17,6.6,10,3.47,Low,Very Good,1,Medium Risk,22.427500000000002
ID01940,Male,18,Psychology,60.5,2.8,2.45,8.3,6,2.17,Low,Average,1,Medium Risk,40.1375
ID01941,Male,23,Engineering,73.9,3.3,2.72,7.0,12,2.68,Low,Good,1,Medium Risk,29.744999999999994
ID01942,Male,19,Mathematics,97.1,4.3,3.88,4.0,8,4.0,Excellent,Excellent,1,Low Risk,5.155000000000005
ID01943,Female,23,Business,100.0,2.7,3.13,4.0,8,3.18,Excellent,Very Good,1,Low Risk,16.8125
ID01944,Female,24,Mathematics,98.7,4.3,3.57,5.9,10,3.69,Excellent,Excellent,1,Low Risk,7.147500000000001
ID01945,Female,23,Computer Science,100.0,4.6,3.22,7.7,8,3.46,Excellent,Very Good,1,Low Risk,8.425
ID01946,Male,24,Computer Science,83.8,8.2,3.76,6.3,6,4.0,Good,Excellent,1,Low Risk,9.390000000000004
ID01947,Male,19,Psychology,58.9,1.0,2.1,7.7,6,1.65,Critical,Poor,0,High Risk,51.120000000000005
ID01948,Male,24,Mathematics,78.2,2.8,3.01,6.0,7,2.84,Good,Good,1,Low Risk,27.2725
ID01949,Male,20,Business,81.1,9.8,3.92,10.0,4,4.0,Good,Excellent,1,Low Risk,9.205000000000004
ID01950,Male,24,Computer Science,77.5,3.3,3.58,6.7,4,3.59,Good,Excellent,1,Low Risk,20.6
ID01951,Male,22,Economics,85.8,3.3,3.76,7.4,12,4.0,Excellent,Excellent,1,Low Risk,15.290000000000004
ID01952,Male,19,Business,91.6,2.7,3.1,5.6,9,3.17,Excellent,Very Good,1,Low Risk,20.855000000000004
ID01953,Female,18,Economics,97.8,6.0,2.83,6.4,11,3.43,Excellent,Very Good,1,Low Risk,11.227500000000001
ID01954,Female,23,Engineering,80.8,1.5,2.59,7.7,9,2.95,Good,Good,1,Medium Risk,34.9775
ID01955,Female,21,Economics,56.4,5.1,2.55,6.9,7,2.17,Critical,Average,1,High Risk,32.307500000000005
ID01956,Female,19,Computer Science,77.8,10.5,3.5,4.0,6,3.87,Good,Excellent,1,Low Risk,14.365000000000002
ID01957,Female,22,Psychology,85.7,1.3,3.36,7.7,9,3.45,Excellent,Very Good,1,Medium Risk,26.835
ID01958,Male,24,Engineering,100.0,6.0,3.07,7.9,7,3.54,Excellent,Excellent,1,Low Risk,8.137500000000001
ID01959,Female,23,Mathematics,76.5,1.9,3.35,8.1,5,3.34,Good,Very Good,1,Medium Risk,28.6625
ID01960,Female,20,Business,92.7,5.2,3.17,8.6,7,3.65,Excellent,Excellent,1,Low Risk,10.547499999999998
ID01961,Male,18,Computer Science,89.4,5.0,3.58,7.3,9,3.85,Excellent,Excellent,1,Low Risk,8.444999999999997
ID01962,Male,20,Engineering,85.7,6.2,3.58,10.0,7,4.0,Excellent,Excellent,1,Low Risk,10.109999999999998
ID01963,Female,21,Engineering,99.0,3.0,2.57,7.4,4,2.7,Excellent,Good,1,Low Risk,20.9625
ID01964,Male,19,Computer Science,75.1,3.1,3.24,4.0,5,3.31,Good,Very Good,1,Low Risk,25.455000000000002
ID01965,Female,23,Mathematics,76.4,6.3,2.27,7.3,11,2.54,Good,Good,1,Medium Risk,25.757499999999997
ID01966,Female,19,Mathematics,84.8,3.0,3.17,8.7,4,3.54,Good,Excellent,1,Low Risk,22.1025
ID01967,Male,22,Psychology,75.4,6.7,3.4,4.9,6,3.43,Good,Very Good,1,Low Risk,16.32
ID01968,Male,19,Economics,92.6,0.8,2.44,6.6,6,2.81,Excellent,Good,1,Medium Risk,33.78
ID01969,Male,18,Mathematics,74.3,4.8,2.89,8.8,5,3.01,Low,Very Good,1,Medium Risk,22.0775
ID01970,Male,21,Psychology,88.4,6.5,3.1,6.2,9,3.51,Excellent,Excellent,1,Low Risk,13.094999999999995
ID01971,Male,20,Economics,83.5,3.7,3.22,6.6,8,3.49,Good,Very Good,1,Low Risk,19.449999999999996
ID01972,Female,21,Engineering,88.2,8.4,2.96,8.2,8,3.37,Excellent,Very Good,1,Low Risk,14.409999999999998
ID01973,Male,23,Computer Science,78.1,3.1,2.51,5.1,4,2.45,Good,Average,1,Low Risk,30.492500000000007
ID01974,Male,19,Mathematics,79.9,4.7,3.07,7.0,4,3.03,Good,Very Good,1,Low Risk,18.382499999999997
ID01975,Male,23,Psychology,86.4,7.1,2.27,5.5,10,2.65,Excellent,Good,1,Medium Risk,21.257499999999997
ID01976,Female,20,Engineering,88.0,2.1,2.98,6.6,4,3.06,Excellent,Very Good,1,Low Risk,25.924999999999997
ID01977,Male,23,Mathematics,84.9,7.5,2.88,7.4,6,3.35,Good,Very Good,1,Low Risk,16.595
ID01978,Male,22,Business,100.0,5.0,3.03,8.6,8,3.4,Excellent,Very Good,1,Low Risk,8.4875
ID01979,Female,21,Engineering,70.1,2.6,2.82,7.5,10,2.84,Low,Good,1,Medium Risk,33.38000000000001
ID01980,Female,20,Mathematics,84.0,4.1,2.35,6.2,12,2.63,Good,Good,1,Medium Risk,25.2375
ID01981,Male,20,Engineering,61.4,2.5,2.92,8.8,6,2.7,Low,Good,1,Medium Risk,36.82
ID01982,Female,24,Computer Science,90.6,5.7,3.57,7.9,6,3.94,Excellent,Excellent,1,Low Risk,7.992500000000004
ID01983,Male,20,Computer Science,68.3,3.6,3.73,4.1,7,3.49,Low,Very Good,1,Medium Risk,22.2275
ID01984,Male,24,Computer Science,80.8,3.3,4.0,8.3,10,4.0,Good,Excellent,1,Low Risk,15.440000000000003
ID01985,Male,18,Economics,79.4,5.8,3.95,7.1,9,4.0,Good,Excellent,1,Low Risk,9.707499999999996
ID01986,Male,24,Business,89.2,3.7,2.5,7.0,6,2.71,Excellent,Good,1,Low Risk,23.185
ID01987,Female,21,Computer Science,76.7,4.2,2.9,8.8,14,2.72,Good,Good,1,Low Risk,23.31
ID01988,Male,23,Business,76.1,4.0,3.09,6.7,11,3.28,Good,Very Good,1,Low Risk,22.7175
ID01989,Male,24,Computer Science,100.0,1.0,3.06,8.3,9,3.05,Excellent,Very Good,1,Medium Risk,24.225
ID01990,Female,20,Economics,89.3,1.7,3.13,8.9,7,3.17,Excellent,Very Good,1,Medium Risk,25.627499999999998
ID01991,Female,21,Engineering,76.6,2.8,4.0,7.1,7,3.98,Good,Excellent,1,Low Risk,19.330000000000005
ID01992,Male,24,Mathematics,81.2,2.9,2.56,7.7,6,2.84,Good,Good,1,Low Risk,29.46
ID01993,Female,24,Mathematics,100.0,0.9,2.74,8.0,16,2.51,Excellent,Good,1,Medium Risk,27.424999999999997
ID01994,Male,20,Computer Science,81.5,4.2,3.92,7.7,7,4.0,Good,Excellent,1,Low Risk,12.225000000000001
ID01995,Female,22,Mathematics,74.7,3.9,2.79,8.3,12,2.81,Low,Good,1,Medium Risk,26.3725
ID01996,Female,22,Computer Science,74.7,4.5,3.3,5.4,7,3.27,Low,Very Good,1,Medium Risk,19.51
ID01997,Female,24,Computer Science,76.8,3.4,3.62,6.0,10,3.8,Good,Excellent,1,Low Risk,20.165
ID01998,Male,22,Psychology,76.1,8.9,3.34,5.1,4,3.73,Good,Excellent,1,Low Risk,16.530000000000005
ID01999,Male,19,Psychology,65.8,5.5,3.2,9.5,10,3.24,Low,Very Good,1,Medium Risk,22.39
ID02000,Male,20,Psychology,68.1,9.6,3.57,4.5,7,3.99,Low,Excellent,1,Medium Risk,18.117500000000003
ID02001,Male,19,Business,72.6,2.1,2.65,9.0,4,2.56,Low,Good,1,Medium Risk,35.74250000000001
ID02002,Male,21,Psychology,93.9,3.4,2.85,7.7,7,3.18,Excellent,Very Good,1,Low Risk,19.207499999999996
ID02003,Female,19,Computer Science,79.3,3.0,3.37,5.7,9,3.42,Good,Very Good,1,Low Risk,22.8275
ID02004,Male,21,Economics,81.9,1.4,2.07,5.1,7,2.38,Good,Average,1,Medium Risk,39.4325
ID02005,Male,24,Economics,100.0,3.7,3.81,6.9,11,4.0,Excellent,Excellent,1,Low Risk,6.862499999999999
ID02006,Female,21,Engineering,100.0,0.9,3.25,6.7,7,3.55,Excellent,Excellent,1,Medium Risk,22.962500000000002
ID02007,Male,21,Psychology,80.8,5.7,3.18,7.6,6,3.61,Good,Excellent,1,Low Risk,15.815000000000001
ID02008,Female,23,Economics,75.5,7.8,2.28,4.0,12,2.34,Good,Average,1,Medium Risk,26.075000000000003
ID02009,Male,19,Psychology,72.0,3.6,2.46,6.7,7,2.51,Low,Good,1,Medium Risk,31.674999999999997
ID02010,Male,23,Engineering,95.4,4.5,2.9,5.7,8,3.29,Excellent,Very Good,1,Low Risk,13.694999999999997
ID02011,Male,24,Economics,81.9,7.8,3.5,8.9,7,3.75,Good,Excellent,1,Low Risk,12.519999999999998
ID02012,Male,20,Computer Science,79.2,2.3,2.06,7.6,8,1.93,Good,Poor,0,Medium Risk,37.135
ID02013,Female,19,Business,72.8,1.4,3.49,6.2,10,3.35,Low,Very Good,1,Medium Risk,31.1025
ID02014,Male,20,Psychology,73.5,0.9,2.92,9.1,6,2.83,Low,Good,1,Medium Risk,37.775000000000006
ID02015,Male,20,Economics,89.8,2.5,2.99,6.3,9,3.31,Excellent,Very Good,1,Low Risk,23.4275
ID02016,Male,21,Economics,65.3,2.7,3.23,6.8,2,3.19,Low,Very Good,1,Medium Risk,31.552500000000002
ID02017,Male,19,Engineering,99.9,6.0,3.23,7.4,8,3.85,Excellent,Excellent,1,Low Risk,6.782499999999997
ID02018,Female,20,Computer Science,77.0,1.7,2.74,8.4,5,2.59,Good,Good,1,Medium Risk,34.574999999999996
ID02019,Male,22,Mathematics,82.8,1.4,3.41,7.0,12,3.72,Good,Excellent,1,Medium Risk,27.302500000000002
ID02020,Female,20,Economics,64.9,6.5,1.94,9.1,7,2.08,Low,Average,1,High Risk,33.81999999999999
ID02021,Female,22,Business,84.8,2.9,2.87,6.4,8,3.31,Good,Very Good,1,Low Risk,25.1275
ID02022,Female,19,Engineering,80.1,4.5,3.18,5.5,9,3.58,Good,Excellent,1,Low Risk,18.130000000000003
ID02023,Female,24,Economics,84.2,6.2,2.93,9.4,10,3.49,Good,Very Good,1,Low Risk,16.472499999999997
ID02024,Male,23,Economics,100.0,14.0,2.19,6.5,7,2.99,Excellent,Good,1,Medium Risk,15.837499999999999
ID02025,Male,19,Engineering,87.7,5.1,3.48,7.9,7,3.75,Excellent,Excellent,1,Low Risk,10.084999999999999
ID02026,Male,23,Engineering,73.1,2.7,2.48,8.2,11,2.47,Low,Average,1,Medium Risk,34.605000000000004
ID02027,Female,23,Psychology,74.3,6.5,3.07,10.0,12,3.29,Low,Very Good,1,Medium Risk,19.7025
ID02028,Female,19,Economics,93.9,2.2,3.18,6.6,10,3.26,Excellent,Very Good,1,Low Risk,21.119999999999994
ID02029,Male,20,Mathematics,100.0,7.8,3.11,7.8,8,3.58,Excellent,Excellent,1,Low Risk,7.7875000000000005
ID02030,Female,18,Business,89.2,2.6,3.68,5.8,13,3.98,Excellent,Excellent,1,Low Risk,17.259999999999998
ID02031,Male,20,Computer Science,95.3,2.0,3.07,6.3,3,3.39,Excellent,Very Good,1,Low Risk,22.252500000000005
ID02032,Female,20,Computer Science,94.1,4.2,3.31,5.9,10,3.67,Excellent,Excellent,1,Low Risk,11.892500000000002
ID02033,Male,24,Mathematics,100.0,5.0,3.07,8.3,6,3.39,Excellent,Very Good,1,Low Risk,8.137500000000001
ID02034,Female,21,Engineering,55.8,2.0,3.41,8.4,9,2.91,Critical,Good,1,High Risk,37.052499999999995
ID02035,Female,21,Engineering,95.0,2.8,3.8,7.6,3,4.0,Excellent,Excellent,1,Low Risk,12.800000000000004
ID02036,Male,20,Engineering,99.8,5.3,3.17,5.8,8,3.51,Excellent,Excellent,1,Low Risk,7.352500000000001
ID02037,Male,22,Economics,64.9,4.6,3.49,6.0,8,3.58,Low,Excellent,1,Medium Risk,21.857499999999998
ID02038,Male,24,Engineering,71.7,5.2,3.83,5.9,10,3.93,Low,Excellent,1,Medium Risk,14.222499999999998
ID02039,Male,23,Engineering,72.2,7.9,3.78,7.5,4,3.9,Low,Excellent,1,Medium Risk,14.435000000000002
ID02040,Male,21,Economics,74.1,4.8,2.91,4.6,3,2.93,Low,Good,1,Medium Risk,21.992500000000003
ID02041,Female,20,Economics,77.8,9.1,3.62,6.4,4,3.85,Good,Excellent,1,Low Risk,13.315000000000001
ID02042,Female,24,Mathematics,88.6,6.7,3.22,5.0,10,3.41,Excellent,Very Good,1,Low Risk,11.955000000000002
ID02043,Male,18,Psychology,98.0,2.8,3.66,7.8,4,4.0,Excellent,Excellent,1,Low Risk,12.675
ID02044,Male,22,Economics,100.0,8.1,3.38,5.5,6,3.82,Excellent,Excellent,1,Low Risk,5.425000000000001
ID02045,Female,19,Business,72.4,4.7,3.24,9.9,6,3.39,Low,Very Good,1,Medium Risk,20.269999999999992
ID02046,Female,20,Engineering,72.3,7.4,3.32,8.6,6,3.44,Low,Very Good,1,Medium Risk,18.415000000000003
ID02047,Male,24,Psychology,100.0,5.2,3.23,6.9,12,3.44,Excellent,Very Good,1,Low Risk,6.7375
ID02048,Female,20,Computer Science,94.7,10.3,3.25,7.6,7,3.88,Excellent,Excellent,1,Low Risk,8.947499999999998
ID02049,Male,23,Mathematics,86.2,2.0,3.02,7.7,9,3.14,Excellent,Very Good,1,Low Risk,26.784999999999997
ID02050,Male,22,Psychology,92.1,3.6,2.97,5.6,7,3.37,Excellent,Very Good,1,Low Risk,18.1675
ID02051,Male,21,Economics,84.6,5.8,3.98,8.9,3,4.0,Good,Excellent,1,Low Risk,7.105000000000002
ID02052,Male,21,Engineering,92.9,4.4,3.34,6.9,9,3.71,Excellent,Excellent,1,Low Risk,11.369999999999997
ID02053,Male,21,Engineering,80.0,2.2,2.81,5.8,4,2.92,Good,Good,1,Low Risk,30.6125
ID02054,Female,19,Engineering,89.0,9.8,2.96,7.8,6,3.61,Excellent,Excellent,1,Low Risk,14.05
ID02055,Female,24,Psychology,62.3,3.9,3.63,5.3,6,3.41,Low,Very Good,1,Medium Risk,24.602500000000006
ID02056,Female,22,Engineering,74.7,7.0,2.73,8.0,11,2.91,Low,Good,1,Medium Risk,22.4975
ID02057,Male,22,Economics,74.8,5.5,2.36,7.5,3,2.55,Low,Good,1,Medium Risk,25.69
ID02058,Male,21,Psychology,79.4,6.3,2.4,6.0,10,2.51,Good,Good,1,Medium Risk,23.269999999999996
ID02059,Female,21,Engineering,71.1,1.9,2.24,8.4,12,2.04,Low,Average,1,Medium Risk,40.805
ID02060,Male,23,Computer Science,77.0,4.0,2.45,8.1,7,2.53,Good,Good,1,Medium Risk,27.912499999999994
ID02061,Male,18,Computer Science,62.3,6.4,2.51,6.5,11,2.69,Low,Good,1,Medium Risk,30.002500000000005
ID02062,Male,18,Business,93.2,7.0,3.79,7.8,8,4.0,Excellent,Excellent,1,Low Risk,4.897499999999998
ID02063,Female,20,Engineering,83.8,6.6,3.08,5.0,11,3.38,Good,Very Good,1,Low Risk,15.34
ID02064,Male,20,Engineering,59.4,2.6,2.92,7.7,6,2.59,Critical,Good,1,High Risk,37.32
ID02065,Male,22,Psychology,72.5,1.3,2.38,4.8,8,2.02,Low,Average,1,Medium Risk,41.349999999999994
ID02066,Female,22,Psychology,90.0,1.7,3.03,7.2,10,3.24,Excellent,Very Good,1,Medium Risk,26.1875
ID02067,Male,19,Engineering,76.9,4.1,2.23,8.0,8,2.41,Good,Average,1,Medium Risk,29.482499999999998
ID02068,Male,19,Business,74.5,4.4,2.92,7.5,8,2.85,Low,Good,1,Medium Risk,23.324999999999996
ID02069,Male,18,Engineering,83.9,4.1,4.0,9.3,4,4.0,Good,Excellent,1,Low Risk,10.844999999999999
ID02070,Male,20,Economics,90.2,1.9,3.43,5.8,5,3.52,Excellent,Excellent,1,Medium Risk,21.7975
ID02071,Female,18,Psychology,63.5,2.9,3.0,7.6,6,2.81,Low,Good,1,Medium Risk,33.575
ID02072,Male,18,Engineering,93.3,9.7,3.45,4.0,15,4.0,Excellent,Excellent,1,Low Risk,7.8275
ID02073,Male,20,Psychology,73.0,5.0,2.84,6.2,8,2.81,Low,Good,1,Medium Risk,22.3
ID02074,Female,24,Engineering,84.7,3.9,2.7,6.5,7,2.98,Good,Good,1,Low Risk,22.659999999999997
ID02075,Female,19,Mathematics,84.5,9.6,3.95,9.4,5,4.0,Good,Excellent,1,Low Risk,7.412499999999999
ID02076,Female,23,Psychology,77.1,10.8,2.53,7.0,10,3.1,Good,Very Good,1,Low Risk,23.167500000000004
ID02077,Male,23,Business,69.6,3.1,2.92,8.4,9,2.86,Low,Good,1,Medium Risk,30.730000000000004
ID02078,Male,23,Mathematics,80.7,5.1,3.25,5.6,11,3.72,Good,Excellent,1,Low Risk,15.247499999999999
ID02079,Female,20,Economics,100.0,1.5,2.63,6.5,6,2.88,Excellent,Good,1,Medium Risk,25.987499999999997
ID02080,Female,21,Engineering,64.6,1.2,3.43,5.7,7,3.12,Low,Very Good,1,Medium Risk,36.1175
ID02081,Male,21,Economics,100.0,3.6,2.95,5.5,7,3.21,Excellent,Very Good,1,Low Risk,14.787499999999998
ID02082,Male,21,Psychology,81.1,1.8,3.43,5.6,9,3.41,Good,Very Good,1,Medium Risk,26.2925
ID02083,Male,22,Mathematics,85.5,2.9,3.39,6.1,4,3.53,Excellent,Excellent,1,Low Risk,20.262500000000003
ID02084,Female,19,Economics,68.7,4.8,2.98,10.0,8,2.82,Low,Good,1,Medium Risk,23.81
ID02085,Male,19,Business,73.4,8.5,3.96,6.9,13,4.0,Low,Excellent,1,Medium Risk,12.319999999999997
ID02086,Male,24,Psychology,77.5,5.1,2.77,5.0,10,2.64,Good,Good,1,Low Risk,20.8875
ID02087,Male,24,Mathematics,69.3,3.1,3.77,6.2,1,3.72,Low,Excellent,1,Medium Risk,23.427500000000002
ID02088,Female,22,Economics,81.9,11.2,3.69,8.5,6,4.0,Good,Excellent,1,Low Risk,10.857499999999998
ID02089,Female,18,Mathematics,78.9,4.3,3.99,5.9,10,3.76,Good,Excellent,1,Low Risk,12.382499999999997
ID02090,Male,24,Mathematics,100.0,7.0,3.19,9.2,4,3.43,Excellent,Very Good,1,Low Risk,7.0874999999999995
ID02091,Female,23,Economics,67.5,7.4,2.71,8.5,11,3.0,Low,Very Good,1,Medium Risk,25.9125
ID02092,Female,21,Computer Science,86.5,3.9,4.0,6.7,11,4.0,Excellent,Excellent,1,Low Risk,10.475000000000001
ID02093,Male,23,Engineering,88.7,0.6,2.93,6.0,11,3.08,Excellent,Very Good,1,Medium Risk,32.0475
ID02094,Male,21,Psychology,68.9,1.2,2.69,5.6,9,2.49,Low,Average,1,Medium Risk,40.6575
ID02095,Male,23,Psychology,95.3,2.7,3.01,7.3,10,3.32,Excellent,Very Good,1,Low Risk,19.977500000000006
ID02096,Female,18,Psychology,79.0,2.8,2.61,7.6,9,2.44,Good,Average,1,Low Risk,30.4125
ID02097,Female,23,Mathematics,47.6,4.0,3.36,9.0,17,2.74,Critical,Good,1,High Risk,33.18
ID02098,Female,23,Economics,94.9,3.5,2.8,7.5,9,3.26,Excellent,Very Good,1,Low Risk,18.794999999999998
ID02099,Female,20,Engineering,68.2,3.6,2.96,6.5,13,3.01,Low,Very Good,1,Medium Risk,29.009999999999998
ID02100,Male,23,Business,69.3,4.2,3.58,9.1,7,3.69,Low,Excellent,1,Medium Risk,20.69
ID02101,Female,20,Psychology,95.3,4.6,3.41,8.2,10,3.55,Excellent,Excellent,1,Low Risk,8.877500000000001
ID02102,Male,19,Economics,79.8,1.3,3.11,6.0,10,3.16,Good,Very Good,1,Medium Risk,31.677500000000002
ID02103,Male,22,Engineering,98.8,4.6,3.19,6.9,10,3.64,Excellent,Excellent,1,Low Risk,9.227500000000003
ID02104,Female,23,Engineering,100.0,6.0,3.11,8.0,4,3.6,Excellent,Excellent,1,Low Risk,7.7875000000000005
ID02105,Female,19,Computer Science,75.3,11.2,2.88,7.5,4,3.33,Good,Very Good,1,Low Risk,20.915000000000003
ID02106,Male,24,Economics,96.9,4.5,3.1,5.5,5,3.22,Excellent,Very Good,1,Low Risk,11.269999999999996
ID02107,Female,24,Psychology,73.7,6.8,3.35,7.3,5,3.6,Low,Excellent,1,Medium Risk,17.522499999999997
ID02108,Female,20,Mathematics,100.0,5.7,3.04,6.0,5,3.43,Excellent,Very Good,1,Low Risk,8.399999999999999
ID02109,Male,23,Engineering,74.6,2.5,3.31,7.1,6,3.11,Low,Very Good,1,Medium Risk,27.4675
ID02110,Female,23,Engineering,100.0,4.7,2.68,5.1,6,2.85,Excellent,Good,1,Low Risk,12.749999999999996
ID02111,Male,18,Business,97.7,9.1,2.8,5.7,13,3.28,Excellent,Very Good,1,Low Risk,11.534999999999998
ID02112,Male,19,Computer Science,89.7,8.9,2.73,10.0,7,3.42,Excellent,Very Good,1,Low Risk,15.747499999999999
ID02113,Male,21,Engineering,74.9,8.8,2.82,6.4,11,3.08,Low,Very Good,1,Medium Risk,21.619999999999997
ID02114,Female,21,Engineering,82.7,14.0,3.74,8.7,9,4.0,Good,Excellent,1,Low Risk,10.059999999999997
ID02115,Female,18,Mathematics,52.7,6.0,3.46,6.8,9,3.47,Critical,Very Good,1,High Risk,26.009999999999998
ID02116,Male,20,Mathematics,88.4,3.2,2.56,5.2,3,2.58,Excellent,Good,1,Low Risk,25.019999999999996
ID02117,Male,21,Business,90.2,6.1,3.32,5.4,12,3.53,Excellent,Excellent,1,Low Risk,10.36
ID02118,Female,21,Economics,87.0,2.3,2.9,5.8,4,3.05,Excellent,Very Good,1,Low Risk,26.275000000000002
ID02119,Male,24,Business,40.4,5.5,2.76,10.0,10,2.32,Critical,Average,1,High Risk,37.67
ID02120,Female,24,Business,66.0,2.2,2.36,6.7,3,2.35,Low,Average,1,Medium Risk,40.849999999999994
ID02121,Female,22,Mathematics,73.8,2.7,3.59,7.3,6,3.44,Low,Very Good,1,Medium Risk,24.5775
ID02122,Male,19,Economics,89.4,1.2,2.42,8.0,6,2.69,Excellent,Good,1,Medium Risk,33.795
ID02123,Female,20,Mathematics,89.3,5.3,3.07,7.8,6,3.33,Excellent,Very Good,1,Low Risk,12.952500000000002
ID02124,Male,23,Computer Science,82.4,8.6,2.63,8.3,5,3.23,Good,Very Good,1,Low Risk,19.907499999999995
ID02125,Female,19,Psychology,94.5,4.5,3.49,6.2,3,3.96,Excellent,Excellent,1,Low Risk,8.937499999999998
ID02126,Female,20,Psychology,69.6,4.2,2.93,5.2,11,3.06,Low,Very Good,1,Medium Risk,26.242500000000003
ID02127,Female,21,Computer Science,94.2,2.8,3.03,5.6,8,3.05,Excellent,Very Good,1,Low Risk,19.8975
ID02128,Male,22,Psychology,92.1,7.2,3.05,4.7,10,3.48,Excellent,Very Good,1,Low Risk,11.867500000000003
ID02129,Female,19,Economics,90.7,7.8,3.25,6.2,5,3.87,Excellent,Excellent,1,Low Risk,10.747499999999999
ID02130,Male,21,Mathematics,82.3,1.5,3.11,4.0,9,3.4,Good,Very Good,1,Medium Risk,29.7525
ID02131,Male,20,Psychology,100.0,4.7,3.08,8.1,14,3.36,Excellent,Very Good,1,Low Risk,9.249999999999998
ID02132,Male,19,Economics,92.4,7.0,2.84,7.9,8,3.52,Excellent,Excellent,1,Low Risk,13.569999999999999
ID02133,Female,23,Mathematics,70.5,3.1,2.31,5.5,10,2.06,Low,Average,1,Medium Risk,35.6625
ID02134,Male,19,Economics,88.7,1.4,2.54,4.9,6,2.63,Excellent,Good,1,Medium Risk,32.26
ID02135,Female,21,Computer Science,96.3,2.1,3.46,9.3,16,3.22,Excellent,Very Good,1,Low Risk,17.990000000000002
ID02136,Female,19,Business,76.2,9.4,2.95,8.4,10,3.03,Good,Very Good,1,Low Risk,19.897499999999997
ID02137,Male,23,Computer Science,100.0,7.7,2.77,6.6,10,3.22,Excellent,Very Good,1,Low Risk,10.7625
ID02138,Female,22,Psychology,90.7,8.2,2.4,6.0,9,3.03,Excellent,Very Good,1,Medium Risk,18.185
ID02139,Male,22,Mathematics,49.9,1.7,2.24,7.1,8,1.87,Critical,Poor,0,High Risk,51.144999999999996
ID02140,Female,21,Economics,89.5,7.0,2.75,4.8,9,3.02,Excellent,Very Good,1,Low Risk,15.662500000000001
ID02141,Female,20,Psychology,78.9,9.7,3.54,7.4,10,3.69,Good,Excellent,1,Low Risk,13.519999999999996
ID02142,Male,21,Psychology,93.1,2.7,2.82,5.2,7,3.17,Excellent,Very Good,1,Low Risk,22.630000000000003
ID02143,Female,22,Business,99.2,3.7,3.3,4.0,6,3.46,Excellent,Very Good,1,Low Risk,11.684999999999999
ID02144,Male,18,Psychology,87.9,4.9,2.8,5.8,4,2.95,Excellent,Good,1,Low Risk,16.344999999999995
ID02145,Male,18,Business,100.0,5.3,3.42,5.5,10,3.59,Excellent,Excellent,1,Low Risk,5.075
ID02146,Female,19,Mathematics,82.3,3.3,2.92,9.7,6,3.04,Good,Very Good,1,Low Risk,24.215
ID02147,Male,23,Mathematics,94.4,7.4,2.48,9.5,4,2.79,Excellent,Good,1,Medium Risk,15.819999999999997
ID02148,Male,24,Economics,97.1,5.8,2.97,5.3,13,3.22,Excellent,Very Good,1,Low Risk,10.3175
ID02149,Male,24,Business,83.5,2.4,4.0,6.8,5,4.0,Good,Excellent,1,Low Risk,17.825
ID02150,Female,24,Computer Science,96.7,7.2,3.99,6.0,5,4.0,Excellent,Excellent,1,Low Risk,1.572499999999997
ID02151,Male,19,Mathematics,76.1,3.9,3.34,9.8,7,3.39,Good,Very Good,1,Low Risk,20.930000000000007
ID02152,Male,18,Economics,78.7,6.0,3.03,4.3,8,2.89,Good,Good,1,Low Risk,18.072499999999998
ID02153,Female,22,Computer Science,65.3,2.5,3.25,7.7,5,3.1,Low,Very Good,1,Medium Risk,32.1775
ID02154,Female,19,Mathematics,88.6,2.6,3.26,8.9,9,3.52,Excellent,Excellent,1,Low Risk,21.205000000000005
ID02155,Male,24,Mathematics,89.9,1.3,3.08,6.2,12,3.15,Excellent,Very Good,1,Medium Risk,27.394999999999996
ID02156,Male,24,Economics,100.0,8.0,3.32,7.0,9,3.97,Excellent,Excellent,1,Low Risk,5.950000000000001
ID02157,Male,21,Economics,96.9,6.8,3.2,8.6,6,3.6,Excellent,Excellent,1,Low Risk,8.394999999999996
ID02158,Male,24,Engineering,80.7,4.9,2.94,5.3,6,3.39,Good,Very Good,1,Low Risk,18.359999999999996
ID02159,Male,23,Psychology,67.3,1.7,2.5,8.0,9,2.24,Low,Average,1,Medium Risk,41.04
ID02160,Female,24,Psychology,91.5,8.7,2.87,4.7,8,3.47,Excellent,Very Good,1,Low Risk,13.712499999999999
ID02161,Female,21,Computer Science,100.0,5.9,3.5,4.6,9,3.87,Excellent,Excellent,1,Low Risk,4.375
ID02162,Female,24,Psychology,96.3,3.3,3.08,8.3,11,3.28,Excellent,Very Good,1,Low Risk,16.515
ID02163,Male,23,Computer Science,100.0,5.1,3.25,5.5,8,3.41,Excellent,Very Good,1,Low Risk,6.5625
ID02164,Female,22,Mathematics,81.8,3.8,2.96,7.3,6,3.19,Good,Very Good,1,Low Risk,22.09
ID02165,Male,19,Engineering,78.0,5.9,2.57,5.2,5,2.73,Good,Good,1,Low Risk,22.4125
ID02166,Female,23,Engineering,73.9,2.2,2.98,7.4,8,2.8,Low,Good,1,Medium Risk,31.869999999999994
ID02167,Female,21,Mathematics,84.2,0.9,2.59,4.5,10,2.7,Good,Good,1,Medium Risk,35.8475
ID02168,Male,19,Economics,83.8,5.6,2.56,8.9,8,2.77,Good,Good,1,Low Risk,19.89
ID02169,Female,19,Business,88.1,6.1,3.7,8.2,4,4.0,Excellent,Excellent,1,Low Risk,7.980000000000001
ID02170,Male,21,Business,83.1,1.3,2.89,6.1,6,3.01,Good,Very Good,1,Medium Risk,32.11750000000001
ID02171,Female,18,Psychology,83.0,0.6,2.73,4.2,11,2.75,Good,Good,1,Medium Risk,36.362500000000004
ID02172,Male,24,Economics,73.3,4.9,3.91,6.7,9,4.0,Low,Excellent,1,Medium Risk,13.2025
ID02173,Male,23,Computer Science,99.1,5.7,3.51,6.5,9,3.76,Excellent,Excellent,1,Low Risk,4.692500000000004
ID02174,Female,21,Engineering,86.1,3.7,2.91,6.2,7,3.41,Excellent,Very Good,1,Low Risk,20.9925
ID02175,Male,22,Psychology,82.4,2.3,3.31,8.6,6,3.4,Good,Very Good,1,Low Risk,24.757499999999997
ID02176,Female,20,Mathematics,73.8,11.3,2.98,8.8,9,3.33,Low,Very Good,1,Medium Risk,20.715
ID02177,Male,21,Economics,65.0,5.4,2.75,7.6,10,2.76,Low,Good,1,Medium Risk,26.6875
ID02178,Female,24,Engineering,100.0,7.9,3.34,9.2,7,3.73,Excellent,Excellent,1,Low Risk,5.775000000000001
ID02179,Female,24,Computer Science,93.3,2.0,2.94,4.0,5,3.07,Excellent,Very Good,1,Low Risk,24.29
ID02180,Male,19,Computer Science,60.6,8.6,3.14,6.5,6,3.5,Low,Excellent,1,Medium Risk,25.255
ID02181,Male,19,Business,96.4,5.3,3.61,6.5,8,4.0,Excellent,Excellent,1,Low Risk,5.032499999999999
ID02182,Male,21,Psychology,98.8,10.6,3.56,8.3,8,4.0,Excellent,Excellent,1,Low Risk,4.390000000000001
ID02183,Male,20,Mathematics,86.9,6.0,2.82,6.5,8,3.2,Excellent,Very Good,1,Low Risk,16.22
ID02184,Male,21,Engineering,100.0,4.5,3.34,7.8,4,3.55,Excellent,Excellent,1,Low Risk,7.775000000000001
ID02185,Female,20,Computer Science,88.3,4.0,2.54,6.3,8,3.06,Excellent,Very Good,1,Low Risk,22.04
ID02186,Female,20,Engineering,63.7,2.8,3.33,6.0,9,3.13,Low,Very Good,1,Medium Risk,30.997500000000002
ID02187,Female,24,Mathematics,90.5,4.0,3.17,8.2,11,3.57,Excellent,Excellent,1,Low Risk,15.5375
ID02188,Female,24,Engineering,88.7,6.1,3.29,7.0,4,3.56,Excellent,Excellent,1,Low Risk,11.2975
ID02189,Female,24,Psychology,76.0,6.7,2.95,7.5,6,3.33,Good,Very Good,1,Low Risk,19.987499999999997
ID02190,Female,22,Business,93.6,2.5,4.0,5.1,9,3.98,Excellent,Excellent,1,Low Risk,12.880000000000003
ID02191,Male,24,Engineering,60.0,1.5,2.65,8.0,9,2.38,Low,Average,1,Medium Risk,43.8125
ID02192,Female,23,Economics,99.9,5.1,3.59,5.4,13,3.9,Excellent,Excellent,1,Low Risk,3.632499999999998
ID02193,Female,19,Business,71.8,1.2,2.58,9.6,7,2.46,Low,Average,1,Medium Risk,40.315000000000005
ID02194,Female,19,Mathematics,70.2,4.1,3.35,6.6,11,3.35,Low,Very Good,1,Medium Risk,22.697499999999998
ID02195,Male,20,Business,83.3,1.7,3.39,6.4,9,3.67,Good,Excellent,1,Medium Risk,26.052499999999995
ID02196,Male,19,Engineering,91.5,6.5,3.13,8.3,5,3.64,Excellent,Excellent,1,Low Risk,11.4375
ID02197,Male,18,Engineering,87.5,3.2,2.85,6.9,6,3.28,Excellent,Very Good,1,Low Risk,22.8875
ID02198,Female,20,Economics,73.9,3.5,3.17,8.1,9,3.25,Low,Very Good,1,Medium Risk,25.007499999999997
ID02199,Male,19,Computer Science,77.4,1.5,3.23,6.6,6,3.02,Good,Very Good,1,Medium Risk,30.9075
ID02200,Male,18,Economics,68.0,7.5,3.99,8.1,17,3.7,Low,Excellent,1,Medium Risk,14.487499999999999
ID02201,Female,22,Engineering,81.6,4.7,2.66,6.9,6,3.08,Good,Very Good,1,Low Risk,21.205000000000002
ID02202,Male,19,Business,100.0,4.8,2.82,8.3,10,3.2,Excellent,Very Good,1,Low Risk,11.125000000000002
ID02203,Male,18,Economics,84.9,1.8,3.24,8.7,9,3.22,Good,Very Good,1,Medium Risk,26.244999999999994
ID02204,Male,21,Economics,97.9,1.1,2.97,4.6,7,2.95,Excellent,Good,1,Medium Risk,25.557499999999997
ID02205,Female,23,Computer Science,100.0,2.5,3.05,7.5,6,3.49,Excellent,Very Good,1,Low Risk,18.3125
ID02206,Female,21,Engineering,76.2,3.2,3.64,9.7,12,3.36,Good,Very Good,1,Low Risk,21.06
ID02207,Male,18,Engineering,82.2,2.4,1.69,7.9,7,1.92,Good,Poor,0,High Risk,38.622499999999995
ID02208,Female,20,Mathematics,100.0,10.7,2.8,10.0,4,3.27,Excellent,Very Good,1,Low Risk,10.5
ID02209,Male,24,Computer Science,100.0,7.6,2.23,5.6,16,2.47,Excellent,Average,1,Medium Risk,15.487499999999999
ID02210,Female,24,Mathematics,59.9,4.1,2.5,7.4,8,2.4,Critical,Average,1,High Risk,34.77
ID02211,Female,24,Mathematics,90.8,2.6,4.0,7.7,7,4.0,Excellent,Excellent,1,Low Risk,13.740000000000002
ID02212,Female,20,Mathematics,85.0,2.0,3.4,6.2,5,3.69,Excellent,Excellent,1,Low Risk,24.0
ID02213,Male,19,Psychology,97.4,4.0,3.58,5.1,7,3.97,Excellent,Excellent,1,Low Risk,8.844999999999995
ID02214,Female,24,Mathematics,73.8,4.9,3.06,10.0,13,3.09,Low,Very Good,1,Medium Risk,20.415
ID02215,Female,21,Economics,72.4,3.1,3.48,8.7,11,3.43,Low,Very Good,1,Medium Risk,24.57
ID02216,Male,20,Business,74.9,5.4,2.22,7.8,11,2.31,Low,Average,1,Medium Risk,26.869999999999994
ID02217,Female,20,Economics,76.4,2.9,3.62,7.1,10,3.68,Good,Excellent,1,Low Risk,22.345
ID02218,Male,24,Economics,97.2,2.0,2.69,7.2,7,3.12,Excellent,Very Good,1,Low Risk,24.722499999999997
ID02219,Female,21,Engineering,67.3,5.4,2.83,7.9,5,2.87,Low,Good,1,Medium Risk,24.9525
ID02220,Male,22,Psychology,75.7,1.1,3.35,9.2,8,3.04,Good,Very Good,1,Medium Risk,32.2225
ID02221,Female,20,Mathematics,58.2,1.5,3.26,5.9,10,2.97,Critical,Good,1,High Risk,39.285
ID02222,Male,24,Engineering,100.0,2.2,3.14,7.2,7,3.22,Excellent,Very Good,1,Low Risk,18.724999999999998
ID02223,Male,23,Computer Science,100.0,2.8,2.42,6.4,8,2.85,Excellent,Good,1,Medium Risk,22.625
ID02224,Male,18,Computer Science,80.1,6.1,3.15,5.4,9,3.67,Good,Excellent,1,Low Risk,16.392500000000005
ID02225,Male,19,Engineering,80.5,1.5,3.58,6.1,3,3.69,Good,Excellent,1,Medium Risk,26.45
ID02226,Male,20,Business,91.8,3.5,2.83,7.3,14,3.13,Excellent,Very Good,1,Low Risk,19.927500000000002
ID02227,Male,23,Engineering,100.0,5.0,3.76,6.6,9,4.0,Excellent,Excellent,1,Low Risk,2.100000000000002
ID02228,Female,23,Engineering,91.1,4.7,2.66,7.0,8,2.99,Excellent,Good,1,Low Risk,16.93
ID02229,Male,20,Psychology,74.5,6.1,3.1,8.1,4,3.14,Low,Very Good,1,Medium Risk,19.349999999999998
ID02230,Male,22,Computer Science,60.7,3.6,3.87,8.7,11,3.8,Low,Excellent,1,Medium Risk,24.4225
ID02231,Female,18,Computer Science,68.3,2.7,2.76,10.0,6,2.49,Low,Average,1,Medium Risk,34.315000000000005
ID02232,Male,19,Mathematics,86.1,8.3,3.63,8.2,9,4.0,Excellent,Excellent,1,Low Risk,9.492500000000003
ID02233,Female,20,Economics,75.2,2.7,4.0,6.1,12,4.0,Good,Excellent,1,Low Risk,20.36
ID02234,Female,19,Engineering,87.9,2.4,3.19,8.7,6,3.36,Excellent,Very Good,1,Low Risk,22.932499999999997
ID02235,Female,21,Engineering,76.7,2.3,2.84,6.5,7,2.94,Good,Good,1,Low Risk,31.435
ID02236,Female,23,Business,69.1,2.3,2.71,6.0,9,2.86,Low,Good,1,Medium Risk,35.99250000000001
ID02237,Female,23,Computer Science,67.3,9.3,3.75,7.9,9,4.0,Low,Excellent,1,Medium Risk,16.902500000000003
ID02238,Male,20,Business,100.0,10.2,3.74,9.1,12,4.0,Excellent,Excellent,1,Low Risk,2.274999999999998
ID02239,Male,20,Psychology,98.3,6.5,3.82,6.1,12,4.0,Excellent,Excellent,1,Low Risk,2.3400000000000025
ID02240,Male,21,Mathematics,100.0,5.5,3.08,7.5,8,3.34,Excellent,Very Good,1,Low Risk,8.049999999999999
ID02241,Female,22,Business,93.1,2.4,3.62,7.7,8,3.86,Excellent,Excellent,1,Low Risk,16.830000000000002
ID02242,Male,20,Computer Science,78.6,3.1,3.08,5.6,4,3.07,Good,Very Good,1,Low Risk,25.28
ID02243,Female,23,Psychology,100.0,1.3,2.66,4.9,13,2.59,Excellent,Good,1,Medium Risk,26.525
ID02244,Female,19,Engineering,84.5,3.5,3.66,4.9,13,3.79,Good,Excellent,1,Low Risk,15.95
ID02245,Female,18,Psychology,88.3,1.7,3.92,8.9,7,3.89,Excellent,Excellent,1,Medium Risk,19.165
ID02246,Male,24,Economics,84.4,4.5,2.59,6.3,11,2.93,Good,Good,1,Low Risk,21.357499999999995
ID02247,Male,19,Business,40.8,2.6,2.58,6.1,8,2.43,Critical,Average,1,High Risk,48.665
ID02248,Female,22,Computer Science,100.0,4.8,3.12,7.5,8,3.48,Excellent,Very Good,1,Low Risk,8.5
ID02249,Female,18,Business,92.4,2.3,3.58,9.0,7,3.8,Excellent,Excellent,1,Low Risk,17.894999999999996
ID02250,Male,19,Engineering,89.9,1.2,2.53,5.3,5,2.59,Excellent,Good,1,Medium Risk,32.6075
ID02251,Male,19,Engineering,84.1,2.0,3.21,4.2,8,3.45,Good,Very Good,1,Low Risk,26.067500000000003
ID02252,Female,21,Computer Science,87.5,5.0,2.8,9.2,7,3.2,Excellent,Very Good,1,Low Risk,16.125
ID02253,Female,24,Economics,76.0,5.2,3.45,7.8,6,3.42,Good,Very Good,1,Low Risk,15.612499999999999
ID02254,Female,22,Mathematics,94.2,4.9,2.7,5.4,10,3.06,Excellent,Very Good,1,Low Risk,14.384999999999994
ID02255,Female,23,Psychology,65.4,4.5,3.49,6.3,5,3.52,Low,Excellent,1,Medium Risk,22.032499999999995
ID02256,Female,21,Psychology,87.8,4.1,3.02,5.5,6,3.42,Excellent,Very Good,1,Low Risk,17.665000000000003
ID02257,Male,18,Engineering,93.4,5.9,2.63,8.0,6,2.94,Excellent,Good,1,Low Risk,14.957499999999996
ID02258,Male,24,Business,82.0,0.6,3.13,8.5,12,3.37,Good,Very Good,1,Medium Risk,33.31250000000001
ID02259,Male,23,Business,90.6,9.1,2.13,8.0,12,2.74,Excellent,Good,1,Medium Risk,20.592500000000005
ID02260,Male,21,Economics,70.1,3.5,2.82,7.2,11,2.75,Low,Good,1,Medium Risk,29.780000000000005
ID02261,Female,24,Mathematics,70.5,5.9,3.27,7.6,5,3.35,Low,Very Good,1,Medium Risk,19.6625
ID02262,Female,22,Business,88.6,3.9,2.21,5.9,4,2.26,Excellent,Average,1,Medium Risk,25.192500000000006
ID02263,Female,20,Psychology,95.2,2.5,1.81,6.3,12,2.26,Excellent,Average,1,High Risk,31.322499999999998
ID02264,Male,20,Business,56.9,3.3,1.93,7.0,9,1.53,Critical,Poor,0,High Risk,44.307500000000005
ID02265,Female,18,Mathematics,92.8,2.0,3.76,6.6,3,4.0,Excellent,Excellent,1,Low Risk,17.340000000000003
ID02266,Female,20,Psychology,76.9,2.2,3.06,7.0,8,3.16,Good,Very Good,1,Low Risk,29.819999999999997
ID02267,Female,21,Business,82.1,5.3,2.83,4.6,6,3.08,Good,Very Good,1,Low Risk,18.292500000000004
ID02268,Female,18,Psychology,64.9,4.5,3.57,8.3,8,3.43,Low,Very Good,1,Medium Risk,21.557499999999997
ID02269,Male,23,Engineering,72.2,1.1,2.9,5.4,8,2.68,Low,Good,1,Medium Risk,37.735
ID02270,Male,22,Engineering,99.5,2.3,3.23,4.0,7,3.57,Excellent,Excellent,1,Low Risk,17.7625
ID02271,Male,18,Economics,85.5,3.5,3.11,5.9,7,3.48,Excellent,Very Good,1,Low Risk,20.3125
ID02272,Male,23,Engineering,79.3,3.9,2.86,6.7,5,2.9,Good,Good,1,Low Risk,23.690000000000005
ID02273,Male,18,Business,83.3,11.1,3.25,10.0,12,3.87,Good,Excellent,1,Low Risk,14.0775
ID02274,Female,19,Mathematics,92.3,4.5,3.49,6.3,4,3.83,Excellent,Excellent,1,Low Risk,9.927499999999998
ID02275,Female,19,Psychology,91.6,0.9,3.01,7.3,9,3.38,Excellent,Very Good,1,Medium Risk,28.84250000000001
ID02276,Female,18,Computer Science,83.9,4.1,2.87,7.5,6,3.42,Good,Very Good,1,Low Risk,20.732499999999995
ID02277,Female,24,Engineering,100.0,1.7,2.93,4.7,11,2.98,Excellent,Good,1,Medium Risk,22.562499999999996
ID02278,Male,20,Engineering,99.6,3.6,1.95,6.8,5,2.46,Excellent,Average,1,High Risk,23.7175
ID02279,Female,19,Computer Science,91.2,11.6,3.24,6.6,11,4.0,Excellent,Excellent,1,Low Risk,10.609999999999996
ID02280,Male,24,Computer Science,85.8,2.9,2.5,7.1,7,2.78,Excellent,Good,1,Low Risk,27.915000000000003
ID02281,Male,24,Business,94.9,6.7,3.41,7.6,8,3.86,Excellent,Excellent,1,Low Risk,7.457499999999996
ID02282,Male,22,Psychology,89.7,4.0,3.05,8.3,2,3.45,Excellent,Very Good,1,Low Risk,16.947499999999998
ID02283,Male,23,Engineering,100.0,8.9,3.15,5.7,6,3.82,Excellent,Excellent,1,Low Risk,7.437500000000001
ID02284,Male,21,Mathematics,98.5,5.5,3.45,7.7,8,3.84,Excellent,Excellent,1,Low Risk,5.487499999999998
ID02285,Male,19,Business,69.7,7.2,2.64,5.9,8,2.75,Low,Good,1,Medium Risk,25.534999999999997
ID02286,Male,18,Business,68.7,5.0,3.28,5.6,9,3.21,Low,Very Good,1,Medium Risk,20.384999999999998
ID02287,Female,20,Mathematics,74.5,2.9,3.23,9.6,7,3.01,Low,Very Good,1,Medium Risk,26.6125
ID02288,Male,21,Mathematics,99.6,8.3,3.01,4.3,4,3.67,Excellent,Excellent,1,Low Risk,8.842500000000005
ID02289,Male,23,Economics,61.4,4.6,2.64,6.2,8,2.6,Low,Good,1,Medium Risk,30.87
ID02290,Male,24,Mathematics,90.9,3.0,3.4,7.3,3,3.83,Excellent,Excellent,1,Low Risk,17.345
ID02291,Female,23,Computer Science,90.4,2.5,3.45,6.1,9,3.69,Excellent,Excellent,1,Low Risk,19.132499999999997
ID02292,Male,19,Engineering,100.0,4.7,3.16,7.2,6,3.38,Excellent,Very Good,1,Low Risk,8.549999999999997
ID02293,Male,23,Economics,87.7,7.5,2.56,5.0,6,2.91,Excellent,Good,1,Low Risk,18.134999999999998
ID02294,Male,23,Computer Science,64.9,5.2,2.84,4.2,4,2.68,Low,Good,1,Medium Risk,25.945
ID02295,Male,20,Economics,70.6,3.2,3.07,5.7,6,3.17,Low,Very Good,1,Medium Risk,28.567500000000003
ID02296,Male,24,Engineering,67.3,5.1,3.44,7.2,8,3.45,Low,Very Good,1,Medium Risk,19.615000000000002
ID02297,Male,20,Economics,76.9,6.3,2.31,6.7,8,2.57,Good,Good,1,Medium Risk,25.182499999999997
ID02298,Male,20,Computer Science,82.3,1.3,2.82,8.0,11,3.01,Good,Very Good,1,Medium Risk,33.09
ID02299,Male,18,Psychology,67.5,1.7,2.9,4.9,11,2.81,Low,Good,1,Medium Risk,37.449999999999996
ID02300,Male,23,Engineering,100.0,6.0,3.06,6.1,7,3.41,Excellent,Very Good,1,Low Risk,8.225
ID02301,Female,23,Business,65.1,1.6,2.45,6.9,11,2.22,Low,Average,1,Medium Risk,42.8675
ID02302,Female,23,Engineering,100.0,3.6,2.99,5.5,8,3.34,Excellent,Very Good,1,Low Risk,14.437499999999996
ID02303,Male,22,Engineering,100.0,4.3,2.94,7.2,4,3.39,Excellent,Very Good,1,Low Risk,12.075
ID02304,Male,20,Engineering,98.5,2.1,2.58,6.6,8,2.68,Excellent,Good,1,Low Risk,24.7
ID02305,Female,21,Psychology,74.6,3.6,3.04,7.7,8,3.16,Low,Very Good,1,Medium Risk,25.43
ID02306,Male,19,Computer Science,90.1,4.3,2.83,7.4,5,3.23,Excellent,Very Good,1,Low Risk,17.492500000000003
ID02307,Male,24,Business,65.8,7.7,3.35,4.2,9,3.35,Low,Very Good,1,Medium Risk,21.0775
ID02308,Female,21,Computer Science,98.7,7.2,2.66,9.2,7,3.2,Excellent,Very Good,1,Low Risk,12.309999999999999
ID02309,Male,24,Economics,83.9,4.7,3.14,4.0,11,3.5,Good,Excellent,1,Low Risk,15.969999999999995
ID02310,Male,18,Economics,78.9,2.7,2.7,4.7,15,2.59,Good,Good,1,Low Risk,30.069999999999993
ID02311,Male,18,Economics,66.6,7.3,2.8,6.9,11,2.89,Low,Good,1,Medium Risk,25.53
ID02312,Female,24,Computer Science,47.8,7.5,3.25,7.4,12,3.19,Critical,Very Good,1,High Risk,30.052500000000002
ID02313,Male,23,Mathematics,69.4,2.5,3.22,6.6,14,3.06,Low,Very Good,1,Medium Risk,30.594999999999995
ID02314,Female,21,Psychology,100.0,4.5,2.89,6.2,11,3.14,Excellent,Very Good,1,Low Risk,11.712499999999999
ID02315,Female,23,Mathematics,79.0,3.0,2.97,6.9,8,2.87,Good,Good,1,Low Risk,26.4625
ID02316,Male,22,Economics,82.5,4.8,2.37,7.8,5,2.82,Good,Good,1,Medium Risk,22.9375
ID02317,Male,18,Psychology,94.8,2.4,3.8,5.3,9,4.0,Excellent,Excellent,1,Low Risk,14.490000000000002
ID02318,Male,18,Computer Science,100.0,6.2,3.44,5.3,10,3.63,Excellent,Excellent,1,Low Risk,4.9
ID02319,Male,21,Economics,100.0,4.8,3.43,5.7,6,3.78,Excellent,Excellent,1,Low Risk,5.787499999999999
ID02320,Male,18,Computer Science,70.4,2.4,2.3,9.0,11,1.98,Low,Poor,0,Medium Risk,38.595
ID02321,Female,22,Psychology,55.9,5.9,2.8,7.6,11,2.81,Critical,Good,1,High Risk,30.345000000000002
ID02322,Female,22,Computer Science,100.0,2.7,2.93,7.9,7,3.33,Excellent,Very Good,1,Low Risk,18.5625
ID02323,Female,22,Computer Science,100.0,1.1,2.13,9.4,8,2.32,Excellent,Average,1,Medium Risk,31.962500000000002
ID02324,Male,19,Business,87.8,2.0,3.54,8.2,7,3.59,Excellent,Excellent,1,Low Risk,21.515
ID02325,Female,22,Mathematics,65.9,6.6,3.83,7.2,3,4.0,Low,Excellent,1,Medium Risk,16.832499999999996
ID02326,Female,22,Mathematics,99.4,9.4,4.0,9.3,7,4.0,Excellent,Excellent,1,Low Risk,0.26999999999999746
ID02327,Female,19,Mathematics,83.4,9.6,2.58,5.5,8,3.11,Good,Very Good,1,Low Risk,19.894999999999996
ID02328,Male,23,Engineering,83.3,2.8,3.16,6.6,10,3.26,Good,Very Good,1,Low Risk,23.665
ID02329,Female,20,Business,98.4,3.6,3.76,8.7,9,3.99,Excellent,Excellent,1,Low Risk,8.419999999999998
ID02330,Male,18,Economics,90.0,3.1,2.97,4.0,8,3.04,Excellent,Very Good,1,Low Risk,21.112499999999997
ID02331,Male,22,Economics,67.2,4.0,2.82,5.8,4,2.81,Low,Good,1,Medium Risk,29.085
ID02332,Male,18,Economics,80.1,1.6,2.17,8.2,10,2.49,Good,Average,1,Medium Risk,38.5675
ID02333,Female,21,Mathematics,94.9,2.9,3.67,7.2,4,4.0,Excellent,Excellent,1,Low Risk,13.5825
ID02334,Female,18,Mathematics,92.7,4.5,3.09,7.8,12,3.39,Excellent,Very Good,1,Low Risk,13.247499999999999
ID02335,Male,24,Business,88.9,6.7,2.74,4.1,7,3.08,Excellent,Very Good,1,Low Risk,16.019999999999996
ID02336,Male,23,Computer Science,99.0,4.7,3.24,5.7,10,3.7,Excellent,Excellent,1,Low Risk,8.299999999999997
ID02337,Male,19,Mathematics,79.6,3.5,3.18,8.0,5,3.05,Good,Very Good,1,Low Risk,22.355
ID02338,Male,18,Economics,87.7,2.1,3.18,5.6,9,3.49,Excellent,Very Good,1,Low Risk,24.309999999999995
ID02339,Male,18,Computer Science,34.4,6.9,2.99,8.2,7,2.61,Critical,Good,1,High Risk,38.357499999999995
ID02340,Male,18,Mathematics,78.3,1.5,3.91,7.4,13,3.8,Good,Excellent,1,Medium Risk,24.552500000000002
ID02341,Female,20,Psychology,96.5,1.7,3.03,5.2,7,3.26,Excellent,Very Good,1,Medium Risk,23.262499999999996
ID02342,Male,20,Engineering,79.1,5.6,3.91,7.5,6,4.0,Good,Excellent,1,Low Risk,10.192500000000003
ID02343,Male,21,Mathematics,78.0,6.0,3.38,8.1,13,3.46,Good,Very Good,1,Low Risk,15.325000000000001
ID02344,Male,19,Psychology,69.4,0.6,3.28,7.5,8,3.16,Low,Very Good,1,Medium Risk,37.67
ID02345,Female,18,Business,100.0,3.5,3.04,7.8,8,3.41,Excellent,Very Good,1,Low Risk,14.399999999999999
ID02346,Female,18,Psychology,93.2,1.0,3.59,4.4,8,3.56,Excellent,Excellent,1,Medium Risk,22.6475
ID02347,Female,18,Business,97.4,3.6,3.16,10.0,11,3.42,Excellent,Very Good,1,Low Risk,14.119999999999996
ID02348,Male,18,Mathematics,59.1,3.2,2.63,10.0,8,2.43,Critical,Average,1,High Risk,37.5925
ID02349,Female,20,Business,82.6,8.3,2.62,9.1,8,2.96,Good,Good,1,Low Risk,19.905
ID02350,Male,23,Psychology,80.8,5.1,3.31,7.2,5,3.54,Good,Excellent,1,Low Risk,14.677500000000002
ID02351,Female,23,Engineering,80.8,5.2,2.65,6.4,10,3.02,Good,Very Good,1,Low Risk,20.4525
ID02352,Female,21,Computer Science,75.8,7.6,3.07,6.4,11,3.25,Good,Very Good,1,Low Risk,19.027500000000003
ID02353,Female,24,Computer Science,79.8,7.7,3.63,8.2,9,3.62,Good,Excellent,1,Low Risk,12.327500000000002
ID02354,Female,22,Engineering,97.7,4.3,3.25,8.6,3,3.54,Excellent,Excellent,1,Low Risk,10.397499999999999
ID02355,Female,19,Economics,56.3,2.7,2.74,6.0,7,2.4,Critical,Average,1,High Risk,39.89
ID02356,Male,23,Computer Science,100.0,6.5,3.8,7.0,10,4.0,Excellent,Excellent,1,Low Risk,1.7500000000000013
ID02357,Female,24,Mathematics,92.3,6.3,3.37,8.9,8,3.7,Excellent,Excellent,1,Low Risk,8.9775
ID02358,Male,18,Economics,84.4,5.6,3.61,6.8,9,4.0,Good,Excellent,1,Low Risk,10.4325
ID02359,Male,23,Mathematics,98.6,4.3,1.97,7.2,6,2.45,Excellent,Average,1,High Risk,21.192500000000006
ID02360,Male,21,Psychology,63.2,3.6,3.27,9.1,7,3.19,Low,Very Good,1,Medium Risk,28.5475
ID02361,Male,22,Psychology,75.0,7.8,3.52,8.8,7,3.68,Good,Excellent,1,Low Risk,15.45
ID02362,Male,23,Economics,83.2,3.2,3.95,8.2,12,4.0,Good,Excellent,1,Low Risk,15.197499999999998
ID02363,Male,21,Economics,100.0,2.6,2.37,5.4,13,2.66,Excellent,Good,1,Medium Risk,23.8625
ID02364,Male,20,Economics,84.3,3.4,3.7,5.4,8,3.98,Good,Excellent,1,Low Risk,16.09
ID02365,Female,22,Economics,91.8,2.3,3.92,5.9,7,3.99,Excellent,Excellent,1,Low Risk,15.190000000000003
ID02366,Male,21,Business,76.2,6.3,2.09,6.2,8,2.22,Good,Average,1,Medium Risk,27.4225
ID02367,Male,24,Economics,92.3,4.3,3.34,7.3,8,3.82,Excellent,Excellent,1,Low Risk,12.040000000000003
ID02368,Female,23,Economics,100.0,1.0,3.41,6.9,8,3.66,Excellent,Excellent,1,Medium Risk,21.162499999999998
ID02369,Male,20,Psychology,99.9,5.1,2.94,6.8,6,3.53,Excellent,Excellent,1,Low Risk,9.319999999999997
ID02370,Female,24,Mathematics,83.8,3.5,2.85,6.6,8,3.32,Good,Very Good,1,Low Risk,23.3525
ID02371,Female,21,Psychology,95.1,4.0,3.43,5.7,11,3.65,Excellent,Excellent,1,Low Risk,11.1925
ID02372,Female,21,Computer Science,93.7,4.6,2.79,6.3,7,3.09,Excellent,Very Good,1,Low Risk,15.022499999999999
ID02373,Female,24,Business,92.6,2.9,2.99,10.0,4,3.03,Excellent,Very Good,1,Low Risk,20.567500000000003
ID02374,Male,23,Business,100.0,2.6,3.51,8.0,10,3.75,Excellent,Excellent,1,Low Risk,13.887500000000003
ID02375,Female,22,Mathematics,100.0,5.6,3.98,7.0,7,4.0,Excellent,Excellent,1,Low Risk,0.17500000000000016
ID02376,Male,20,Economics,83.1,1.8,3.37,4.7,7,3.32,Good,Very Good,1,Medium Risk,25.917500000000004
ID02377,Male,18,Psychology,94.6,2.2,3.17,5.5,8,3.19,Excellent,Very Good,1,Low Risk,20.892500000000002
ID02378,Female,19,Computer Science,79.3,2.5,2.84,6.9,10,2.8,Good,Good,1,Low Risk,29.465000000000003
ID02379,Male,22,Psychology,71.2,6.8,2.59,9.0,9,2.84,Low,Good,1,Medium Risk,25.2975
ID02380,Female,20,Economics,81.0,7.9,3.65,7.3,9,4.0,Good,Excellent,1,Low Risk,11.6125
ID02381,Female,24,Economics,83.9,2.5,3.02,7.3,11,3.27,Good,Very Good,1,Low Risk,25.819999999999997
ID02382,Female,21,Engineering,60.1,2.2,3.68,8.7,3,3.49,Low,Very Good,1,Medium Risk,31.954999999999995
ID02383,Female,24,Psychology,97.9,4.3,2.94,5.5,9,3.15,Excellent,Very Good,1,Low Risk,13.019999999999996
ID02384,Male,20,Mathematics,43.5,3.5,2.78,9.1,7,2.49,Critical,Average,1,High Risk,42.1
ID02385,Male,24,Psychology,100.0,6.4,3.31,6.4,9,3.78,Excellent,Excellent,1,Low Risk,6.0375
ID02386,Female,24,Business,100.0,5.3,3.06,8.7,9,3.34,Excellent,Very Good,1,Low Risk,8.225
ID02387,Male,19,Computer Science,81.1,9.9,2.5,9.5,8,3.22,Good,Very Good,1,Low Risk,21.630000000000003
ID02388,Female,23,Mathematics,85.1,2.3,4.0,5.6,11,4.0,Excellent,Excellent,1,Low Risk,17.505000000000003
ID02389,Female,19,Engineering,89.5,6.3,2.79,7.0,12,3.39,Excellent,Very Good,1,Low Risk,15.3125
ID02390,Female,18,Computer Science,76.2,3.2,3.56,8.2,11,3.48,Good,Very Good,1,Low Risk,21.759999999999998
ID02391,Male,18,Computer Science,87.9,2.1,3.52,6.6,8,3.75,Excellent,Excellent,1,Low Risk,21.244999999999997
ID02392,Male,19,Business,82.8,3.1,2.47,6.6,10,2.6,Good,Good,1,Medium Risk,28.7275
ID02393,Male,22,Business,83.6,3.3,2.6,6.4,10,3.06,Good,Very Good,1,Low Risk,26.430000000000003
ID02394,Male,22,Business,87.7,7.5,2.95,4.2,8,3.28,Excellent,Very Good,1,Low Risk,14.722499999999997
ID02395,Female,24,Mathematics,65.3,1.4,2.67,8.6,10,2.56,Low,Good,1,Medium Risk,41.6525
ID02396,Male,24,Psychology,85.6,2.5,3.96,5.5,11,4.0,Excellent,Excellent,1,Low Risk,16.830000000000005
ID02397,Male,21,Computer Science,87.5,4.2,3.0,4.0,4,3.27,Excellent,Very Good,1,Low Risk,17.575
ID02398,Male,18,Psychology,86.9,2.0,3.54,8.6,5,3.75,Excellent,Excellent,1,Low Risk,21.919999999999998
ID02399,Female,21,Psychology,81.8,9.3,3.36,7.7,8,3.91,Good,Excellent,1,Low Risk,13.790000000000003
ID02400,Female,18,Business,100.0,10.2,3.23,5.0,14,3.88,Excellent,Excellent,1,Low Risk,6.7375
ID02401,Male,19,Psychology,79.7,4.0,3.12,8.6,6,3.13,Good,Very Good,1,Low Risk,20.834999999999997
ID02402,Male,22,Computer Science,88.4,5.6,3.72,8.0,10,4.0,Excellent,Excellent,1,Low Risk,7.669999999999996
ID02403,Male,24,Computer Science,100.0,8.5,2.69,7.0,5,3.32,Excellent,Very Good,1,Low Risk,11.462499999999999
ID02404,Male,22,Economics,83.8,3.7,3.96,6.5,8,4.0,Good,Excellent,1,Low Risk,12.840000000000002
ID02405,Female,19,Engineering,88.2,5.4,2.46,6.8,5,2.94,Excellent,Good,1,Medium Risk,18.784999999999997
ID02406,Female,21,Mathematics,83.6,1.9,3.49,7.3,4,3.8,Good,Excellent,1,Medium Risk,24.2425
ID02407,Male,21,Psychology,100.0,1.0,2.4,5.8,7,2.48,Excellent,Average,1,Medium Risk,30.0
ID02408,Male,20,Mathematics,81.1,6.7,2.94,8.7,9,3.22,Good,Very Good,1,Low Risk,17.78
ID02409,Female,24,Mathematics,100.0,3.8,3.15,7.8,4,3.61,Excellent,Excellent,1,Low Risk,12.2375
ID02410,Male,24,Mathematics,83.4,10.0,2.86,6.8,10,3.61,Good,Excellent,1,Low Risk,17.445
ID02411,Female,24,Economics,72.1,2.8,3.01,9.6,4,2.72,Low,Good,1,Medium Risk,30.017500000000005
ID02412,Male,18,Mathematics,95.2,1.7,2.41,6.5,8,2.64,Excellent,Good,1,Medium Risk,29.272499999999994
ID02413,Male,21,Economics,80.4,6.4,2.61,9.3,5,2.82,Good,Good,1,Low Risk,20.982499999999998
ID02414,Male,19,Computer Science,94.3,9.5,3.35,7.4,8,3.9,Excellent,Excellent,1,Low Risk,8.2525
ID02415,Male,21,Psychology,44.1,1.9,3.11,8.1,5,2.62,Critical,Good,1,High Risk,45.3425
ID02416,Female,22,Economics,85.1,2.2,2.75,6.4,7,2.88,Excellent,Good,1,Low Risk,28.8425
ID02417,Male,18,Engineering,78.1,8.3,3.76,4.2,13,3.91,Good,Excellent,1,Low Risk,11.955000000000004
ID02418,Male,24,Mathematics,69.1,11.7,2.49,7.7,4,3.01,Low,Very Good,1,Medium Risk,27.1175
ID02419,Male,23,Engineering,76.7,5.4,2.92,5.2,6,2.91,Good,Good,1,Low Risk,19.935
ID02420,Male,20,Computer Science,76.4,2.6,2.85,6.1,5,2.72,Good,Good,1,Low Risk,30.2825
ID02421,Male,18,Computer Science,84.3,7.9,3.41,7.1,10,3.92,Good,Excellent,1,Low Risk,12.2275
ID02422,Male,22,Business,64.5,3.4,3.12,6.0,7,3.18,Low,Very Good,1,Medium Risk,30.074999999999996
ID02423,Female,24,Mathematics,89.7,2.7,3.05,7.0,6,3.51,Excellent,Excellent,1,Low Risk,22.1475
ID02424,Male,22,Business,100.0,2.9,2.18,7.3,8,2.47,Excellent,Average,1,Medium Risk,24.325
ID02425,Male,22,Engineering,89.2,5.9,3.53,4.8,12,4.0,Excellent,Excellent,1,Low Risk,8.9725
ID02426,Female,24,Psychology,97.1,4.1,2.99,7.4,5,3.54,Excellent,Excellent,1,Low Risk,13.742500000000001
ID02427,Male,22,Business,100.0,5.2,3.16,6.1,4,3.59,Excellent,Excellent,1,Low Risk,7.349999999999998
ID02428,Female,19,Computer Science,100.0,6.5,2.73,5.4,7,2.96,Excellent,Good,1,Low Risk,11.112499999999999
ID02429,Male,20,Mathematics,100.0,3.5,2.65,4.0,10,3.03,Excellent,Very Good,1,Low Risk,17.8125
ID02430,Female,23,Engineering,77.5,6.9,3.85,4.7,12,4.0,Good,Excellent,1,Low Risk,11.4375
ID02431,Female,22,Economics,74.2,4.0,2.21,7.0,7,2.41,Low,Average,1,Medium Risk,31.2725
ID02432,Female,22,Computer Science,96.8,2.9,2.57,7.1,10,3.05,Excellent,Very Good,1,Low Risk,22.352500000000006
ID02433,Female,21,Economics,95.6,1.5,3.84,7.8,10,3.98,Excellent,Excellent,1,Medium Risk,17.380000000000003
ID02434,Male,20,Psychology,96.6,3.4,3.42,9.6,6,3.57,Excellent,Excellent,1,Low Risk,13.005000000000003
ID02435,Female,18,Mathematics,100.0,8.8,2.94,9.0,7,3.5,Excellent,Excellent,1,Low Risk,9.274999999999999
ID02436,Male,20,Psychology,85.2,6.3,3.72,8.5,13,4.0,Excellent,Excellent,1,Low Risk,9.109999999999998
ID02437,Male,20,Psychology,91.4,5.2,3.32,8.8,6,3.78,Excellent,Excellent,1,Low Risk,9.819999999999999
ID02438,Male,24,Mathematics,70.3,2.0,3.22,7.3,6,3.07,Low,Very Good,1,Medium Risk,32.19
ID02439,Male,24,Mathematics,100.0,2.9,3.21,7.2,10,3.57,Excellent,Excellent,1,Low Risk,15.312500000000002
ID02440,Male,24,Economics,80.0,5.8,3.33,9.3,4,3.85,Good,Excellent,1,Low Risk,14.8625
ID02441,Female,23,Psychology,80.4,6.6,3.35,7.3,10,3.72,Good,Excellent,1,Low Risk,14.507499999999997
ID02442,Male,20,Engineering,79.8,6.3,4.0,7.4,10,4.0,Good,Excellent,1,Low Risk,9.090000000000002
ID02443,Female,23,Economics,75.3,4.7,3.0,8.7,6,2.95,Good,Good,1,Low Risk,21.065
ID02444,Female,22,Mathematics,74.1,2.4,3.02,6.6,7,2.82,Low,Good,1,Medium Risk,30.630000000000003
ID02445,Male,24,Computer Science,77.1,6.6,2.48,6.8,5,2.53,Good,Good,1,Medium Risk,23.605000000000004
ID02446,Male,22,Economics,64.5,2.9,3.07,5.0,4,2.92,Low,Good,1,Medium Risk,32.5125
ID02447,Male,24,Business,73.2,6.7,4.0,6.3,5,4.0,Low,Excellent,1,Medium Risk,12.059999999999999
ID02448,Male,19,Engineering,100.0,3.4,3.59,6.5,13,3.86,Excellent,Excellent,1,Low Risk,9.9875
ID02449,Male,23,Economics,96.0,9.7,2.83,6.6,10,3.36,Excellent,Very Good,1,Low Risk,12.0375
ID02450,Male,23,Mathematics,98.9,3.2,3.12,8.2,8,3.48,Excellent,Very Good,1,Low Risk,15.394999999999996
ID02451,Male,18,Mathematics,100.0,3.1,2.45,5.5,8,2.7,Excellent,Good,1,Medium Risk,21.162499999999998
ID02452,Female,21,Engineering,100.0,3.8,2.62,9.2,7,3.02,Excellent,Very Good,1,Low Risk,16.875
ID02453,Female,20,Business,58.4,2.5,3.17,4.0,8,2.63,Critical,Good,1,High Risk,35.9825
ID02454,Male,18,Economics,66.6,2.2,2.85,7.9,9,2.64,Low,Good,1,Medium Risk,36.292500000000004
ID02455,Female,23,Economics,72.9,2.4,2.58,8.2,9,2.39,Low,Average,1,Medium Risk,35.019999999999996
ID02456,Male,18,Psychology,78.0,8.1,3.34,8.0,7,3.42,Good,Very Good,1,Low Risk,15.675
ID02457,Male,19,Computer Science,80.5,2.3,3.06,8.6,13,3.38,Good,Very Good,1,Low Risk,27.8
ID02458,Female,21,Mathematics,78.3,3.2,2.32,6.7,8,2.21,Good,Average,1,Medium Risk,31.665000000000003
ID02459,Male,23,Economics,88.3,12.3,2.06,8.9,6,2.58,Excellent,Good,1,Medium Risk,22.24
ID02460,Male,23,Economics,85.5,6.8,2.81,6.0,2,3.42,Excellent,Very Good,1,Low Risk,16.9375
ID02461,Female,20,Economics,74.2,6.7,2.31,6.1,10,2.58,Low,Good,1,Medium Risk,26.3975
ID02462,Female,24,Business,52.4,11.3,2.17,10.0,9,2.01,Critical,Average,1,High Risk,37.432500000000005
ID02463,Female,21,Computer Science,70.1,3.8,3.66,7.3,10,3.7,Low,Excellent,1,Medium Risk,21.230000000000004
ID02464,Female,19,Economics,76.8,1.1,3.05,8.4,9,2.83,Good,Good,1,Medium Risk,34.352500000000006
ID02465,Female,22,Engineering,81.3,6.4,2.97,7.7,8,3.39,Good,Very Good,1,Low Risk,17.4275
ID02466,Male,18,Mathematics,68.1,3.5,3.01,8.1,10,2.79,Low,Good,1,Medium Risk,29.017500000000005
ID02467,Male,20,Psychology,77.6,12.4,2.53,4.0,11,3.01,Good,Very Good,1,Low Risk,22.942500000000006
ID02468,Male,23,Engineering,68.0,1.0,3.31,7.6,10,3.11,Low,Very Good,1,Medium Risk,36.4375
ID02469,Male,22,Mathematics,83.1,2.2,3.03,7.0,11,3.27,Good,Very Good,1,Low Risk,27.292500000000004
ID02470,Male,19,Business,68.9,2.8,2.72,8.5,8,2.76,Low,Good,1,Medium Risk,33.995
ID02471,Male,21,Computer Science,72.3,3.8,2.8,5.8,11,2.67,Low,Good,1,Medium Risk,27.765000000000004
ID02472,Female,18,Computer Science,65.4,1.6,2.49,8.8,7,2.13,Low,Average,1,Medium Risk,42.38249999999999
ID02473,Female,20,Mathematics,82.7,4.9,2.9,5.2,6,3.35,Good,Very Good,1,Low Risk,17.81
ID02474,Female,23,Engineering,72.0,2.7,2.98,6.3,7,2.96,Low,Good,1,Medium Risk,30.725
ID02475,Male,23,Psychology,98.6,7.0,2.88,4.6,11,3.28,Excellent,Very Good,1,Low Risk,10.430000000000003
ID02476,Female,22,Business,91.1,8.5,3.13,5.4,7,3.63,Excellent,Excellent,1,Low Risk,11.617500000000003
ID02477,Male,22,Mathematics,84.0,3.3,3.06,7.0,7,3.25,Good,Very Good,1,Low Risk,22.225
ID02478,Female,18,Business,73.0,5.4,3.22,9.1,8,3.33,Low,Very Good,1,Medium Risk,18.974999999999998
ID02479,Male,21,Computer Science,90.7,4.0,3.57,7.1,12,3.81,Excellent,Excellent,1,Low Risk,11.9475
ID02480,Female,19,Economics,95.4,3.8,3.4,5.1,10,3.56,Excellent,Excellent,1,Low Risk,12.119999999999997
ID02481,Male,24,Economics,87.1,1.6,3.58,4.0,8,3.76,Excellent,Excellent,1,Medium Risk,23.080000000000002
ID02482,Female,21,Psychology,100.0,3.7,2.68,8.0,6,3.11,Excellent,Very Good,1,Low Risk,16.749999999999996
ID02483,Female,21,Business,91.9,6.6,2.85,6.0,5,3.42,Excellent,Very Good,1,Low Risk,13.707499999999996
ID02484,Male,21,Mathematics,98.7,5.0,3.43,6.2,5,3.66,Excellent,Excellent,1,Low Risk,5.572499999999997
ID02485,Male,24,Psychology,87.0,2.2,3.44,8.6,14,3.7,Excellent,Excellent,1,Low Risk,21.95
ID02486,Female,18,Engineering,95.1,1.6,2.76,6.8,11,3.06,Excellent,Very Good,1,Medium Risk,26.655000000000005
ID02487,Male,24,Economics,73.0,3.6,3.41,6.6,5,3.48,Low,Very Good,1,Medium Risk,22.9125
ID02488,Female,18,Mathematics,78.1,2.5,2.63,7.2,7,2.79,Good,Good,1,Low Risk,31.8425
ID02489,Female,24,Business,90.2,2.7,3.34,9.2,3,3.46,Excellent,Very Good,1,Low Risk,19.385
ID02490,Male,19,Psychology,90.1,2.5,3.09,7.4,11,3.44,Excellent,Very Good,1,Low Risk,22.417500000000004
ID02491,Male,21,Mathematics,92.6,4.0,2.41,4.0,4,2.69,Excellent,Good,1,Medium Risk,21.242500000000003
ID02492,Male,18,Psychology,100.0,5.6,2.88,5.8,16,2.87,Excellent,Good,1,Low Risk,9.8
ID02493,Female,24,Psychology,63.6,2.4,4.0,6.6,12,4.0,Low,Excellent,1,Medium Risk,26.78
ID02494,Male,19,Psychology,70.4,2.4,3.2,8.3,4,3.03,Low,Very Good,1,Medium Risk,30.72
ID02495,Male,24,Business,88.4,1.7,4.0,5.1,5,4.0,Excellent,Excellent,1,Medium Risk,18.419999999999995
ID02496,Male,23,Mathematics,74.1,4.4,2.38,7.2,9,2.47,Low,Average,1,Medium Risk,28.23
ID02497,Female,19,Computer Science,100.0,6.6,3.48,6.9,7,3.96,Excellent,Excellent,1,Low Risk,4.55
ID02498,Female,21,Computer Science,92.7,3.7,1.83,8.5,7,2.05,Excellent,Average,1,High Risk,27.472499999999997
ID02499,Female,20,Business,83.8,5.7,3.1,5.5,6,3.3,Good,Very Good,1,Low Risk,15.165
ID02500,Male,21,Business,77.3,7.6,3.42,7.3,6,3.55,Good,Excellent,1,Low Risk,15.290000000000003
ID02501,Female,20,Economics,77.8,4.6,3.52,9.3,8,3.35,Good,Very Good,1,Low Risk,15.790000000000003
ID02502,Female,19,Psychology,85.5,2.2,2.7,8.3,8,2.95,Excellent,Good,1,Low Risk,29.099999999999998
ID02503,Female,23,Mathematics,86.7,2.1,3.62,7.9,10,3.97,Excellent,Excellent,1,Low Risk,20.909999999999997
ID02504,Female,23,Mathematics,78.1,2.3,2.83,6.5,12,2.85,Good,Good,1,Low Risk,30.892500000000002
ID02505,Male,18,Engineering,80.9,10.4,3.02,7.2,8,3.86,Good,Excellent,1,Low Risk,17.169999999999995
ID02506,Male,23,Engineering,100.0,12.0,2.88,6.8,11,3.54,Excellent,Excellent,1,Low Risk,9.8
ID02507,Female,22,Computer Science,100.0,3.2,2.53,8.3,11,2.87,Excellent,Good,1,Low Risk,20.062500000000004
ID02508,Male,19,Engineering,88.8,7.4,3.88,7.8,8,4.0,Excellent,Excellent,1,Low Risk,6.0900000000000025
ID02509,Female,18,Engineering,64.9,8.1,3.12,6.1,10,3.2,Low,Very Good,1,Medium Risk,23.494999999999997
ID02510,Female,23,Computer Science,93.1,1.6,3.64,9.6,10,3.57,Excellent,Excellent,1,Medium Risk,19.855000000000004
ID02511,Male,19,Economics,100.0,10.0,3.62,8.8,9,4.0,Excellent,Excellent,1,Low Risk,3.3249999999999984
ID02512,Female,21,Computer Science,100.0,3.4,2.62,5.7,7,2.95,Excellent,Good,1,Low Risk,18.475
ID02513,Male,23,Engineering,96.0,3.3,3.71,6.5,4,4.0,Excellent,Excellent,1,Low Risk,11.137500000000001
ID02514,Male,24,Mathematics,100.0,1.8,3.35,6.8,7,3.58,Excellent,Excellent,1,Medium Risk,18.487499999999997
ID02515,Female,20,Engineering,85.8,10.4,2.58,8.2,7,2.97,Excellent,Good,1,Low Risk,18.815
ID02516,Female,19,Psychology,94.4,4.2,3.32,5.8,8,3.39,Excellent,Very Good,1,Low Risk,11.669999999999998
ID02517,Male,18,Psychology,74.8,9.8,2.59,6.0,6,3.1,Low,Very Good,1,Medium Risk,23.677500000000002
ID02518,Male,21,Psychology,89.4,7.8,3.9,8.3,9,4.0,Excellent,Excellent,1,Low Risk,5.644999999999999
ID02519,Female,22,Economics,100.0,3.2,3.51,7.8,8,3.93,Excellent,Excellent,1,Low Risk,11.4875
ID02520,Female,21,Business,76.2,4.3,3.06,4.1,6,2.85,Good,Good,1,Low Risk,21.735
ID02521,Female,23,Psychology,72.1,2.6,3.73,8.0,9,3.58,Low,Excellent,1,Medium Risk,24.517500000000005
ID02522,Male,20,Mathematics,86.5,2.8,2.31,4.8,9,2.37,Excellent,Average,1,Medium Risk,29.6625
ID02523,Male,21,Economics,81.6,5.2,2.73,6.0,5,3.05,Good,Very Good,1,Low Risk,19.392500000000002
ID02524,Male,22,Business,94.7,6.2,2.97,6.5,12,3.39,Excellent,Very Good,1,Low Risk,11.397499999999997
ID02525,Female,24,Business,78.2,1.1,4.0,6.3,10,3.75,Good,Excellent,1,Medium Risk,25.41
ID02526,Male,18,Psychology,100.0,1.1,2.56,6.0,5,2.95,Excellent,Good,1,Medium Risk,28.200000000000003
ID02527,Male,19,Engineering,65.7,2.9,2.25,5.4,6,1.95,Low,Poor,0,Medium Risk,39.147499999999994
ID02528,Female,20,Computer Science,100.0,4.7,2.38,7.8,14,2.87,Excellent,Good,1,Medium Risk,15.374999999999998
ID02529,Male,22,Engineering,73.5,8.2,3.55,4.6,8,3.72,Low,Excellent,1,Medium Risk,15.8625
ID02530,Female,23,Engineering,58.1,4.1,2.8,6.2,5,2.39,Critical,Average,1,High Risk,32.955
ID02531,Female,23,Business,88.6,3.4,3.02,8.2,12,3.09,Excellent,Very Good,1,Low Risk,20.105000000000004
ID02532,Female,23,Business,81.2,5.6,3.48,7.6,10,3.95,Good,Excellent,1,Low Risk,13.009999999999998
ID02533,Male,20,Economics,68.4,2.2,3.02,4.9,4,2.81,Low,Good,1,Medium Risk,33.99499999999999
ID02534,Male,21,Economics,59.8,4.2,3.2,4.1,7,2.84,Critical,Good,1,High Risk,28.290000000000003
ID02535,Female,20,Business,84.9,3.7,3.37,5.4,10,3.62,Good,Excellent,1,Low Risk,17.507499999999993
ID02536,Female,23,Mathematics,99.6,4.4,2.88,4.0,9,3.18,Excellent,Very Good,1,Low Risk,12.380000000000003
ID02537,Female,24,Mathematics,93.8,7.6,3.02,7.1,14,3.58,Excellent,Excellent,1,Low Risk,11.365
ID02538,Male,22,Computer Science,85.9,1.2,3.22,6.3,7,3.26,Excellent,Very Good,1,Medium Risk,28.369999999999997
ID02539,Female,19,Business,92.2,3.8,3.53,6.4,8,3.97,Excellent,Excellent,1,Low Risk,12.422500000000001
ID02540,Female,19,Psychology,84.6,6.1,2.7,7.8,5,3.07,Good,Very Good,1,Low Risk,18.305
ID02541,Female,20,Economics,63.6,5.4,1.59,8.3,5,1.46,Low,Poor,0,High Risk,37.4675
ID02542,Female,23,Business,63.7,1.3,3.44,7.4,7,3.2,Low,Very Good,1,Medium Risk,36.035
ID02543,Female,18,Mathematics,82.0,1.1,3.56,6.7,9,3.66,Good,Excellent,1,Medium Risk,27.55
ID02544,Female,24,Business,82.6,5.9,3.2,5.9,5,3.6,Good,Excellent,1,Low Risk,14.830000000000002
ID02545,Male,20,Mathematics,97.8,1.3,3.23,6.5,6,3.43,Excellent,Very Good,1,Medium Risk,22.527500000000003
ID02546,Male,23,Business,96.4,4.3,2.82,7.3,7,3.03,Excellent,Very Good,1,Low Risk,14.745
ID02547,Male,21,Psychology,94.1,7.3,3.35,8.4,5,3.58,Excellent,Excellent,1,Low Risk,8.342500000000001
ID02548,Male,19,Computer Science,80.8,1.5,3.53,4.9,5,3.46,Good,Very Good,1,Medium Risk,26.752500000000005
ID02549,Male,19,Psychology,64.3,9.9,3.13,5.3,5,3.34,Low,Very Good,1,Medium Risk,23.677500000000002
ID02550,Male,24,Mathematics,91.2,5.8,4.0,7.0,10,4.0,Excellent,Excellent,1,Low Risk,3.9599999999999986
ID02551,Male,19,Economics,92.9,14.0,2.32,4.0,9,3.1,Excellent,Very Good,1,Medium Risk,17.895
ID02552,Male,18,Economics,49.2,3.0,3.18,7.4,9,3.0,Critical,Very Good,1,High Risk,38.035
ID02553,Female,23,Engineering,72.5,8.4,2.51,8.6,6,2.61,Low,Good,1,Medium Risk,25.4125
ID02554,Female,23,Psychology,74.6,3.2,3.54,10.0,7,3.31,Low,Very Good,1,Medium Risk,22.655
ID02555,Male,24,Business,86.8,4.1,2.31,7.1,11,2.79,Excellent,Good,1,Medium Risk,24.3275
ID02556,Female,23,Computer Science,72.9,2.6,2.43,8.3,6,2.4,Low,Average,1,Medium Risk,35.5325
ID02557,Male,24,Business,84.4,4.0,2.78,7.0,4,3.17,Good,Very Good,1,Low Risk,21.695
ID02558,Male,23,Business,81.8,6.8,3.23,9.4,10,3.78,Good,Excellent,1,Low Risk,14.927500000000002
ID02559,Male,18,Psychology,82.6,10.0,2.8,6.4,10,3.5,Good,Excellent,1,Low Risk,18.330000000000002
ID02560,Male,22,Computer Science,74.3,2.3,2.81,7.5,14,2.79,Low,Good,1,Medium Risk,32.7775
ID02561,Female,20,Engineering,75.4,4.5,3.01,7.9,11,3.09,Good,Very Good,1,Low Risk,21.7325
ID02562,Female,20,Business,68.8,2.8,2.98,7.6,6,3.02,Low,Very Good,1,Medium Risk,31.765
ID02563,Male,23,Computer Science,90.7,4.6,3.84,5.8,10,4.0,Excellent,Excellent,1,Low Risk,7.185000000000001
ID02564,Male,21,Engineering,93.6,7.4,3.44,4.9,8,3.77,Excellent,Excellent,1,Low Risk,7.780000000000003
ID02565,Male,19,Business,73.4,3.0,2.94,8.5,9,3.02,Low,Very Good,1,Medium Risk,29.244999999999997
ID02566,Male,18,Computer Science,100.0,5.2,4.0,7.4,7,4.0,Excellent,Excellent,1,Low Risk,0.0
ID02567,Male,21,Psychology,80.3,2.2,3.35,7.1,12,3.48,Good,Very Good,1,Low Risk,25.752499999999998
ID02568,Male,21,Economics,100.0,7.7,2.62,8.3,13,3.07,Excellent,Very Good,1,Low Risk,12.075
ID02569,Female,23,Economics,75.4,6.3,3.23,8.3,8,3.41,Good,Very Good,1,Low Risk,17.807499999999997
ID02570,Female,18,Business,54.6,2.4,3.37,7.5,12,2.86,Critical,Good,1,High Risk,36.3425
ID02571,Male,20,Business,91.0,2.4,2.76,8.0,7,2.88,Excellent,Good,1,Low Risk,25.300000000000004
ID02572,Female,19,Computer Science,88.7,8.7,2.57,6.2,10,3.17,Excellent,Very Good,1,Low Risk,17.5975
ID02573,Male,20,Economics,85.5,11.7,3.14,7.8,9,3.69,Excellent,Excellent,1,Low Risk,14.049999999999999
ID02574,Male,21,Business,75.4,2.5,2.92,4.6,4,2.93,Good,Good,1,Low Risk,30.519999999999996
ID02575,Male,19,Engineering,84.5,6.8,3.84,7.0,5,4.0,Good,Excellent,1,Low Risk,8.375000000000002
ID02576,Female,22,Business,77.3,3.2,3.47,8.1,8,3.47,Good,Very Good,1,Low Risk,22.0525
ID02577,Female,21,Economics,80.5,8.7,2.78,5.9,6,3.39,Good,Very Good,1,Low Risk,19.450000000000003
ID02578,Female,20,Mathematics,97.6,3.4,3.31,7.2,7,3.7,Excellent,Excellent,1,Low Risk,13.517500000000002
ID02579,Male,20,Economics,87.8,6.0,3.73,7.5,5,4.0,Excellent,Excellent,1,Low Risk,7.852500000000001
ID02580,Female,23,Engineering,94.1,4.4,2.4,5.7,1,2.48,Excellent,Average,1,Medium Risk,19.055
ID02581,Male,20,Computer Science,81.5,0.8,2.59,8.7,4,2.82,Good,Good,1,Medium Risk,37.462500000000006
ID02582,Female,18,Engineering,79.9,2.3,3.09,7.5,8,3.14,Good,Very Good,1,Low Risk,27.8075
ID02583,Male,21,Mathematics,67.7,5.9,3.12,4.5,4,3.12,Low,Very Good,1,Medium Risk,22.234999999999996
ID02584,Male,24,Mathematics,79.4,5.5,3.07,7.1,7,3.31,Good,Very Good,1,Low Risk,17.4075
ID02585,Female,24,Business,35.2,4.7,2.94,9.2,2,2.45,Critical,Average,1,High Risk,39.635000000000005
ID02586,Female,19,Business,76.1,10.2,2.94,7.0,5,3.23,Good,Very Good,1,Low Risk,20.03
ID02587,Male,20,Economics,83.8,6.5,3.29,6.0,11,3.7,Good,Excellent,1,Low Risk,13.502500000000001
ID02588,Female,23,Psychology,93.5,6.1,3.67,6.2,9,3.97,Excellent,Excellent,1,Low Risk,5.812500000000001
ID02589,Male,23,Engineering,81.0,0.8,2.86,6.8,9,3.15,Good,Very Good,1,Medium Risk,35.325
ID02590,Female,20,Economics,90.2,6.7,4.0,5.2,3,4.0,Excellent,Excellent,1,Low Risk,4.409999999999999
ID02591,Female,18,Psychology,52.3,1.4,4.0,9.1,12,3.55,Critical,Excellent,1,High Risk,35.865
ID02592,Female,23,Economics,84.1,4.0,3.76,8.4,7,3.98,Good,Excellent,1,Low Risk,13.255000000000004
ID02593,Female,24,Mathematics,59.8,1.4,3.41,8.6,9,2.97,Critical,Good,1,High Risk,37.6525
ID02594,Male,19,Business,66.9,5.3,4.0,4.7,7,4.0,Low,Excellent,1,Medium Risk,14.894999999999998
ID02595,Male,21,Business,82.2,7.5,2.95,7.2,13,3.42,Good,Very Good,1,Low Risk,17.197499999999998
ID02596,Female,22,Economics,100.0,3.8,2.68,8.6,10,2.85,Excellent,Good,1,Low Risk,16.349999999999998
ID02597,Male,18,Business,90.6,3.9,2.84,5.6,8,3.13,Excellent,Very Good,1,Low Risk,18.780000000000005
ID02598,Male,23,Computer Science,85.3,2.1,2.6,6.9,9,2.93,Excellent,Good,1,Low Risk,30.465000000000003
ID02599,Male,21,Economics,84.7,7.5,3.16,5.4,8,3.57,Good,Excellent,1,Low Risk,14.234999999999996
ID02600,Male,22,Mathematics,74.3,1.5,3.25,8.3,9,3.22,Low,Very Good,1,Medium Risk,32.1275
ID02601,Female,20,Economics,76.8,4.4,3.2,6.7,10,3.21,Good,Very Good,1,Low Risk,19.839999999999996
ID02602,Male,20,Economics,91.4,3.8,3.09,6.9,6,3.49,Excellent,Very Good,1,Low Risk,16.6325
ID02603,Female,19,Business,64.2,5.0,3.17,5.3,12,3.24,Low,Very Good,1,Medium Risk,23.3725
ID02604,Male,22,Mathematics,93.9,6.4,3.97,9.3,8,4.0,Excellent,Excellent,1,Low Risk,3.007499999999996
ID02605,Male,20,Economics,79.2,3.6,3.41,7.1,5,3.25,Good,Very Good,1,Low Risk,20.122499999999995
ID02606,Male,20,Business,97.4,6.8,3.56,8.2,12,4.0,Excellent,Excellent,1,Low Risk,5.019999999999997
ID02607,Male,24,Engineering,99.4,3.9,3.2,7.6,11,3.54,Excellent,Excellent,1,Low Risk,11.669999999999998
ID02608,Male,23,Mathematics,59.9,4.9,2.29,5.6,9,1.82,Critical,Poor,0,High Risk,33.4075
ID02609,Female,19,Psychology,76.3,1.9,2.19,4.5,6,2.22,Good,Average,1,Medium Risk,38.902499999999996
ID02610,Male,21,Computer Science,72.2,3.1,4.0,6.7,5,3.92,Low,Excellent,1,Medium Risk,20.11
ID02611,Female,20,Psychology,57.8,1.3,2.83,8.7,12,2.33,Critical,Average,1,High Risk,44.0275
ID02612,Male,24,Mathematics,69.5,4.2,2.79,4.0,7,2.74,Low,Good,1,Medium Risk,27.5125
ID02613,Male,18,Economics,100.0,6.2,3.22,9.9,10,3.53,Excellent,Excellent,1,Low Risk,6.824999999999998
ID02614,Female,18,Business,94.1,3.5,3.38,8.3,8,3.47,Excellent,Very Good,1,Low Risk,14.080000000000004
ID02615,Male,21,Mathematics,100.0,3.8,3.44,7.3,5,3.86,Excellent,Excellent,1,Low Risk,9.700000000000001
ID02616,Male,22,Computer Science,97.4,5.1,3.99,6.8,9,4.0,Excellent,Excellent,1,Low Risk,1.2574999999999956
ID02617,Male,19,Mathematics,73.9,5.4,3.85,8.3,12,3.94,Low,Excellent,1,Medium Risk,13.057499999999997
ID02618,Male,24,Business,79.3,1.2,2.69,5.2,7,2.62,Good,Good,1,Medium Risk,35.9775
ID02619,Female,23,Psychology,93.8,2.7,3.58,7.7,9,3.67,Excellent,Excellent,1,Low Risk,15.665000000000001
ID02620,Male,24,Engineering,91.6,1.4,2.91,7.5,10,3.22,Excellent,Very Good,1,Medium Risk,27.7175
ID02621,Female,18,Psychology,76.3,3.1,3.03,9.7,13,2.99,Good,Good,1,Low Risk,26.752500000000005
ID02622,Female,18,Business,62.4,9.2,2.55,6.5,8,2.74,Low,Good,1,Medium Risk,29.6075
ID02623,Male,21,Business,100.0,6.2,2.25,7.1,7,2.76,Excellent,Good,1,Medium Risk,15.312499999999998
ID02624,Female,22,Computer Science,82.9,4.0,3.08,6.9,9,3.4,Good,Very Good,1,Low Risk,19.744999999999997
ID02625,Male,22,Mathematics,80.1,10.7,2.62,6.2,6,3.14,Good,Very Good,1,Low Risk,21.03
ID02626,Female,21,Mathematics,86.7,4.8,3.56,9.2,3,3.86,Excellent,Excellent,1,Low Risk,10.634999999999998
ID02627,Male,24,Psychology,81.4,13.9,2.96,5.5,5,3.89,Good,Excellent,1,Low Risk,17.47
ID02628,Female,18,Engineering,86.8,4.3,3.25,4.7,7,3.57,Excellent,Excellent,1,Low Risk,15.302500000000002
ID02629,Male,24,Engineering,100.0,2.7,3.78,7.4,7,4.0,Excellent,Excellent,1,Low Risk,11.125000000000004
ID02630,Male,24,Computer Science,83.1,1.8,2.36,5.9,10,2.53,Good,Good,1,Medium Risk,34.755
ID02631,Female,19,Business,67.6,5.8,2.74,7.4,6,2.98,Low,Good,1,Medium Risk,25.605
ID02632,Female,18,Computer Science,82.6,3.1,3.19,8.0,9,3.36,Good,Very Good,1,Low Risk,22.517500000000002
ID02633,Male,22,Mathematics,78.0,4.3,3.26,7.2,9,3.34,Good,Very Good,1,Low Risk,19.175000000000004
ID02634,Male,23,Economics,100.0,5.3,3.65,7.0,8,4.0,Excellent,Excellent,1,Low Risk,3.0625000000000004
ID02635,Female,24,Economics,100.0,2.3,3.53,4.0,4,3.65,Excellent,Excellent,1,Low Risk,14.912500000000001
ID02636,Female,18,Economics,86.6,4.7,3.15,7.8,8,3.63,Excellent,Excellent,1,Low Risk,14.667500000000004
ID02637,Female,24,Business,65.8,3.6,3.25,7.3,7,3.31,Low,Very Good,1,Medium Risk,27.552500000000002
ID02638,Female,19,Computer Science,66.6,1.4,3.27,9.8,8,3.17,Low,Very Good,1,Medium Risk,35.8175
ID02639,Female,20,Psychology,85.2,5.5,2.37,8.7,10,2.73,Excellent,Good,1,Medium Risk,20.9225
ID02640,Female,18,Mathematics,90.0,5.9,3.02,4.8,7,3.48,Excellent,Very Good,1,Low Risk,13.075
ID02641,Male,21,Economics,79.4,8.2,3.22,8.6,11,3.43,Good,Very Good,1,Low Risk,16.094999999999995
ID02642,Male,20,Engineering,77.8,1.8,3.33,5.1,9,3.24,Good,Very Good,1,Medium Risk,28.652500000000003
ID02643,Female,24,Computer Science,76.1,11.8,2.64,8.3,7,2.87,Good,Good,1,Low Risk,22.655
ID02644,Female,21,Mathematics,84.6,2.4,2.47,9.2,4,2.78,Good,Good,1,Medium Risk,30.7175
ID02645,Male,21,Mathematics,49.3,0.9,2.98,9.8,7,2.34,Critical,Average,1,High Risk,48.14
ID02646,Male,21,Engineering,68.5,4.1,4.0,6.4,7,3.99,Low,Excellent,1,Medium Risk,17.775000000000002
ID02647,Female,18,Engineering,75.6,5.0,2.69,8.1,8,2.85,Good,Good,1,Low Risk,22.442500000000003
ID02648,Male,22,Engineering,100.0,3.6,3.69,8.5,9,3.76,Excellent,Excellent,1,Low Risk,8.3125
ID02649,Male,24,Economics,72.8,1.8,3.89,7.7,6,3.98,Low,Excellent,1,Medium Risk,26.0025
ID02650,Male,20,Economics,87.7,3.0,3.12,4.5,15,3.31,Excellent,Very Good,1,Low Risk,21.235
ID02651,Male,19,Computer Science,88.4,4.8,2.76,7.2,7,3.02,Excellent,Very Good,1,Low Risk,16.87
ID02652,Male,22,Engineering,100.0,12.8,3.36,7.9,6,4.0,Excellent,Excellent,1,Low Risk,5.6000000000000005
ID02653,Male,24,Psychology,100.0,1.9,3.2,7.0,12,3.36,Excellent,Very Good,1,Medium Risk,19.4
ID02654,Male,18,Mathematics,84.1,2.7,2.67,5.7,8,2.93,Good,Good,1,Low Risk,27.992500000000007
ID02655,Female,21,Engineering,77.9,1.6,2.77,6.7,10,2.82,Good,Good,1,Medium Risk,34.3075
ID02656,Male,19,Mathematics,75.0,3.1,3.33,8.4,11,3.26,Good,Very Good,1,Low Risk,24.712500000000002
ID02657,Female,24,Business,81.4,3.8,3.57,7.6,11,4.0,Good,Excellent,1,Low Risk,16.932499999999997
ID02658,Female,20,Business,78.5,7.0,2.94,7.7,7,3.31,Good,Very Good,1,Low Risk,18.95
ID02659,Male,24,Engineering,93.3,4.9,3.07,6.6,11,3.49,Excellent,Very Good,1,Low Risk,11.552500000000002
ID02660,Female,22,Mathematics,91.3,9.0,3.43,7.6,8,3.89,Excellent,Excellent,1,Low Risk,8.9025
ID02661,Male,23,Business,93.9,3.9,3.01,4.0,13,3.34,Excellent,Very Good,1,Low Risk,15.807500000000001
ID02662,Female,22,Engineering,100.0,0.3,2.95,6.9,8,3.08,Excellent,Very Good,1,Medium Risk,27.987499999999997
ID02663,Male,24,Mathematics,100.0,5.0,2.72,6.4,8,3.13,Excellent,Very Good,1,Low Risk,11.199999999999998
ID02664,Female,19,Engineering,86.9,1.1,2.71,7.0,14,2.97,Excellent,Good,1,Medium Risk,32.7825
ID02665,Female,24,Economics,100.0,6.9,4.0,5.2,13,4.0,Excellent,Excellent,1,Low Risk,0.0
ID02666,Male,24,Mathematics,79.7,3.9,3.0,7.6,8,3.1,Good,Very Good,1,Low Risk,22.285
ID02667,Male,18,Business,100.0,2.6,3.78,9.9,10,3.85,Excellent,Excellent,1,Low Risk,11.525000000000004
ID02668,Female,20,Engineering,100.0,1.7,3.94,7.1,6,4.0,Excellent,Excellent,1,Medium Risk,13.724999999999998
ID02669,Female,19,Business,100.0,2.9,3.01,7.1,8,3.43,Excellent,Very Good,1,Low Risk,17.062500000000004
ID02670,Male,24,Engineering,86.4,3.8,3.28,10.0,8,3.34,Excellent,Very Good,1,Low Risk,17.22
ID02671,Female,21,Computer Science,75.0,10.9,3.15,5.6,9,3.37,Good,Very Good,1,Low Risk,18.6875
ID02672,Male,20,Business,64.1,3.6,2.29,7.7,5,2.51,Low,Good,1,Medium Risk,36.7175
ID02673,Female,22,Business,84.4,4.6,2.32,9.4,6,2.47,Good,Average,1,Medium Risk,23.32
ID02674,Male,19,Psychology,100.0,3.7,3.12,6.4,7,3.33,Excellent,Very Good,1,Low Risk,12.899999999999999
ID02675,Female,22,Economics,80.4,4.6,2.89,8.3,9,3.21,Good,Very Good,1,Low Risk,20.1325
ID02676,Male,24,Business,96.8,4.4,4.0,7.3,8,4.0,Excellent,Excellent,1,Low Risk,3.84
ID02677,Male,22,Mathematics,97.7,4.0,2.98,5.4,10,3.29,Excellent,Very Good,1,Low Risk,13.959999999999997
ID02678,Male,22,Engineering,80.7,2.6,4.0,6.8,9,4.0,Good,Excellent,1,Low Risk,18.285
ID02679,Male,18,Computer Science,100.0,6.0,2.86,7.0,13,3.28,Excellent,Very Good,1,Low Risk,9.975000000000001
ID02680,Male,22,Mathematics,41.4,1.9,4.0,6.0,8,3.84,Critical,Excellent,1,High Risk,38.77
ID02681,Male,21,Mathematics,66.7,5.3,3.35,4.6,8,3.31,Low,Very Good,1,Medium Risk,20.6725
ID02682,Female,21,Mathematics,71.3,6.0,3.38,6.4,9,3.36,Low,Very Good,1,Medium Risk,18.340000000000003
ID02683,Male,20,Mathematics,72.7,1.0,2.84,4.8,9,2.74,Low,Good,1,Medium Risk,38.435
ID02684,Male,24,Computer Science,90.0,1.8,3.39,7.8,6,3.67,Excellent,Excellent,1,Medium Risk,22.6375
ID02685,Male,23,Psychology,89.4,1.1,3.95,7.8,5,4.0,Excellent,Excellent,1,Medium Risk,20.807499999999997
ID02686,Male,22,Economics,90.9,8.0,3.03,5.1,5,3.64,Excellent,Excellent,1,Low Risk,12.5825
ID02687,Male,22,Business,93.9,2.8,2.93,7.1,7,3.08,Excellent,Very Good,1,Low Risk,20.9075
ID02688,Male,19,Mathematics,70.7,7.8,2.98,5.0,7,3.12,Low,Very Good,1,Medium Risk,22.11
ID02689,Male,18,Business,66.7,3.2,3.91,6.5,9,3.8,Low,Excellent,1,Medium Risk,22.972499999999997
ID02690,Male,23,Business,90.9,2.0,3.53,6.0,5,3.61,Excellent,Excellent,1,Low Risk,20.2075
ID02691,Male,20,Mathematics,75.5,2.5,3.82,7.7,10,3.77,Good,Excellent,1,Low Risk,22.6
ID02692,Female,23,Psychology,61.4,4.4,3.26,4.6,5,3.41,Low,Very Good,1,Medium Risk,26.245
ID02693,Male,22,Business,99.6,6.0,3.12,8.5,7,3.56,Excellent,Excellent,1,Low Risk,7.880000000000001
ID02694,Male,19,Engineering,100.0,4.0,3.31,8.8,7,3.45,Excellent,Very Good,1,Low Risk,10.0375
ID02695,Female,24,Business,100.0,6.8,3.64,6.8,8,4.0,Excellent,Excellent,1,Low Risk,3.1499999999999986
ID02696,Male,18,Economics,87.8,3.6,2.98,5.0,4,3.33,Excellent,Very Good,1,Low Risk,20.015
ID02697,Female,24,Mathematics,94.4,3.8,3.78,4.0,7,3.9,Excellent,Excellent,1,Low Risk,9.245000000000001
ID02698,Male,20,Computer Science,100.0,2.4,3.28,8.6,13,3.33,Excellent,Very Good,1,Low Risk,16.700000000000003
ID02699,Female,23,Business,75.4,2.2,1.9,10.0,8,1.63,Good,Poor,0,High Risk,40.644999999999996
ID02700,Female,20,Psychology,100.0,6.2,3.54,7.1,9,4.0,Excellent,Excellent,1,Low Risk,4.0249999999999995
ID02701,Male,22,Engineering,89.1,1.9,2.46,5.3,7,2.42,Excellent,Average,1,Medium Risk,30.78
ID02702,Female,20,Engineering,98.7,3.2,3.53,5.4,4,3.78,Excellent,Excellent,1,Low Risk,11.8975
ID02703,Male,24,Computer Science,87.8,6.4,3.55,8.8,11,4.0,Excellent,Excellent,1,Low Risk,9.427500000000002
ID02704,Male,19,Economics,100.0,1.2,3.26,7.3,8,3.58,Excellent,Excellent,1,Medium Risk,21.675000000000004
ID02705,Female,20,Computer Science,88.4,8.2,3.37,5.5,10,3.9,Excellent,Excellent,1,Low Risk,10.732499999999996
ID02706,Female,21,Economics,62.7,2.0,3.65,10.0,8,3.39,Low,Very Good,1,Medium Risk,31.8475
ID02707,Male,19,Business,100.0,8.2,2.85,8.6,8,3.44,Excellent,Very Good,1,Low Risk,10.062499999999998
ID02708,Male,23,Mathematics,70.8,1.9,3.5,7.8,7,3.63,Low,Excellent,1,Medium Risk,29.915
ID02709,Male,18,Psychology,100.0,6.2,3.68,6.2,6,4.0,Excellent,Excellent,1,Low Risk,2.7999999999999985
ID02710,Male,18,Engineering,83.6,2.8,3.98,8.9,8,4.0,Good,Excellent,1,Low Risk,16.355000000000004
ID02711,Female,22,Computer Science,100.0,11.1,2.55,8.3,14,3.3,Excellent,Very Good,1,Low Risk,12.687500000000002
ID02712,Male,22,Psychology,100.0,3.4,3.3,6.8,7,3.81,Excellent,Excellent,1,Low Risk,12.525000000000002
ID02713,Male,21,Economics,91.5,1.7,2.62,8.6,10,2.68,Excellent,Good,1,Medium Risk,29.099999999999994
ID02714,Male,23,Mathematics,92.6,5.3,2.6,8.6,9,3.09,Excellent,Very Good,1,Low Risk,15.580000000000002
ID02715,Male,24,Engineering,91.3,3.0,3.28,7.4,5,3.45,Excellent,Very Good,1,Low Risk,18.215000000000003
ID02716,Male,18,Engineering,54.8,5.7,3.14,5.3,9,2.75,Critical,Good,1,High Risk,27.865000000000002
ID02717,Female,18,Economics,86.8,8.1,3.67,5.5,8,3.97,Excellent,Excellent,1,Low Risk,8.827500000000002
ID02718,Female,18,Mathematics,68.3,6.3,2.93,4.6,2,2.97,Low,Good,1,Medium Risk,23.6275
ID02719,Female,24,Engineering,87.6,1.2,3.03,9.0,6,2.94,Excellent,Good,1,Medium Risk,29.267500000000005
ID02720,Male,18,Mathematics,67.9,1.9,3.21,4.8,11,3.01,Low,Very Good,1,Medium Risk,33.7575
ID02721,Female,20,Engineering,67.2,4.6,2.67,7.1,4,2.8,Low,Good,1,Medium Risk,27.997500000000002
ID02722,Female,23,Business,100.0,4.9,2.74,4.6,9,2.87,Excellent,Good,1,Low Risk,11.424999999999995
ID02723,Female,19,Economics,100.0,0.5,3.66,9.5,1,3.86,Excellent,Excellent,1,Medium Risk,20.974999999999998
ID02724,Male,19,Mathematics,84.9,1.6,2.83,5.3,7,2.88,Good,Good,1,Medium Risk,30.632499999999997
ID02725,Male,21,Psychology,87.8,2.0,3.69,7.5,12,3.76,Excellent,Excellent,1,Low Risk,20.2025
ID02726,Male,20,Business,81.3,8.4,3.4,4.6,8,3.82,Good,Excellent,1,Low Risk,13.665000000000001
ID02727,Male,18,Psychology,93.5,2.5,2.33,8.3,9,2.36,Excellent,Average,1,Medium Risk,27.537499999999998
ID02728,Male,18,Economics,74.9,6.0,3.37,8.6,5,3.54,Low,Excellent,1,Medium Risk,16.807499999999997
ID02729,Male,22,Engineering,99.9,7.4,3.36,7.0,4,3.81,Excellent,Excellent,1,Low Risk,5.644999999999998
ID02730,Male,22,Psychology,81.2,2.5,3.31,6.9,3,3.43,Good,Very Good,1,Low Risk,24.4975
ID02731,Female,21,Business,78.7,3.7,3.03,8.2,5,2.95,Good,Good,1,Low Risk,23.272499999999997
ID02732,Male,18,Mathematics,85.3,6.0,2.63,6.1,6,3.06,Excellent,Very Good,1,Low Risk,18.6025
ID02733,Male,21,Computer Science,76.1,1.2,3.77,8.6,6,3.49,Good,Very Good,1,Medium Risk,27.9675
ID02734,Female,20,Psychology,89.9,3.3,3.05,7.4,4,3.3,Excellent,Very Good,1,Low Risk,19.6575
ID02735,Female,19,Computer Science,76.9,7.9,2.66,4.6,8,2.91,Good,Good,1,Low Risk,22.119999999999997
ID02736,Female,18,Economics,92.0,4.9,3.33,9.8,8,3.68,Excellent,Excellent,1,Low Risk,9.862499999999999
ID02737,Female,23,Psychology,100.0,4.9,2.73,7.3,6,3.01,Excellent,Very Good,1,Low Risk,11.512499999999998
ID02738,Male,24,Psychology,74.2,6.8,2.63,6.5,9,3.0,Low,Very Good,1,Medium Risk,23.597499999999997
ID02739,Female,20,Mathematics,83.0,2.7,2.91,7.2,7,3.12,Good,Very Good,1,Low Risk,26.387500000000003
ID02740,Male,18,Engineering,91.9,1.9,2.77,5.9,9,2.93,Excellent,Good,1,Medium Risk,26.807499999999997
ID02741,Male,24,Business,78.5,4.7,2.64,6.8,9,2.75,Good,Good,1,Low Risk,22.775
ID02742,Male,23,Business,92.0,2.9,3.5,8.2,6,3.58,Excellent,Excellent,1,Low Risk,16.375
ID02743,Male,22,Business,93.3,2.7,3.04,8.0,8,3.24,Excellent,Very Good,1,Low Risk,20.615000000000002
ID02744,Male,21,Economics,100.0,1.9,3.73,7.9,8,3.97,Excellent,Excellent,1,Medium Risk,14.7625
ID02745,Female,22,Engineering,75.9,5.3,2.67,6.1,7,2.69,Good,Good,1,Low Risk,22.482499999999995
ID02746,Female,19,Computer Science,70.9,3.5,2.24,5.7,8,2.09,Low,Average,1,Medium Risk,34.49499999999999
ID02747,Female,22,Business,80.4,1.9,3.17,7.6,7,3.46,Good,Very Good,1,Medium Risk,28.482499999999995
ID02748,Male,18,Computer Science,70.5,7.0,4.0,8.2,7,4.0,Low,Excellent,1,Medium Risk,13.275
ID02749,Female,23,Engineering,93.5,3.2,3.37,5.9,7,3.7,Excellent,Excellent,1,Low Risk,15.6375
ID02750,Female,22,Economics,67.6,5.4,4.0,6.7,8,3.97,Low,Excellent,1,Medium Risk,14.580000000000004
ID02751,Male,18,Engineering,100.0,9.6,3.27,7.6,7,3.99,Excellent,Excellent,1,Low Risk,6.387499999999999
ID02752,Female,19,Mathematics,100.0,6.9,3.22,6.9,12,3.89,Excellent,Excellent,1,Low Risk,6.824999999999998
ID02753,Male,24,Business,85.2,9.0,2.02,8.7,9,2.55,Excellent,Good,1,Medium Risk,23.985
ID02754,Male,23,Economics,98.0,6.9,3.31,5.0,7,3.75,Excellent,Excellent,1,Low Risk,6.9375
ID02755,Female,22,Mathematics,60.4,3.3,3.18,4.8,8,3.28,Low,Very Good,1,Medium Risk,31.794999999999998
ID02756,Male,21,Business,100.0,2.3,2.9,8.6,7,3.21,Excellent,Very Good,1,Low Risk,20.425
ID02757,Male,21,Engineering,76.1,3.2,3.03,7.9,9,3.06,Good,Very Good,1,Low Risk,26.442500000000003
ID02758,Female,23,Engineering,83.2,3.3,3.07,7.1,7,3.49,Good,Very Good,1,Low Risk,22.497500000000002
ID02759,Female,21,Psychology,57.2,8.1,3.01,6.5,11,2.84,Critical,Good,1,High Risk,27.9225
ID02760,Male,22,Psychology,92.3,2.9,4.0,7.7,5,4.0,Excellent,Excellent,1,Low Risk,11.865000000000004
ID02761,Male,22,Engineering,68.4,1.6,2.91,7.3,9,2.93,Low,Good,1,Medium Risk,37.357499999999995
ID02762,Male,23,Engineering,86.5,4.5,3.18,7.4,6,3.47,Excellent,Very Good,1,Low Risk,15.249999999999998
ID02763,Female,22,Computer Science,76.8,4.1,2.9,6.9,8,2.94,Good,Good,1,Low Risk,23.665000000000003
ID02764,Male,24,Computer Science,68.8,2.4,3.49,7.8,8,3.33,Low,Very Good,1,Medium Risk,28.902499999999996
ID02765,Male,18,Mathematics,72.9,3.1,3.19,8.4,7,3.25,Low,Very Good,1,Medium Risk,26.8825
ID02766,Female,19,Psychology,88.4,9.2,2.96,8.4,7,3.63,Excellent,Excellent,1,Low Risk,14.319999999999997
ID02767,Male,24,Psychology,65.8,5.3,2.14,7.7,5,2.25,Low,Average,1,Medium Risk,31.665
ID02768,Male,24,Engineering,73.8,3.2,3.22,7.0,8,3.11,Low,Very Good,1,Medium Risk,25.814999999999998
ID02769,Male,21,Engineering,94.9,2.3,2.95,7.7,4,3.29,Excellent,Very Good,1,Low Risk,22.2825
ID02770,Female,18,Mathematics,100.0,11.9,3.07,8.8,13,3.6,Excellent,Excellent,1,Low Risk,8.137500000000001
ID02771,Male,23,Economics,92.2,10.3,2.51,6.8,8,3.07,Excellent,Very Good,1,Low Risk,16.5475
ID02772,Male,21,Economics,71.2,6.6,3.82,6.6,14,4.0,Low,Excellent,1,Medium Risk,14.535
ID02773,Female,18,Economics,79.5,3.4,3.53,7.7,7,3.39,Good,Very Good,1,Low Risk,19.737500000000004
ID02774,Male,22,Psychology,85.5,2.3,3.82,8.1,11,3.94,Excellent,Excellent,1,Low Risk,18.900000000000002
ID02775,Male,23,Computer Science,79.8,2.3,3.67,6.8,6,3.66,Good,Excellent,1,Low Risk,22.777500000000003
ID02776,Male,23,Economics,98.5,3.4,3.4,7.7,6,3.56,Excellent,Excellent,1,Low Risk,12.325
ID02777,Male,21,Business,88.3,2.9,2.53,5.7,5,2.54,Excellent,Good,1,Low Risk,26.527500000000007
ID02778,Male,22,Mathematics,98.6,3.9,4.0,7.0,8,4.0,Excellent,Excellent,1,Low Risk,5.030000000000004
ID02779,Male,21,Economics,80.3,3.8,2.64,9.3,8,2.73,Good,Good,1,Low Risk,25.565
ID02780,Male,20,Business,100.0,2.0,2.97,7.9,9,3.12,Excellent,Very Good,1,Low Risk,21.012499999999996
ID02781,Male,18,Economics,82.5,2.1,3.45,6.0,6,3.7,Good,Excellent,1,Low Risk,24.287499999999998
ID02782,Female,20,Computer Science,70.4,3.2,3.48,6.2,9,3.43,Low,Very Good,1,Medium Risk,25.069999999999997
ID02783,Female,18,Computer Science,100.0,3.7,3.39,5.1,5,3.71,Excellent,Excellent,1,Low Risk,10.537499999999998
ID02784,Female,19,Economics,57.6,8.7,2.9,9.4,8,2.97,Critical,Good,1,High Risk,28.705
ID02785,Female,24,Business,73.9,4.7,2.8,5.5,9,2.89,Low,Good,1,Medium Risk,23.444999999999997
ID02786,Male,23,Mathematics,75.6,4.6,4.0,4.0,9,4.0,Good,Excellent,1,Low Risk,12.580000000000004
ID02787,Female,21,Business,100.0,4.8,3.08,4.9,6,3.33,Excellent,Very Good,1,Low Risk,8.85
ID02788,Male,19,Mathematics,100.0,7.6,3.02,7.1,11,3.47,Excellent,Very Good,1,Low Risk,8.575
ID02789,Female,19,Economics,100.0,14.0,2.74,5.9,7,3.38,Excellent,Very Good,1,Low Risk,11.024999999999997
ID02790,Female,23,Mathematics,80.0,2.8,3.22,7.2,9,3.66,Good,Excellent,1,Low Risk,24.625
ID02791,Female,23,Engineering,100.0,11.4,3.2,7.5,8,3.88,Excellent,Excellent,1,Low Risk,6.999999999999998
ID02792,Female,18,Psychology,90.5,1.4,3.09,6.1,10,3.39,Excellent,Very Good,1,Medium Risk,26.637500000000003
ID02793,Female,20,Psychology,99.7,3.3,3.29,5.6,7,3.57,Excellent,Excellent,1,Low Risk,13.147499999999999
ID02794,Male,22,Computer Science,87.7,1.9,3.98,8.4,2,3.95,Excellent,Excellent,1,Medium Risk,18.11
ID02795,Male,18,Engineering,84.3,5.9,2.8,7.4,11,3.4,Good,Very Good,1,Low Risk,17.565
ID02796,Female,22,Psychology,81.2,6.8,3.12,4.0,11,3.5,Good,Excellent,1,Low Risk,16.159999999999997
ID02797,Male,19,Economics,81.9,1.6,2.78,4.7,4,2.8,Good,Good,1,Medium Risk,32.42
ID02798,Female,22,Mathematics,94.1,7.3,3.25,4.3,9,3.86,Excellent,Excellent,1,Low Risk,9.217500000000003
ID02799,Female,20,Mathematics,90.5,4.9,2.82,6.8,9,3.32,Excellent,Very Good,1,Low Risk,15.0
ID02800,Male,18,Business,84.5,6.4,2.84,7.3,6,3.36,Good,Very Good,1,Low Risk,17.125
ID02801,Female,23,Business,100.0,8.0,2.37,6.7,10,3.12,Excellent,Very Good,1,Medium Risk,14.2625
ID02802,Female,20,Mathematics,40.5,6.0,3.15,6.1,6,3.1,Critical,Very Good,1,High Risk,34.212500000000006
ID02803,Female,24,Economics,92.6,1.4,3.31,8.5,8,3.28,Excellent,Very Good,1,Medium Risk,23.767500000000005
ID02804,Female,20,Mathematics,95.8,3.1,4.0,7.5,8,4.0,Excellent,Excellent,1,Low Risk,9.490000000000002
ID02805,Male,24,Business,100.0,1.5,3.33,5.6,5,3.49,Excellent,Very Good,1,Medium Risk,19.8625
ID02806,Female,18,Psychology,84.0,0.9,2.88,5.7,4,2.89,Good,Good,1,Medium Risk,33.400000000000006
ID02807,Female,23,Computer Science,88.1,1.8,2.42,5.9,6,2.69,Excellent,Good,1,Medium Risk,31.980000000000004
ID02808,Male,20,Business,99.8,3.2,2.49,6.5,13,2.62,Excellent,Good,1,Medium Risk,20.502499999999998
ID02809,Male,24,Economics,100.0,10.9,2.45,7.1,9,3.21,Excellent,Very Good,1,Medium Risk,13.562499999999996
ID02810,Female,23,Psychology,80.5,3.9,4.0,7.6,4,4.0,Good,Excellent,1,Low Risk,13.175
ID02811,Male,21,Psychology,89.0,4.9,3.24,5.8,11,3.37,Excellent,Very Good,1,Low Risk,11.999999999999996
ID02812,Female,21,Psychology,100.0,2.8,2.81,5.0,18,2.64,Excellent,Good,1,Low Risk,19.212500000000002
ID02813,Female,21,Engineering,53.1,3.5,2.62,7.6,9,2.29,Critical,Average,1,High Risk,39.18
ID02814,Male,22,Engineering,74.6,4.1,2.67,8.2,8,2.67,Low,Good,1,Medium Risk,26.667500000000004
ID02815,Female,20,Psychology,100.0,3.3,2.8,9.6,7,3.04,Excellent,Very Good,1,Low Risk,17.3
ID02816,Female,18,Economics,100.0,5.5,3.76,7.6,13,4.0,Excellent,Excellent,1,Low Risk,2.100000000000002
ID02817,Male,18,Mathematics,92.8,2.6,3.09,5.9,7,3.14,Excellent,Very Good,1,Low Risk,20.802500000000002
ID02818,Male,22,Economics,78.3,1.5,2.38,7.9,7,2.45,Good,Average,1,Medium Risk,37.94
ID02819,Male,18,Engineering,71.8,1.2,4.0,6.8,6,4.0,Low,Excellent,1,Medium Risk,27.89
ID02820,Male,24,Business,76.1,6.5,2.53,5.0,4,2.49,Good,Average,1,Low Risk,23.617500000000007
ID02821,Female,21,Engineering,100.0,0.5,2.8,6.9,10,2.96,Excellent,Good,1,Medium Risk,28.5
ID02822,Male,20,Mathematics,75.6,3.4,3.76,7.4,11,3.78,Good,Excellent,1,Low Risk,19.480000000000004
ID02823,Female,18,Computer Science,86.5,1.9,3.31,9.2,9,3.62,Excellent,Excellent,1,Medium Risk,24.512500000000003
ID02824,Male,18,Engineering,73.7,5.6,2.87,7.1,6,3.16,Low,Very Good,1,Medium Risk,21.722499999999997
ID02825,Male,19,Economics,97.6,4.0,2.48,5.8,7,2.56,Excellent,Good,1,Medium Risk,18.380000000000003
ID02826,Female,19,Economics,76.9,4.0,2.62,4.2,11,2.75,Good,Good,1,Low Risk,26.47
ID02827,Female,19,Psychology,83.5,4.2,2.65,5.2,6,2.74,Good,Good,1,Low Risk,22.4375
ID02828,Male,20,Psychology,59.7,4.1,3.1,5.5,8,2.77,Critical,Good,1,High Risk,29.61
ID02829,Male,21,Psychology,60.8,1.5,3.2,9.5,7,2.95,Low,Good,1,Medium Risk,38.64
ID02830,Male,23,Computer Science,85.1,2.9,3.03,6.7,8,3.28,Excellent,Very Good,1,Low Risk,23.592500000000005
ID02831,Male,21,Mathematics,65.1,2.2,3.08,6.9,5,3.09,Low,Very Good,1,Medium Risk,34.955
ID02832,Female,21,Business,100.0,2.5,2.57,8.7,9,2.78,Excellent,Good,1,Low Risk,22.512500000000003
ID02833,Male,20,Economics,54.1,4.2,3.25,7.9,4,2.88,Critical,Good,1,High Risk,30.4175
ID02834,Male,24,Economics,73.0,6.6,3.74,6.6,11,4.0,Low,Excellent,1,Medium Risk,14.424999999999999
ID02835,Male,24,Mathematics,85.3,6.4,3.02,8.7,11,3.2,Excellent,Very Good,1,Low Risk,15.190000000000001
ID02836,Female,20,Computer Science,79.5,4.6,3.01,6.0,11,3.03,Good,Very Good,1,Low Risk,19.487500000000004
ID02837,Female,19,Psychology,68.4,3.0,3.14,7.4,5,3.26,Low,Very Good,1,Medium Risk,29.744999999999997
ID02838,Male,18,Mathematics,70.6,4.0,3.66,5.1,9,3.75,Low,Excellent,1,Medium Risk,20.205000000000002
ID02839,Female,22,Business,70.1,6.0,2.65,7.4,6,2.92,Low,Good,1,Medium Risk,25.267500000000005
ID02840,Male,22,Psychology,80.7,2.5,3.83,8.5,9,3.95,Good,Excellent,1,Low Risk,20.1725
ID02841,Male,23,Business,100.0,3.9,3.31,8.3,9,3.62,Excellent,Excellent,1,Low Risk,10.4375
ID02842,Female,18,Engineering,86.2,2.8,3.11,8.4,12,3.41,Excellent,Very Good,1,Low Risk,22.7975
ID02843,Female,23,Business,100.0,2.4,3.71,10.0,10,3.91,Excellent,Excellent,1,Low Risk,12.9375
ID02844,Female,19,Psychology,92.6,3.8,2.51,6.6,17,2.62,Excellent,Good,1,Low Risk,21.167500000000004
ID02845,Female,23,Engineering,100.0,3.0,3.36,5.6,8,3.58,Excellent,Excellent,1,Low Risk,13.600000000000001
ID02846,Male,18,Psychology,43.0,4.7,3.32,7.7,12,2.93,Critical,Good,1,High Risk,32.8
ID02847,Female,18,Economics,80.4,3.1,2.63,5.7,8,2.74,Good,Good,1,Low Risk,28.4075
ID02848,Male,22,Psychology,100.0,3.6,3.33,5.3,9,3.64,Excellent,Excellent,1,Low Risk,11.462499999999999
ID02849,Female,24,Engineering,76.4,1.5,3.24,6.6,3,3.06,Good,Very Good,1,Medium Risk,31.269999999999996
ID02850,Male,19,Business,100.0,6.1,3.01,10.0,10,3.35,Excellent,Very Good,1,Low Risk,8.662500000000001
ID02851,Female,20,Economics,100.0,6.2,3.53,8.0,7,4.0,Excellent,Excellent,1,Low Risk,4.112500000000002
ID02852,Male,23,Computer Science,78.0,2.2,2.81,7.6,3,2.84,Good,Good,1,Low Risk,31.5125
ID02853,Male,22,Computer Science,77.5,2.3,3.24,4.5,6,3.01,Good,Very Good,1,Low Risk,27.575
ID02854,Female,23,Computer Science,69.8,4.3,3.03,6.1,6,3.13,Low,Very Good,1,Medium Risk,24.8775
ID02855,Male,23,Computer Science,75.6,2.9,2.79,9.1,8,2.72,Good,Good,1,Low Risk,29.967500000000005
ID02856,Male,20,Mathematics,66.5,4.6,3.35,6.6,8,3.57,Low,Excellent,1,Medium Risk,22.3625
ID02857,Male,19,Computer Science,91.4,8.3,3.0,10.0,5,3.49,Excellent,Very Good,1,Low Risk,12.619999999999997
ID02858,Male,18,Engineering,63.2,2.3,2.36,7.7,11,2.24,Low,Average,1,Medium Risk,41.709999999999994
ID02859,Male,21,Computer Science,94.1,6.4,2.2,6.8,4,2.68,Excellent,Good,1,Medium Risk,18.404999999999998
ID02860,Male,23,Psychology,94.4,2.0,3.49,6.5,5,3.58,Excellent,Excellent,1,Low Risk,18.982499999999995
ID02861,Female,21,Computer Science,60.1,2.5,2.49,6.9,8,2.51,Low,Good,1,Medium Risk,41.1675
ID02862,Male,19,Business,100.0,4.3,3.24,4.8,12,3.67,Excellent,Excellent,1,Low Risk,9.449999999999998
ID02863,Female,21,Engineering,92.7,5.5,3.13,8.5,6,3.47,Excellent,Very Good,1,Low Risk,10.897499999999999
ID02864,Female,23,Engineering,96.2,8.2,2.92,7.7,8,3.4,Excellent,Very Good,1,Low Risk,11.159999999999998
ID02865,Male,20,Economics,73.6,9.8,4.0,6.6,10,4.0,Low,Excellent,1,Medium Risk,11.880000000000003
ID02866,Female,21,Mathematics,94.3,3.2,3.19,6.8,11,3.66,Excellent,Excellent,1,Low Risk,16.8525
ID02867,Male,19,Psychology,100.0,3.9,3.48,8.2,6,3.85,Excellent,Excellent,1,Low Risk,8.950000000000001
ID02868,Female,19,Engineering,83.5,4.7,3.24,10.0,4,3.65,Good,Excellent,1,Low Risk,15.274999999999995
ID02869,Male,24,Business,100.0,3.8,2.98,9.3,9,3.25,Excellent,Very Good,1,Low Risk,13.725
ID02870,Male,24,Computer Science,85.7,3.2,3.09,7.3,4,3.36,Excellent,Very Good,1,Low Risk,21.5975
ID02871,Female,20,Engineering,100.0,2.7,3.83,5.8,7,3.87,Excellent,Excellent,1,Low Risk,10.6875
ID02872,Female,21,Business,89.4,5.5,3.64,4.7,9,4.0,Excellent,Excellent,1,Low Risk,7.919999999999996
ID02873,Female,21,Computer Science,93.8,8.2,4.0,7.2,8,4.0,Excellent,Excellent,1,Low Risk,2.7900000000000014
ID02874,Male,24,Mathematics,59.9,1.3,3.21,5.8,19,2.33,Critical,Average,1,High Risk,39.75750000000001
ID02875,Female,18,Engineering,90.6,3.4,2.66,7.2,7,3.09,Excellent,Very Good,1,Low Risk,22.355000000000004
ID02876,Male,22,Engineering,74.0,1.4,2.88,7.4,10,2.74,Low,Good,1,Medium Risk,35.9
ID02877,Male,19,Business,72.3,5.3,2.51,8.1,2,2.56,Low,Good,1,Medium Risk,25.502500000000005
ID02878,Male,18,Economics,100.0,2.4,3.48,5.2,11,3.75,Excellent,Excellent,1,Low Risk,14.95
ID02879,Female,19,Psychology,81.8,7.6,2.81,5.7,14,3.26,Good,Very Good,1,Low Risk,18.6025
ID02880,Male,18,Mathematics,70.0,3.6,1.57,6.5,6,1.6,Low,Poor,0,High Risk,40.3625
ID02881,Male,24,Psychology,79.6,5.4,4.0,7.4,13,3.94,Good,Excellent,1,Low Risk,9.180000000000003
ID02882,Female,24,Engineering,65.5,2.2,2.81,7.3,7,2.77,Low,Good,1,Medium Risk,37.1375
ID02883,Male,22,Psychology,100.0,4.2,2.81,10.0,7,3.05,Excellent,Very Good,1,Low Risk,13.612499999999999
ID02884,Male,18,Computer Science,74.6,4.2,3.94,4.0,8,4.0,Low,Excellent,1,Medium Risk,15.155000000000003
ID02885,Male,19,Mathematics,92.9,4.9,2.5,8.7,7,2.77,Excellent,Good,1,Low Risk,16.719999999999995
ID02886,Female,21,Psychology,100.0,2.6,3.67,8.6,10,3.9,Excellent,Excellent,1,Low Risk,12.487500000000002
ID02887,Male,19,Computer Science,77.5,7.2,2.81,5.6,12,3.03,Good,Very Good,1,Low Risk,20.5375
ID02888,Male,23,Business,93.0,4.7,2.44,6.3,12,2.81,Excellent,Good,1,Medium Risk,17.999999999999996
ID02889,Female,24,Psychology,69.5,8.0,3.95,9.6,9,4.0,Low,Excellent,1,Medium Risk,14.162499999999998
ID02890,Female,20,Mathematics,100.0,1.5,3.56,6.1,8,3.94,Excellent,Excellent,1,Medium Risk,17.849999999999998
ID02891,Male,20,Computer Science,99.0,4.2,3.56,6.1,7,4.0,Excellent,Excellent,1,Low Risk,7.499999999999998
ID02892,Female,24,Psychology,82.1,3.5,3.28,7.2,9,3.76,Good,Excellent,1,Low Risk,20.355000000000004
ID02893,Female,23,Business,73.4,9.9,3.4,7.8,10,3.65,Low,Excellent,1,Medium Risk,17.22
ID02894,Female,20,Psychology,83.3,5.6,2.48,8.5,13,2.74,Good,Good,1,Medium Risk,20.815
ID02895,Male,24,Computer Science,79.9,3.8,3.16,8.6,6,3.27,Good,Very Good,1,Low Risk,21.194999999999997
ID02896,Female,20,Psychology,100.0,5.4,2.64,8.2,9,2.81,Excellent,Good,1,Low Risk,11.899999999999999
ID02897,Male,24,Mathematics,66.6,3.0,2.41,4.1,5,2.37,Low,Average,1,Medium Risk,36.9425
ID02898,Male,22,Engineering,87.0,5.0,3.31,6.9,7,3.63,Excellent,Excellent,1,Low Risk,11.8875
ID02899,Male,21,Computer Science,84.7,13.0,3.68,8.0,7,4.0,Good,Excellent,1,Low Risk,9.684999999999997
ID02900,Male,21,Computer Science,83.2,2.7,2.91,8.0,5,3.33,Good,Very Good,1,Low Risk,26.2975
ID02901,Male,19,Computer Science,83.4,4.2,2.99,5.9,4,3.21,Good,Very Good,1,Low Risk,19.507499999999993
ID02902,Female,23,Computer Science,83.3,2.4,2.53,5.5,9,2.56,Good,Good,1,Low Risk,30.777500000000003
ID02903,Male,24,Psychology,98.1,2.1,3.1,5.4,12,3.35,Excellent,Very Good,1,Low Risk,20.33
ID02904,Male,18,Mathematics,94.1,6.4,3.48,7.7,10,3.77,Excellent,Excellent,1,Low Risk,7.205000000000002
ID02905,Male,19,Business,91.3,1.8,3.5,8.5,9,3.45,Excellent,Very Good,1,Medium Risk,21.090000000000003
ID02906,Male,19,Mathematics,39.5,5.0,3.37,7.2,5,3.32,Critical,Very Good,1,High Risk,32.7375
ID02907,Female,24,Computer Science,89.5,6.2,2.79,5.4,4,3.28,Excellent,Very Good,1,Low Risk,15.3125
ID02908,Male,24,Economics,60.2,3.0,2.77,7.3,6,2.8,Low,Good,1,Medium Risk,36.6725
ID02909,Male,19,Psychology,94.7,7.8,3.5,5.6,7,4.0,Excellent,Excellent,1,Low Risk,6.759999999999999
ID02910,Male,19,Economics,100.0,7.4,3.51,5.9,9,4.0,Excellent,Excellent,1,Low Risk,4.287500000000001
ID02911,Male,21,Psychology,71.1,3.0,3.01,6.4,10,2.84,Low,Good,1,Medium Risk,29.667500000000004
ID02912,Male,18,Computer Science,81.1,1.6,2.89,5.8,8,2.91,Good,Good,1,Medium Risk,31.817500000000003
ID02913,Female,19,Psychology,76.0,5.2,3.68,5.3,4,3.78,Good,Excellent,1,Low Risk,13.6
ID02914,Female,21,Computer Science,100.0,3.7,2.92,9.3,7,3.06,Excellent,Very Good,1,Low Risk,14.649999999999999
ID02915,Male,19,Mathematics,86.4,4.4,3.47,4.2,10,3.62,Excellent,Excellent,1,Low Risk,13.157499999999994
ID02916,Female,20,Engineering,100.0,5.2,3.03,6.1,9,3.42,Excellent,Very Good,1,Low Risk,8.4875
ID02917,Female,19,Psychology,91.2,1.4,2.58,6.7,7,2.89,Excellent,Good,1,Medium Risk,30.784999999999997
ID02918,Female,24,Computer Science,88.6,2.9,3.91,8.8,8,3.99,Excellent,Excellent,1,Low Risk,14.317500000000003
ID02919,Male,23,Economics,86.0,9.3,3.16,7.4,5,3.75,Excellent,Excellent,1,Low Risk,13.649999999999999
ID02920,Male,23,Computer Science,97.3,4.4,2.74,6.6,4,3.12,Excellent,Very Good,1,Low Risk,14.639999999999997
ID02921,Male,19,Economics,58.9,5.4,2.4,5.9,14,1.99,Critical,Poor,0,High Risk,32.495000000000005
ID02922,Female,22,Psychology,86.3,4.2,2.45,8.7,8,2.7,Excellent,Good,1,Medium Risk,22.9275
ID02923,Female,20,Business,83.9,5.3,2.91,5.8,10,3.37,Good,Very Good,1,Low Risk,16.782499999999995
ID02924,Male,18,Economics,95.9,7.4,4.0,7.3,8,4.0,Excellent,Excellent,1,Low Risk,1.8449999999999975
ID02925,Male,19,Computer Science,82.2,0.9,2.81,6.7,6,3.01,Good,Very Good,1,Medium Risk,34.822500000000005
ID02926,Female,18,Psychology,69.4,6.0,3.82,7.7,11,3.82,Low,Excellent,1,Medium Risk,15.344999999999999
ID02927,Female,20,Computer Science,85.1,3.8,3.03,9.4,5,3.08,Excellent,Very Good,1,Low Risk,19.992500000000003
ID02928,Female,19,Business,68.8,6.6,2.51,8.1,10,2.42,Low,Average,1,Medium Risk,27.0775
ID02929,Female,22,Engineering,56.1,3.1,2.86,6.8,9,2.67,Critical,Good,1,High Risk,37.33
ID02930,Male,21,Business,95.9,3.0,2.46,9.5,8,2.74,Excellent,Good,1,Medium Risk,23.319999999999997
ID02931,Female,22,Mathematics,93.7,1.7,2.67,9.4,11,2.9,Excellent,Good,1,Medium Risk,27.672499999999996
ID02932,Female,24,Psychology,92.0,3.8,2.66,8.7,7,2.82,Excellent,Good,1,Low Risk,20.125
ID02933,Male,22,Business,100.0,1.7,2.15,7.4,10,2.22,Excellent,Average,1,Medium Risk,29.387499999999996
ID02934,Male,21,Engineering,75.0,3.6,3.86,5.8,11,3.88,Good,Excellent,1,Low Risk,18.075000000000003
ID02935,Female,24,Computer Science,63.5,4.4,3.21,4.0,9,3.35,Low,Very Good,1,Medium Risk,25.737499999999997
ID02936,Male,21,Psychology,83.9,2.5,2.76,7.3,10,3.02,Good,Very Good,1,Low Risk,28.095
ID02937,Female,23,Economics,79.8,1.3,3.21,8.2,15,3.13,Good,Very Good,1,Medium Risk,30.802500000000002
ID02938,Female,21,Business,72.4,1.1,2.68,5.0,8,2.58,Low,Good,1,Medium Risk,39.56999999999999
ID02939,Female,19,Engineering,83.8,2.1,1.76,7.6,5,2.16,Good,Average,1,High Risk,38.49
ID02940,Male,18,Business,75.8,1.0,4.0,6.3,12,3.71,Good,Excellent,1,Medium Risk,26.89
ID02941,Male,23,Mathematics,57.5,4.3,3.19,7.8,6,3.14,Critical,Very Good,1,High Risk,29.0125
ID02942,Female,23,Psychology,78.4,13.2,2.81,6.1,7,3.47,Good,Very Good,1,Low Risk,20.132499999999997
ID02943,Male,18,Computer Science,68.0,1.7,2.13,5.9,11,2.12,Low,Average,1,Medium Risk,43.9625
ID02944,Female,23,Engineering,88.5,14.0,2.35,6.9,8,3.4,Excellent,Very Good,1,Medium Risk,19.612499999999997
ID02945,Female,21,Business,75.2,4.2,3.93,5.2,9,3.95,Good,Excellent,1,Low Risk,14.972499999999997
ID02946,Male,22,Psychology,100.0,4.7,3.85,8.4,9,3.97,Excellent,Excellent,1,Low Risk,2.5124999999999984
ID02947,Male,20,Business,100.0,1.4,3.48,7.0,10,3.83,Excellent,Excellent,1,Medium Risk,18.95
ID02948,Male,21,Psychology,95.2,4.4,2.54,5.3,9,2.66,Excellent,Good,1,Low Risk,17.334999999999994
ID02949,Male,24,Mathematics,61.7,2.8,3.85,6.1,10,3.94,Low,Excellent,1,Medium Risk,27.347500000000004
ID02950,Female,24,Business,100.0,9.0,3.32,7.9,9,3.89,Excellent,Excellent,1,Low Risk,5.950000000000001
ID02951,Female,22,Mathematics,100.0,1.1,3.43,6.5,9,3.44,Excellent,Very Good,1,Medium Risk,20.5875
ID02952,Female,22,Economics,85.3,2.9,3.32,8.1,7,3.49,Excellent,Very Good,1,Low Risk,20.965000000000003
ID02953,Female,23,Economics,100.0,2.3,2.35,5.5,7,2.63,Excellent,Good,1,Medium Risk,25.237499999999997
ID02954,Male,19,Engineering,76.7,4.8,2.5,6.6,4,2.42,Good,Average,1,Low Risk,24.41
ID02955,Female,19,Mathematics,57.0,0.6,2.84,6.9,3,2.22,Critical,Average,1,High Risk,47.10000000000001
ID02956,Female,23,Psychology,73.6,8.8,3.42,10.0,9,3.59,Low,Excellent,1,Medium Risk,16.955000000000002
ID02957,Female,23,Engineering,100.0,4.7,2.41,5.9,10,2.5,Excellent,Good,1,Medium Risk,15.112499999999999
ID02958,Female,18,Business,62.6,4.5,3.01,7.9,4,3.26,Low,Very Good,1,Medium Risk,27.4925
ID02959,Male,18,Business,85.0,1.8,3.01,7.7,4,3.38,Excellent,Very Good,1,Medium Risk,28.212500000000002
ID02960,Female,20,Psychology,85.5,6.2,3.5,9.6,11,3.91,Excellent,Excellent,1,Low Risk,10.9
ID02961,Male,20,Computer Science,77.3,5.8,3.44,9.0,7,3.29,Good,Very Good,1,Low Risk,15.115000000000002
ID02962,Male,20,Computer Science,78.3,7.7,2.59,6.3,9,2.85,Good,Good,1,Low Risk,22.1025
ID02963,Male,20,Business,86.1,3.3,3.82,5.4,6,4.0,Excellent,Excellent,1,Low Risk,14.630000000000004
ID02964,Female,22,Psychology,76.6,1.3,2.52,4.9,9,2.37,Good,Average,1,Medium Risk,38.28
ID02965,Female,22,Computer Science,63.7,2.6,3.65,7.4,12,3.81,Low,Excellent,1,Medium Risk,28.997500000000002
ID02966,Female,18,Mathematics,88.2,6.7,2.82,8.5,8,3.34,Excellent,Very Good,1,Low Risk,15.635
ID02967,Female,19,Business,100.0,2.9,3.18,8.7,8,3.32,Excellent,Very Good,1,Low Risk,15.575
ID02968,Female,23,Economics,98.0,11.1,3.21,6.6,6,3.99,Excellent,Excellent,1,Low Risk,7.8125
ID02969,Female,24,Mathematics,72.9,6.3,3.2,7.1,5,3.35,Low,Very Good,1,Medium Risk,19.194999999999997
ID02970,Male,19,Psychology,66.2,10.2,3.44,9.1,8,3.87,Low,Excellent,1,Medium Risk,20.11
ID02971,Male,21,Economics,80.7,3.0,3.3,5.9,12,3.55,Good,Excellent,1,Low Risk,22.81
ID02972,Male,22,Mathematics,100.0,5.1,3.49,4.0,7,3.83,Excellent,Excellent,1,Low Risk,4.462499999999998
ID02973,Female,20,Computer Science,94.7,2.1,3.33,8.7,9,3.49,Excellent,Very Good,1,Low Risk,19.847499999999997
ID02974,Female,20,Computer Science,95.6,6.4,2.47,5.3,5,2.79,Excellent,Good,1,Medium Risk,15.3675
ID02975,Male,21,Economics,98.3,5.3,3.23,6.6,7,3.5,Excellent,Excellent,1,Low Risk,7.502500000000001
ID02976,Male,19,Engineering,91.3,6.0,2.82,7.7,8,3.18,Excellent,Very Good,1,Low Risk,14.240000000000002
ID02977,Female,20,Business,86.8,3.1,2.55,6.3,8,2.79,Excellent,Good,1,Low Risk,26.227500000000006
ID02978,Male,19,Economics,94.9,4.3,2.96,8.6,11,3.09,Excellent,Very Good,1,Low Risk,14.194999999999999
ID02979,Female,23,Psychology,76.8,4.2,3.19,10.0,13,3.28,Good,Very Good,1,Low Risk,20.7275
ID02980,Female,21,Business,63.8,3.1,3.22,5.8,2,2.93,Low,Good,1,Medium Risk,30.715000000000003
ID02981,Male,24,Mathematics,95.8,4.4,3.63,7.2,5,4.0,Excellent,Excellent,1,Low Risk,7.527500000000001
ID02982,Male,19,Psychology,100.0,4.9,3.75,7.0,5,4.0,Excellent,Excellent,1,Low Risk,2.5874999999999986
ID02983,Female,23,Psychology,68.2,5.4,3.27,7.5,10,3.21,Low,Very Good,1,Medium Risk,20.697499999999998
ID02984,Female,19,Computer Science,97.3,3.1,3.36,6.1,9,3.86,Excellent,Excellent,1,Low Risk,14.415000000000003
ID02985,Male,19,Mathematics,100.0,6.2,3.15,6.0,7,3.81,Excellent,Excellent,1,Low Risk,7.437500000000001
ID02986,Female,20,Computer Science,85.0,6.0,3.48,6.1,7,3.81,Excellent,Excellent,1,Low Risk,11.3
ID02987,Male,18,Computer Science,72.7,5.5,3.34,6.3,9,3.32,Low,Very Good,1,Medium Risk,18.06
ID02988,Male,22,Engineering,86.8,6.5,3.07,6.3,10,3.42,Excellent,Very Good,1,Low Risk,14.077500000000002
ID02989,Female,19,Computer Science,76.7,3.6,4.0,4.0,10,3.93,Good,Excellent,1,Low Risk,16.085
ID02990,Female,19,Business,75.7,1.9,2.83,7.1,5,2.7,Good,Good,1,Medium Risk,33.5725
ID02991,Male,19,Psychology,91.5,6.0,3.83,6.5,11,4.0,Excellent,Excellent,1,Low Risk,5.3125
ID02992,Female,18,Computer Science,60.9,2.8,2.42,5.9,8,2.43,Low,Average,1,Medium Risk,40.220000000000006
ID02993,Female,23,Economics,63.3,1.3,3.51,7.1,5,3.58,Low,Excellent,1,Medium Risk,35.602500000000006
ID02994,Male,24,Business,85.3,2.8,3.82,7.0,8,4.0,Excellent,Excellent,1,Low Risk,16.990000000000002
ID02995,Male,24,Mathematics,84.7,4.4,2.15,6.4,8,2.53,Good,Good,1,Medium Risk,25.472499999999997
ID02996,Female,21,Psychology,90.2,8.4,3.17,7.0,6,3.64,Excellent,Excellent,1,Low Risk,11.6725
ID02997,Male,20,Economics,100.0,4.9,3.46,6.1,10,3.88,Excellent,Excellent,1,Low Risk,5.124999999999998
ID02998,Male,18,Economics,86.6,6.5,3.23,5.2,8,3.75,Excellent,Excellent,1,Low Risk,12.767500000000002
ID02999,Male,23,Mathematics,94.0,6.0,3.29,9.9,10,3.45,Excellent,Very Good,1,Low Risk,8.9125
ID03000,Female,19,Economics,70.4,4.8,3.17,6.3,9,3.42,Low,Very Good,1,Medium Risk,21.382499999999997
ID03001,Female,23,Business,96.5,3.4,2.55,7.4,4,2.76,Excellent,Good,1,Low Risk,20.6625
ID03002,Female,18,Mathematics,77.1,2.1,4.0,10.0,5,3.78,Good,Excellent,1,Low Risk,21.905
ID03003,Male,18,Economics,86.1,11.8,2.85,6.4,7,3.54,Excellent,Excellent,1,Low Risk,16.317500000000003
ID03004,Female,18,Mathematics,83.4,2.9,3.32,7.7,6,3.78,Good,Excellent,1,Low Risk,21.82
ID03005,Female,21,Mathematics,100.0,3.4,2.78,10.0,14,2.87,Excellent,Good,1,Low Risk,17.075000000000003
ID03006,Female,22,Computer Science,65.4,3.7,1.96,4.5,7,1.78,Low,Poor,0,High Risk,38.61999999999999
ID03007,Female,20,Computer Science,50.8,2.8,2.64,9.0,4,2.32,Critical,Average,1,High Risk,42.84
ID03008,Male,21,Computer Science,81.8,5.4,2.38,7.3,7,2.97,Good,Good,1,Medium Risk,22.365000000000002
ID03009,Female,21,Economics,92.0,2.9,3.65,6.2,10,3.79,Excellent,Excellent,1,Low Risk,15.062500000000004
ID03010,Male,22,Psychology,87.3,3.3,2.8,7.1,13,3.12,Excellent,Very Good,1,Low Risk,23.015000000000004
ID03011,Male,21,Business,100.0,2.7,2.84,6.5,8,3.29,Excellent,Very Good,1,Low Risk,19.35
ID03012,Male,18,Economics,91.6,3.3,2.57,9.4,8,2.94,Excellent,Good,1,Low Risk,23.092500000000005
ID03013,Male,18,Computer Science,76.5,1.8,3.15,7.0,6,3.27,Good,Very Good,1,Medium Risk,30.812500000000004
ID03014,Male,23,Mathematics,50.1,1.5,2.74,8.0,9,2.53,Critical,Good,1,High Risk,47.48
ID03015,Female,19,Economics,81.4,9.5,3.6,6.2,5,4.0,Good,Excellent,1,Low Risk,11.869999999999997
ID03016,Male,21,Mathematics,100.0,6.5,3.25,7.4,12,3.61,Excellent,Excellent,1,Low Risk,6.5625
ID03017,Female,19,Mathematics,79.1,8.6,2.81,6.4,9,3.25,Good,Very Good,1,Low Risk,19.817500000000003
ID03018,Male,20,Mathematics,85.4,9.1,3.53,4.9,8,4.0,Excellent,Excellent,1,Low Risk,10.6825
ID03019,Male,24,Engineering,91.3,2.2,3.1,9.0,6,3.21,Excellent,Very Good,1,Low Risk,22.99
ID03020,Female,18,Psychology,69.8,8.4,3.11,7.5,8,3.47,Low,Very Good,1,Medium Risk,21.3775
ID03021,Male,23,Business,94.3,7.2,2.37,8.2,4,2.7,Excellent,Good,1,Medium Risk,16.8275
ID03022,Male,20,Business,100.0,3.2,3.06,5.9,8,3.3,Excellent,Very Good,1,Low Risk,15.425
ID03023,Female,23,Computer Science,82.4,4.9,3.26,8.8,5,3.45,Good,Very Good,1,Low Risk,14.794999999999998
ID03024,Male,24,Engineering,68.1,6.4,3.77,7.7,6,3.96,Low,Excellent,1,Medium Risk,16.367500000000003
ID03025,Male,24,Economics,84.0,5.6,2.72,7.2,12,3.32,Good,Very Good,1,Low Risk,18.4
ID03026,Male,22,Economics,51.6,3.7,4.0,8.5,4,3.74,Critical,Excellent,1,High Risk,26.98
ID03027,Female,18,Business,90.1,4.4,3.38,6.5,5,3.81,Excellent,Excellent,1,Low Risk,12.280000000000001
ID03028,Female,20,Psychology,91.8,5.2,2.34,8.9,16,2.25,Excellent,Average,1,Medium Risk,18.215
ID03029,Female,22,Mathematics,100.0,3.2,2.68,6.0,10,2.82,Excellent,Good,1,Low Risk,18.749999999999996
ID03030,Female,24,Computer Science,82.1,5.6,3.81,7.0,9,4.0,Good,Excellent,1,Low Risk,9.717500000000003
ID03031,Male,20,Psychology,91.1,2.6,3.72,5.6,10,3.93,Excellent,Excellent,1,Low Risk,16.055
ID03032,Male,23,Business,72.1,8.6,3.11,5.3,7,3.18,Low,Very Good,1,Medium Risk,20.342500000000005
ID03033,Female,22,Engineering,79.7,7.0,3.17,6.3,15,3.54,Good,Excellent,1,Low Risk,16.3975
ID03034,Male,22,Computer Science,62.1,6.5,2.52,6.8,9,2.72,Low,Good,1,Medium Risk,30.005
ID03035,Male,18,Business,82.1,5.0,3.76,7.8,8,4.0,Good,Excellent,1,Low Risk,10.155000000000005
ID03036,Male,19,Economics,80.4,4.6,2.61,6.0,8,2.91,Good,Good,1,Low Risk,22.5825
ID03037,Male,23,Computer Science,89.5,7.1,3.52,7.9,10,4.0,Excellent,Excellent,1,Low Risk,8.925
ID03038,Female,23,Business,75.6,1.9,3.78,6.5,5,3.88,Good,Excellent,1,Medium Risk,25.305000000000007
ID03039,Male,22,Economics,86.3,2.4,3.12,6.3,9,3.48,Excellent,Very Good,1,Low Risk,24.265
ID03040,Male,22,Economics,80.0,5.7,3.58,7.9,14,3.85,Good,Excellent,1,Low Risk,12.674999999999999
ID03041,Male,18,Mathematics,80.0,3.9,4.0,6.2,8,4.0,Good,Excellent,1,Low Risk,13.400000000000002
ID03042,Female,19,Engineering,86.2,2.8,3.23,9.7,8,3.41,Excellent,Very Good,1,Low Risk,21.747500000000002
ID03043,Male,23,Mathematics,85.6,7.4,3.01,7.6,8,3.39,Excellent,Very Good,1,Low Risk,15.142500000000005
ID03044,Male,24,Business,96.4,4.4,3.07,4.9,10,3.27,Excellent,Very Good,1,Low Risk,12.157499999999997
ID03045,Female,21,Psychology,83.2,4.9,2.73,6.8,9,2.99,Good,Good,1,Low Risk,19.072499999999998
ID03046,Female,21,Mathematics,79.8,7.5,2.72,6.0,6,2.87,Good,Good,1,Low Risk,20.29
ID03047,Male,19,Psychology,82.3,3.7,3.32,4.5,8,3.73,Good,Excellent,1,Low Risk,19.115000000000002
ID03048,Male,20,Economics,74.3,11.2,3.02,8.6,4,3.43,Low,Very Good,1,Medium Risk,20.14
ID03049,Male,18,Business,79.6,2.1,3.26,8.6,10,2.97,Good,Good,1,Low Risk,27.255000000000003
ID03050,Male,19,Engineering,100.0,7.4,2.36,5.9,8,2.85,Excellent,Good,1,Medium Risk,14.35
ID03051,Male,21,Psychology,71.3,2.9,3.05,8.1,6,2.76,Low,Good,1,Medium Risk,29.6275
ID03052,Male,22,Business,80.8,6.8,3.62,8.3,15,4.0,Good,Excellent,1,Low Risk,11.965
ID03053,Male,21,Psychology,79.2,2.6,2.54,7.0,6,2.53,Good,Good,1,Low Risk,31.735
ID03054,Male,22,Mathematics,81.3,1.5,3.11,8.4,8,3.24,Good,Very Good,1,Medium Risk,30.2025
ID03055,Female,18,Business,80.0,6.8,2.17,7.4,3,2.56,Good,Good,1,Medium Risk,25.0125
ID03056,Female,22,Mathematics,89.2,3.3,2.45,8.7,4,2.65,Excellent,Good,1,Medium Risk,25.222499999999997
ID03057,Female,19,Computer Science,59.3,1.6,3.5,5.2,12,3.04,Critical,Very Good,1,High Risk,36.290000000000006
ID03058,Male,22,Business,100.0,7.0,2.95,7.2,11,3.51,Excellent,Excellent,1,Low Risk,9.187499999999998
ID03059,Male,20,Psychology,94.5,4.6,4.0,7.3,10,4.0,Excellent,Excellent,1,Low Risk,4.075000000000001
ID03060,Female,19,Computer Science,66.4,3.3,3.32,5.3,14,3.17,Low,Very Good,1,Medium Risk,27.87
ID03061,Male,18,Mathematics,51.0,5.0,3.37,5.4,6,3.02,Critical,Very Good,1,High Risk,27.5625
ID03062,Male,19,Mathematics,70.3,3.7,2.56,4.6,5,2.35,Low,Average,1,Medium Risk,31.165000000000003
ID03063,Female,20,Psychology,81.4,3.4,2.91,7.1,9,3.13,Good,Very Good,1,Low Risk,24.307499999999997
ID03064,Female,18,Computer Science,100.0,6.4,2.73,6.3,8,3.09,Excellent,Very Good,1,Low Risk,11.112499999999999
ID03065,Female,21,Economics,93.1,4.6,2.57,5.1,8,2.97,Excellent,Good,1,Low Risk,17.217500000000005
ID03066,Male,20,Engineering,57.9,2.5,3.43,8.8,10,3.08,Critical,Very Good,1,High Risk,33.9325
ID03067,Male,18,Psychology,74.7,4.0,3.53,7.6,6,3.75,Low,Excellent,1,Medium Risk,19.497500000000002
ID03068,Female,24,Mathematics,84.2,6.3,3.3,5.9,5,3.59,Good,Excellent,1,Low Risk,13.235
ID03069,Male,22,Business,88.8,2.0,2.69,7.3,4,3.09,Excellent,Very Good,1,Low Risk,28.5025
ID03070,Female,19,Computer Science,65.3,7.8,3.27,6.6,12,3.66,Low,Excellent,1,Medium Risk,22.0025
ID03071,Female,18,Economics,83.0,4.5,2.14,4.7,7,2.39,Good,Average,1,Medium Risk,25.924999999999997
ID03072,Female,19,Engineering,74.2,4.3,3.76,7.4,12,3.88,Low,Excellent,1,Medium Risk,16.51
ID03073,Male,22,Business,68.4,4.5,2.45,9.5,5,2.46,Low,Average,1,Medium Risk,29.78249999999999
ID03074,Male,18,Computer Science,88.9,9.7,2.54,9.1,7,3.0,Excellent,Very Good,1,Low Risk,17.769999999999996
ID03075,Female,21,Economics,96.6,4.0,3.16,7.2,10,3.41,Excellent,Very Good,1,Low Risk,12.88
ID03076,Female,24,Psychology,97.6,3.3,3.2,6.3,11,3.38,Excellent,Very Good,1,Low Risk,14.88
ID03077,Female,24,Economics,93.6,3.7,3.06,7.8,7,3.53,Excellent,Excellent,1,Low Risk,16.305
ID03078,Male,20,Psychology,77.5,6.8,2.54,7.4,6,2.74,Good,Good,1,Low Risk,22.9
ID03079,Male,18,Computer Science,95.7,5.8,3.67,6.8,10,4.0,Excellent,Excellent,1,Low Risk,4.8225
ID03080,Female,22,Economics,89.6,4.1,2.26,9.8,2,2.52,Excellent,Good,1,Medium Risk,23.505000000000006
ID03081,Female,18,Engineering,87.0,12.4,2.36,6.4,7,2.96,Excellent,Good,1,Medium Risk,20.2
ID03082,Female,19,Economics,75.8,5.5,3.05,8.4,8,2.92,Good,Good,1,Low Risk,19.2025
ID03083,Male,23,Computer Science,77.5,2.3,2.47,7.2,6,2.54,Good,Good,1,Medium Risk,34.3125
ID03084,Female,18,Business,86.1,1.0,3.71,7.2,11,4.0,Excellent,Excellent,1,Medium Risk,24.792500000000004
ID03085,Female,24,Business,100.0,5.8,2.51,4.5,6,2.78,Excellent,Good,1,Low Risk,13.037500000000001
ID03086,Female,24,Economics,89.5,3.4,3.88,8.7,6,4.0,Excellent,Excellent,1,Low Risk,12.175
ID03087,Male,24,Economics,75.8,1.5,3.62,8.3,5,3.39,Good,Very Good,1,Medium Risk,28.215
ID03088,Male,21,Psychology,72.5,3.8,3.72,7.3,10,3.75,Low,Excellent,1,Medium Risk,19.625
ID03089,Female,18,Computer Science,77.6,6.1,4.0,8.6,15,4.0,Good,Excellent,1,Low Risk,10.080000000000004
ID03090,Male,20,Psychology,100.0,3.6,3.14,7.6,9,3.42,Excellent,Very Good,1,Low Risk,13.124999999999998
ID03091,Male,18,Engineering,79.0,4.0,2.59,5.1,6,2.6,Good,Good,1,Low Risk,25.7875
ID03092,Female,23,Business,98.6,0.9,3.05,5.5,10,3.05,Excellent,Very Good,1,Medium Risk,25.342500000000005
ID03093,Male,24,Mathematics,79.4,5.8,2.82,6.9,13,3.14,Good,Very Good,1,Low Risk,19.595
ID03094,Female,19,Mathematics,88.9,1.3,2.75,4.5,8,2.79,Excellent,Good,1,Medium Risk,30.732499999999998
ID03095,Male,24,Computer Science,96.9,2.8,3.18,8.7,6,3.26,Excellent,Very Good,1,Low Risk,17.369999999999997
ID03096,Female,18,Computer Science,76.4,4.8,2.94,6.7,12,3.22,Good,Very Good,1,Low Risk,20.694999999999997
ID03097,Female,21,Mathematics,75.4,2.5,2.72,7.2,6,2.59,Good,Good,1,Low Risk,32.269999999999996
ID03098,Male,22,Computer Science,100.0,2.8,2.98,5.5,6,3.18,Excellent,Very Good,1,Low Risk,17.725
ID03099,Male,18,Business,99.8,4.6,3.37,8.0,10,3.68,Excellent,Excellent,1,Low Risk,7.2025000000000015
ID03100,Male,18,Engineering,96.9,4.9,3.58,6.8,3,3.81,Excellent,Excellent,1,Low Risk,5.469999999999995
ID03101,Male,20,Engineering,96.8,4.1,2.3,6.5,5,2.84,Excellent,Good,1,Medium Risk,19.915000000000006
ID03102,Female,21,Psychology,91.9,0.8,2.95,9.1,9,2.99,Excellent,Good,1,Medium Risk,29.6325
ID03103,Female,23,Business,100.0,1.1,3.03,9.0,10,3.19,Excellent,Very Good,1,Medium Risk,24.087500000000002
ID03104,Male,22,Computer Science,85.7,6.8,2.51,8.1,8,3.04,Excellent,Very Good,1,Low Risk,19.4725
ID03105,Male,24,Computer Science,93.7,3.2,3.04,7.3,6,3.37,Excellent,Very Good,1,Low Risk,18.435
ID03106,Male,19,Psychology,63.2,13.6,3.17,6.2,6,3.79,Low,Excellent,1,Medium Risk,23.822499999999998
ID03107,Female,18,Psychology,72.6,4.7,3.36,6.6,7,3.56,Low,Excellent,1,Medium Risk,19.130000000000003
ID03108,Male,23,Computer Science,67.0,11.0,3.14,6.5,9,3.49,Low,Very Good,1,Medium Risk,22.375
ID03109,Female,22,Computer Science,100.0,3.6,2.66,7.6,7,3.04,Excellent,Very Good,1,Low Risk,17.325
ID03110,Female,19,Business,46.7,3.0,4.0,7.0,7,3.58,Critical,Excellent,1,High Risk,31.985
ID03111,Female,23,Psychology,79.0,5.9,3.51,7.0,12,3.48,Good,Very Good,1,Low Risk,13.737500000000002
ID03112,Male,21,Business,40.1,7.6,3.38,9.3,6,3.4,Critical,Very Good,1,High Risk,32.379999999999995
ID03113,Female,21,Economics,72.5,3.6,3.6,8.7,9,3.37,Low,Very Good,1,Medium Risk,21.475
ID03114,Male,22,Computer Science,77.6,5.8,3.22,5.8,3,3.23,Good,Very Good,1,Low Risk,16.905
ID03115,Male,24,Mathematics,100.0,1.3,3.74,7.4,8,3.78,Excellent,Excellent,1,Medium Risk,17.075
ID03116,Female,19,Mathematics,90.9,2.3,3.13,5.8,7,3.46,Excellent,Very Good,1,Low Risk,22.5075
ID03117,Female,21,Economics,72.5,5.1,3.1,7.9,8,3.05,Low,Very Good,1,Medium Risk,20.25
ID03118,Male,22,Computer Science,100.0,3.2,3.42,9.9,9,3.74,Excellent,Excellent,1,Low Risk,12.275
ID03119,Male,21,Psychology,85.3,4.8,3.89,6.5,6,4.0,Excellent,Excellent,1,Low Risk,8.377500000000001
ID03120,Male,21,Mathematics,85.6,5.2,3.86,8.2,8,3.99,Excellent,Excellent,1,Low Risk,7.705000000000004
ID03121,Male,23,Psychology,67.0,5.7,3.4,9.4,5,3.52,Low,Excellent,1,Medium Risk,20.1
ID03122,Male,23,Mathematics,70.1,6.7,3.36,6.8,8,3.73,Low,Excellent,1,Medium Risk,19.055000000000003
ID03123,Male,21,Psychology,72.6,6.8,3.45,7.7,3,3.65,Low,Excellent,1,Medium Risk,17.142500000000002
ID03124,Male,20,Mathematics,85.7,2.0,3.59,9.6,8,3.66,Excellent,Excellent,1,Low Risk,22.0225
ID03125,Female,23,Psychology,86.2,3.7,3.75,5.6,10,4.0,Excellent,Excellent,1,Low Risk,13.597499999999998
ID03126,Female,19,Economics,100.0,3.6,2.98,5.4,12,3.06,Excellent,Very Good,1,Low Risk,14.524999999999999
ID03127,Female,22,Business,90.8,3.9,3.76,5.1,6,4.0,Excellent,Excellent,1,Low Risk,10.640000000000004
ID03128,Male,22,Psychology,44.4,3.4,3.27,8.1,8,2.84,Critical,Good,1,High Risk,37.8075
ID03129,Female,24,Business,88.9,4.1,3.43,5.5,5,3.67,Excellent,Excellent,1,Low Risk,13.582499999999996
ID03130,Female,19,Business,63.2,2.7,3.79,7.8,5,3.74,Low,Excellent,1,Medium Risk,27.597499999999997
ID03131,Female,19,Computer Science,70.5,6.5,3.47,9.0,7,3.36,Low,Very Good,1,Medium Risk,17.912499999999998
ID03132,Female,19,Economics,72.8,5.2,3.56,6.0,6,3.48,Low,Very Good,1,Medium Risk,16.09
ID03133,Female,24,Business,75.0,2.7,2.91,5.9,10,2.82,Good,Good,1,Low Risk,29.987499999999997
ID03134,Male,19,Engineering,64.4,4.1,3.85,8.0,10,3.91,Low,Excellent,1,Medium Risk,20.9325
ID03135,Male,18,Business,88.1,10.4,3.45,7.1,10,4.0,Excellent,Excellent,1,Low Risk,10.1675
ID03136,Female,24,Psychology,63.8,2.0,3.16,4.0,10,2.92,Low,Good,1,Medium Risk,35.64
ID03137,Female,22,Business,90.4,2.3,3.65,9.3,13,3.76,Excellent,Excellent,1,Low Risk,18.182499999999997
ID03138,Female,18,Psychology,100.0,6.6,4.0,7.8,7,4.0,Excellent,Excellent,1,Low Risk,0.0
ID03139,Male,24,Psychology,65.1,9.2,2.52,6.4,7,2.65,Low,Good,1,Medium Risk,28.655
ID03140,Male,21,Engineering,80.7,4.9,2.7,6.4,7,3.15,Good,Very Good,1,Low Risk,20.459999999999994
ID03141,Male,21,Business,47.1,4.3,4.0,8.1,11,3.51,Critical,Excellent,1,High Risk,26.605
ID03142,Female,22,Business,80.5,1.8,3.31,6.9,10,3.73,Good,Excellent,1,Medium Risk,27.6125
ID03143,Female,21,Mathematics,94.6,3.1,3.2,7.1,10,3.42,Excellent,Very Good,1,Low Risk,17.03
ID03144,Male,19,Mathematics,95.8,3.0,3.04,7.2,14,3.47,Excellent,Very Good,1,Low Risk,18.29
ID03145,Male,24,Computer Science,86.2,3.1,3.7,5.8,6,4.0,Excellent,Excellent,1,Low Risk,16.435
ID03146,Male,18,Psychology,98.3,2.5,4.0,6.5,6,4.0,Excellent,Excellent,1,Low Risk,10.765
ID03147,Female,19,Engineering,100.0,1.7,2.77,6.7,3,3.03,Excellent,Very Good,1,Medium Risk,23.9625
ID03148,Female,21,Mathematics,100.0,5.9,3.05,5.9,8,3.58,Excellent,Excellent,1,Low Risk,8.3125
ID03149,Female,23,Business,77.2,5.0,2.92,7.4,7,3.09,Good,Very Good,1,Low Risk,19.71
ID03150,Male,18,Computer Science,63.2,1.7,3.47,7.7,3,3.52,Low,Excellent,1,Medium Risk,34.397499999999994
ID03151,Female,19,Engineering,78.9,4.1,3.71,9.5,6,3.56,Good,Excellent,1,Low Risk,15.632499999999999
ID03152,Male,24,Economics,70.8,3.3,3.91,5.9,6,3.79,Low,Excellent,1,Medium Risk,20.727500000000003
ID03153,Female,22,Business,91.8,9.8,3.48,8.3,5,4.0,Excellent,Excellent,1,Low Risk,8.240000000000002
ID03154,Male,19,Business,67.3,8.0,4.0,9.1,8,4.0,Low,Excellent,1,Medium Risk,14.715000000000002
ID03155,Male,23,Economics,83.9,9.8,2.81,8.4,5,3.54,Good,Excellent,1,Low Risk,17.6575
ID03156,Female,21,Psychology,97.6,3.0,2.68,6.3,3,2.82,Excellent,Good,1,Low Risk,20.63
ID03157,Female,18,Psychology,83.5,1.2,3.83,6.5,4,4.0,Good,Excellent,1,Medium Risk,24.1125
ID03158,Male,22,Mathematics,70.8,1.9,3.16,9.3,4,2.83,Low,Good,1,Medium Risk,32.89
ID03159,Female,18,Mathematics,100.0,3.1,2.41,6.7,6,2.56,Excellent,Good,1,Medium Risk,21.5125
ID03160,Male,22,Business,56.8,3.5,2.94,7.0,10,2.71,Critical,Good,1,High Risk,34.715
ID03161,Male,24,Business,80.1,9.9,3.23,6.3,6,3.86,Good,Excellent,1,Low Risk,15.692500000000003
ID03162,Male,18,Mathematics,84.4,6.5,2.78,8.2,11,2.96,Good,Good,1,Low Risk,17.695
ID03163,Male,21,Economics,85.2,5.1,2.59,4.0,7,2.85,Excellent,Good,1,Low Risk,18.9975
ID03164,Male,24,Mathematics,87.7,8.0,3.0,5.8,10,3.35,Excellent,Very Good,1,Low Risk,14.285
ID03165,Male,24,Business,94.2,5.6,2.57,5.5,10,3.05,Excellent,Very Good,1,Low Risk,15.1225
ID03166,Male,22,Engineering,84.5,6.2,3.42,9.4,9,3.86,Good,Excellent,1,Low Risk,12.05
ID03167,Female,20,Business,79.5,3.3,2.13,7.3,6,2.24,Good,Average,1,Medium Risk,32.3875
ID03168,Male,18,Engineering,78.9,1.5,3.15,6.7,9,3.26,Good,Very Good,1,Medium Risk,30.932499999999997
ID03169,Female,18,Engineering,75.8,1.3,3.36,6.7,7,3.36,Good,Very Good,1,Medium Risk,31.290000000000003
ID03170,Male,19,Business,96.8,1.3,3.05,4.9,7,3.03,Excellent,Very Good,1,Medium Risk,24.552500000000002
ID03171,Female,22,Computer Science,75.3,5.9,3.65,9.0,8,3.87,Good,Excellent,1,Low Risk,14.177500000000002
ID03172,Male,23,Mathematics,97.7,2.4,2.41,6.5,8,2.53,Excellent,Good,1,Medium Risk,25.347499999999997
ID03173,Male,20,Psychology,85.3,3.3,2.75,7.9,10,2.94,Excellent,Good,1,Low Risk,24.352500000000003
ID03174,Male,21,Business,77.2,1.6,2.93,6.0,7,2.77,Good,Good,1,Medium Risk,33.2225
ID03175,Male,19,Engineering,94.3,7.5,3.46,6.9,5,3.86,Excellent,Excellent,1,Low Risk,7.290000000000001
ID03176,Male,20,Business,74.1,4.0,3.21,5.6,11,2.97,Low,Good,1,Medium Risk,22.567500000000003
ID03177,Female,22,Mathematics,94.6,4.6,4.0,6.6,5,4.0,Excellent,Excellent,1,Low Risk,4.030000000000005
ID03178,Female,20,Economics,88.2,4.9,2.7,8.6,4,3.07,Excellent,Very Good,1,Low Risk,17.084999999999994
ID03179,Female,24,Engineering,76.1,5.3,2.4,7.2,5,2.48,Good,Average,1,Medium Risk,24.755000000000003
ID03180,Female,18,Psychology,92.9,7.7,3.99,7.6,13,4.0,Excellent,Excellent,1,Low Risk,3.2824999999999958
ID03181,Male,24,Psychology,93.2,6.0,2.38,7.1,9,2.98,Excellent,Good,1,Medium Risk,17.235
ID03182,Male,18,Psychology,100.0,2.1,3.44,9.4,6,3.55,Excellent,Excellent,1,Low Risk,16.5
ID03183,Male,19,Economics,99.5,2.3,2.61,5.8,10,2.91,Excellent,Good,1,Low Risk,23.1875
ID03184,Male,22,Computer Science,92.4,14.0,2.07,6.8,9,2.79,Excellent,Good,1,Medium Risk,20.3075
ID03185,Male,22,Engineering,68.1,6.9,2.91,7.3,12,3.04,Low,Very Good,1,Medium Risk,23.8925
ID03186,Male,20,Economics,100.0,12.6,3.55,5.5,8,4.0,Excellent,Excellent,1,Low Risk,3.937500000000001
ID03187,Male,19,Engineering,63.9,3.5,2.49,7.2,9,2.33,Low,Average,1,Medium Risk,35.457499999999996
ID03188,Male,22,Economics,99.2,9.2,3.39,7.0,9,4.0,Excellent,Excellent,1,Low Risk,5.697499999999997
ID03189,Female,23,Economics,91.5,5.4,3.48,7.2,10,3.86,Excellent,Excellent,1,Low Risk,8.375
ID03190,Female,23,Computer Science,67.4,4.8,2.46,7.2,5,2.74,Low,Good,1,Medium Risk,28.944999999999997
ID03191,Male,24,Engineering,83.1,4.1,2.99,6.0,11,3.43,Good,Very Good,1,Low Risk,20.0425
ID03192,Female,18,Economics,83.8,6.4,3.89,4.6,9,4.0,Good,Excellent,1,Low Risk,8.252500000000001
ID03193,Female,20,Computer Science,100.0,5.5,3.43,7.3,7,3.68,Excellent,Excellent,1,Low Risk,4.987499999999998
ID03194,Male,21,Business,74.3,3.6,2.97,5.7,11,2.99,Low,Good,1,Medium Risk,26.177500000000002
ID03195,Male,18,Mathematics,81.1,2.8,3.31,6.9,5,3.75,Good,Excellent,1,Low Risk,23.342500000000005
ID03196,Male,19,Economics,50.0,3.7,2.76,5.9,5,2.59,Critical,Good,1,High Risk,38.55
ID03197,Female,22,Psychology,100.0,4.0,3.66,4.8,9,3.72,Excellent,Excellent,1,Low Risk,6.974999999999999
ID03198,Female,18,Computer Science,68.9,3.2,3.66,7.5,9,3.5,Low,Excellent,1,Medium Risk,24.169999999999995
ID03199,Male,21,Computer Science,89.9,2.3,3.16,8.1,3,3.42,Excellent,Very Good,1,Low Risk,22.694999999999997
ID03200,Male,21,Economics,83.5,4.2,3.22,8.7,5,3.3,Good,Very Good,1,Low Risk,17.45
ID03201,Female,23,Computer Science,83.5,5.1,2.6,6.3,9,2.81,Good,Good,1,Low Risk,19.675
ID03202,Male,19,Business,97.1,4.7,2.42,7.1,13,2.82,Excellent,Good,1,Medium Risk,16.330000000000002
ID03203,Male,18,Computer Science,100.0,1.9,2.91,7.5,5,3.17,Excellent,Very Good,1,Medium Risk,21.9375
ID03204,Female,20,Mathematics,88.8,9.8,3.06,8.5,7,3.65,Excellent,Excellent,1,Low Risk,13.265
ID03205,Female,18,Mathematics,94.8,11.1,3.63,4.4,11,4.0,Excellent,Excellent,1,Low Risk,5.577500000000002
ID03206,Female,23,Psychology,89.9,5.8,3.56,4.8,5,3.9,Excellent,Excellent,1,Low Risk,8.394999999999996
ID03207,Female,24,Business,100.0,6.5,3.19,9.1,6,3.48,Excellent,Very Good,1,Low Risk,7.0874999999999995
ID03208,Female,21,Mathematics,78.1,4.6,3.7,4.5,8,3.78,Good,Excellent,1,Low Risk,14.080000000000002
ID03209,Male,19,Economics,100.0,5.0,2.63,8.4,7,2.87,Excellent,Good,1,Low Risk,11.987499999999999
ID03210,Female,19,Engineering,100.0,1.2,3.64,9.0,6,3.69,Excellent,Excellent,1,Medium Risk,18.35
ID03211,Male,20,Engineering,100.0,3.8,2.7,8.2,9,3.0,Excellent,Very Good,1,Low Risk,16.174999999999997
ID03212,Female,19,Engineering,75.1,3.9,3.72,5.5,5,3.73,Good,Excellent,1,Low Risk,18.055000000000003
ID03213,Male,23,Economics,82.5,10.9,3.09,5.7,3,3.51,Good,Excellent,1,Low Risk,15.8375
ID03214,Female,23,Computer Science,88.6,3.4,2.1,6.9,10,2.47,Excellent,Average,1,Medium Risk,28.155
ID03215,Male,23,Economics,64.4,9.7,3.47,9.6,9,3.77,Low,Excellent,1,Medium Risk,20.6575
ID03216,Male,19,Computer Science,100.0,4.1,3.5,9.6,9,3.74,Excellent,Excellent,1,Low Risk,7.975000000000001
ID03217,Male,19,Engineering,84.8,3.1,2.87,7.4,9,3.31,Good,Very Good,1,Low Risk,24.3275
ID03218,Male,23,Psychology,89.3,1.3,2.91,4.6,14,2.83,Excellent,Good,1,Medium Risk,29.1525
ID03219,Female,19,Psychology,76.3,4.9,3.02,7.2,7,3.3,Good,Very Good,1,Low Risk,19.64
ID03220,Female,19,Computer Science,65.1,2.5,2.14,6.7,4,2.07,Low,Average,1,Medium Risk,41.980000000000004
ID03221,Male,21,Engineering,75.9,1.4,1.92,7.0,5,1.88,Good,Poor,0,High Risk,43.44499999999999
ID03222,Male,18,Economics,88.3,5.8,3.75,4.5,10,3.9,Excellent,Excellent,1,Low Risk,7.4525000000000015
ID03223,Male,22,Psychology,95.1,5.0,2.69,7.4,7,3.17,Excellent,Very Good,1,Low Risk,13.6675
ID03224,Male,19,Computer Science,87.4,5.3,4.0,4.7,10,4.0,Excellent,Excellent,1,Low Risk,5.669999999999997
ID03225,Male,22,Economics,90.2,4.1,3.79,4.0,6,4.0,Excellent,Excellent,1,Low Risk,9.8475
ID03226,Female,24,Engineering,79.9,2.6,3.88,7.3,12,3.83,Good,Excellent,1,Low Risk,19.695
ID03227,Male,22,Business,92.4,2.1,2.77,9.9,6,3.01,Excellent,Very Good,1,Low Risk,25.7825
ID03228,Male,21,Engineering,100.0,9.0,2.3,5.7,13,2.63,Excellent,Good,1,Medium Risk,14.875000000000002
ID03229,Male,19,Engineering,95.6,6.1,2.56,6.3,7,2.84,Excellent,Good,1,Low Risk,14.580000000000002
ID03230,Male,23,Economics,97.1,7.0,2.88,8.3,8,3.46,Excellent,Very Good,1,Low Risk,11.105000000000004
ID03231,Male,22,Economics,89.4,3.7,1.91,8.7,8,2.05,Excellent,Average,1,High Risk,28.257499999999997
ID03232,Female,19,Mathematics,62.5,2.4,2.86,7.2,13,2.99,Low,Good,1,Medium Risk,37.25
ID03233,Male,20,Mathematics,69.3,2.3,3.0,5.9,9,2.7,Low,Good,1,Medium Risk,33.365
ID03234,Male,24,Economics,91.8,4.3,2.45,9.0,7,2.77,Excellent,Good,1,Medium Risk,20.0525
ID03235,Male,23,Economics,84.8,2.5,2.58,5.2,5,2.78,Good,Good,1,Low Risk,29.265
ID03236,Male,20,Business,91.6,1.1,2.99,6.2,9,3.38,Excellent,Very Good,1,Medium Risk,28.2175
ID03237,Male,20,Business,100.0,5.6,3.28,7.9,8,3.67,Excellent,Excellent,1,Low Risk,6.300000000000001
ID03238,Female,22,Engineering,95.9,7.0,2.65,4.6,8,2.87,Excellent,Good,1,Low Risk,13.657499999999997
ID03239,Female,20,Psychology,100.0,2.9,3.25,7.6,8,3.53,Excellent,Excellent,1,Low Risk,14.962500000000002
ID03240,Female,21,Business,86.4,1.4,3.17,8.7,7,3.42,Excellent,Very Good,1,Medium Risk,27.7825
ID03241,Male,21,Engineering,72.9,4.5,3.12,9.5,3,2.92,Low,Good,1,Medium Risk,21.894999999999996
ID03242,Male,22,Computer Science,84.1,3.7,2.77,6.4,6,2.92,Good,Good,1,Low Risk,23.117500000000003
ID03243,Male,19,Mathematics,72.9,3.2,2.43,6.3,9,2.57,Low,Good,1,Medium Risk,33.1325
ID03244,Female,18,Psychology,100.0,5.2,3.95,8.1,6,4.0,Excellent,Excellent,1,Low Risk,0.43749999999999845
ID03245,Female,19,Engineering,96.9,4.4,3.42,6.1,6,3.67,Excellent,Excellent,1,Low Risk,8.869999999999997
ID03246,Male,19,Economics,92.8,5.1,3.6,6.5,5,4.0,Excellent,Excellent,1,Low Risk,6.74
ID03247,Male,19,Computer Science,100.0,4.2,3.06,7.5,12,3.25,Excellent,Very Good,1,Low Risk,11.424999999999999
ID03248,Male,19,Mathematics,54.7,2.5,3.02,7.6,7,2.8,Critical,Good,1,High Risk,38.959999999999994
ID03249,Female,23,Computer Science,93.8,2.4,3.35,4.1,7,3.44,Excellent,Very Good,1,Low Risk,18.877499999999998
ID03250,Female,18,Engineering,65.3,4.1,2.18,5.3,10,2.03,Low,Average,1,Medium Risk,35.14
ID03251,Male,23,Business,84.9,6.7,2.54,4.3,10,3.0,Good,Very Good,1,Low Risk,19.569999999999997
ID03252,Male,20,Mathematics,80.3,4.3,2.7,4.5,10,3.13,Good,Very Good,1,Low Risk,23.04
ID03253,Female,24,Computer Science,94.9,2.7,2.87,5.3,11,2.87,Excellent,Good,1,Low Risk,21.382499999999997
ID03254,Male,19,Business,88.4,4.5,2.66,6.7,12,2.89,Excellent,Good,1,Low Risk,18.944999999999997
ID03255,Male,24,Psychology,100.0,4.6,3.27,6.8,9,3.55,Excellent,Excellent,1,Low Risk,7.987500000000001
ID03256,Male,21,Engineering,76.0,2.5,3.14,4.0,8,3.19,Good,Very Good,1,Low Risk,28.325
ID03257,Female,22,Engineering,95.6,11.0,3.8,5.6,13,4.0,Excellent,Excellent,1,Low Risk,3.730000000000004
ID03258,Male,22,Mathematics,87.4,6.5,4.0,4.7,9,4.0,Excellent,Excellent,1,Low Risk,5.669999999999997
ID03259,Male,23,Computer Science,60.5,3.7,2.47,6.7,7,2.46,Low,Average,1,Medium Risk,36.3625
ID03260,Female,23,Psychology,71.2,10.6,3.17,6.0,8,3.44,Low,Very Good,1,Medium Risk,20.222499999999997
ID03261,Male,21,Economics,82.8,4.9,3.17,8.9,10,3.34,Good,Very Good,1,Low Risk,15.4025
ID03262,Male,19,Mathematics,100.0,4.7,3.09,6.8,5,3.63,Excellent,Excellent,1,Low Risk,9.1625
ID03263,Male,24,Economics,92.0,8.5,2.56,6.1,13,3.03,Excellent,Very Good,1,Low Risk,16.2
ID03264,Male,24,Mathematics,67.5,6.5,2.64,6.6,14,2.83,Low,Good,1,Medium Risk,26.525
ID03265,Female,18,Computer Science,82.9,5.3,3.22,6.0,7,3.57,Good,Excellent,1,Low Risk,14.519999999999996
ID03266,Male,20,Psychology,100.0,3.2,2.63,9.0,11,2.84,Excellent,Good,1,Low Risk,19.1875
ID03267,Male,22,Computer Science,86.7,4.1,3.18,6.5,6,3.47,Excellent,Very Good,1,Low Risk,16.759999999999998
ID03268,Female,20,Engineering,80.1,3.7,2.98,7.7,4,3.23,Good,Very Good,1,Low Risk,23.080000000000002
ID03269,Female,18,Economics,92.4,2.7,3.17,8.2,6,3.33,Excellent,Very Good,1,Low Risk,19.8825
ID03270,Female,23,Business,96.5,13.0,2.62,6.0,4,3.35,Excellent,Very Good,1,Low Risk,13.649999999999999
ID03271,Male,24,Engineering,78.2,6.6,3.18,4.3,13,3.4,Good,Very Good,1,Low Risk,16.984999999999996
ID03272,Male,22,Engineering,92.5,3.6,2.66,6.3,3,3.02,Excellent,Very Good,1,Low Risk,20.7
ID03273,Female,20,Economics,80.1,5.0,3.18,8.0,11,3.45,Good,Very Good,1,Low Risk,16.130000000000003
ID03274,Male,23,Mathematics,95.8,3.7,3.77,4.5,8,3.9,Excellent,Excellent,1,Low Risk,9.1025
ID03275,Female,18,Engineering,87.5,2.5,3.23,7.4,7,3.33,Excellent,Very Good,1,Low Risk,22.3625
ID03276,Female,20,Psychology,92.2,1.1,3.26,8.3,2,3.28,Excellent,Very Good,1,Medium Risk,25.585
ID03277,Female,24,Engineering,73.6,5.3,3.51,9.1,4,3.59,Low,Excellent,1,Medium Risk,16.167500000000004
ID03278,Male,19,Psychology,72.7,4.1,2.4,8.0,11,2.33,Low,Average,1,Medium Risk,29.884999999999998
ID03279,Male,23,Computer Science,99.2,7.6,3.96,7.4,6,4.0,Excellent,Excellent,1,Low Risk,0.7099999999999991
ID03280,Female,18,Mathematics,83.8,2.9,2.57,7.3,12,2.79,Good,Good,1,Low Risk,28.202500000000004
ID03281,Male,20,Psychology,89.3,7.6,3.54,5.2,9,4.0,Excellent,Excellent,1,Low Risk,8.84
ID03282,Male,24,Engineering,80.4,8.1,3.47,5.6,11,3.91,Good,Excellent,1,Low Risk,13.457499999999996
ID03283,Female,19,Mathematics,98.5,1.5,2.65,4.4,9,2.71,Excellent,Good,1,Medium Risk,26.4875
ID03284,Female,19,Mathematics,75.9,7.0,3.6,7.1,8,3.95,Good,Excellent,1,Low Risk,14.344999999999995
ID03285,Male,18,Psychology,83.0,6.4,3.35,7.7,10,3.81,Good,Excellent,1,Low Risk,13.337499999999999
ID03286,Male,21,Psychology,96.8,3.9,4.0,7.2,4,4.0,Excellent,Excellent,1,Low Risk,5.8400000000000025
ID03287,Male,24,Business,100.0,7.5,3.2,7.4,6,3.54,Excellent,Excellent,1,Low Risk,6.999999999999998
ID03288,Female,24,Business,77.1,6.8,3.05,8.1,12,3.2,Good,Very Good,1,Low Risk,18.617500000000003
ID03289,Female,22,Mathematics,100.0,4.4,2.84,5.0,6,3.09,Excellent,Very Good,1,Low Risk,12.549999999999999
ID03290,Male,18,Economics,89.7,1.4,2.23,7.1,6,2.31,Excellent,Average,1,Medium Risk,34.5225
ID03291,Male,19,Economics,69.4,3.5,2.94,7.4,12,2.86,Low,Good,1,Medium Risk,29.044999999999995
ID03292,Female,19,Business,90.5,7.1,2.96,6.3,6,3.35,Excellent,Very Good,1,Low Risk,13.375
ID03293,Male,18,Engineering,79.3,4.9,3.23,4.0,11,3.07,Good,Very Good,1,Low Risk,16.4525
ID03294,Male,21,Computer Science,91.5,3.1,2.39,5.5,8,2.57,Excellent,Good,1,Medium Risk,25.5125
ID03295,Female,22,Mathematics,84.4,4.2,2.98,6.2,10,3.29,Good,Very Good,1,Low Risk,19.144999999999996
ID03296,Male,20,Computer Science,86.1,4.4,3.39,7.2,3,3.7,Excellent,Excellent,1,Low Risk,13.9925
ID03297,Female,18,Business,71.3,2.4,3.44,7.1,11,3.31,Low,Very Good,1,Medium Risk,28.215000000000003
ID03298,Male,22,Psychology,99.9,3.0,2.17,9.9,10,2.34,Excellent,Average,1,Medium Risk,24.057499999999997
ID03299,Male,24,Mathematics,67.7,12.5,3.45,8.4,7,3.84,Low,Excellent,1,Medium Risk,19.347499999999997
ID03300,Female,22,Business,68.4,0.6,2.98,7.0,11,2.9,Low,Good,1,Medium Risk,40.745000000000005
ID03301,Male,23,Engineering,90.5,4.2,3.01,7.2,8,3.26,Excellent,Very Good,1,Low Risk,16.137500000000003
ID03302,Female,19,Mathematics,100.0,7.1,1.92,8.9,5,2.42,Excellent,Average,1,High Risk,18.2
ID03303,Female,20,Mathematics,79.7,4.1,3.85,9.0,4,3.62,Good,Excellent,1,Low Risk,14.0475
ID03304,Male,18,Economics,95.5,2.8,3.19,7.5,6,3.58,Excellent,Excellent,1,Low Risk,17.9125
ID03305,Male,19,Psychology,100.0,3.3,2.33,9.6,13,2.46,Excellent,Average,1,Medium Risk,21.4125
ID03306,Male,23,Mathematics,97.2,10.7,3.29,5.7,9,3.82,Excellent,Excellent,1,Low Risk,7.472499999999998
ID03307,Male,23,Psychology,80.3,6.0,3.27,7.0,14,3.75,Good,Excellent,1,Low Risk,15.252500000000001
ID03308,Male,19,Business,68.6,5.7,3.71,10.0,10,3.79,Low,Excellent,1,Medium Risk,16.667500000000004
ID03309,Male,21,Engineering,51.9,3.9,2.95,8.1,6,2.56,Critical,Good,1,High Risk,35.232499999999995
ID03310,Male,22,Engineering,81.1,4.7,3.11,6.8,8,3.67,Good,Excellent,1,Low Risk,17.492500000000003
ID03311,Female,18,Mathematics,100.0,2.1,2.78,7.2,7,3.18,Excellent,Very Good,1,Low Risk,22.275
ID03312,Female,18,Mathematics,68.1,11.1,3.4,7.3,8,3.7,Low,Excellent,1,Medium Risk,19.605000000000004
ID03313,Female,18,Business,95.5,6.2,2.71,9.5,8,3.11,Excellent,Very Good,1,Low Risk,13.3125
ID03314,Male,19,Economics,70.7,4.2,2.65,8.2,10,2.7,Low,Good,1,Medium Risk,28.197499999999998
ID03315,Male,24,Economics,86.6,4.5,3.07,6.9,9,3.33,Excellent,Very Good,1,Low Risk,16.167500000000004
ID03316,Female,21,Economics,95.6,5.5,2.49,4.5,5,2.62,Excellent,Good,1,Medium Risk,15.192499999999999
ID03317,Male,20,Psychology,75.1,2.1,3.9,5.9,8,3.95,Good,Excellent,1,Low Risk,23.680000000000003
ID03318,Male,23,Economics,87.6,3.4,4.0,7.1,6,4.0,Excellent,Excellent,1,Low Risk,11.980000000000004
ID03319,Female,19,Engineering,78.8,2.2,2.87,6.8,13,2.76,Good,Good,1,Low Risk,30.627499999999998
ID03320,Female,24,Psychology,95.6,6.2,2.41,8.6,4,2.67,Excellent,Good,1,Medium Risk,15.892500000000002
ID03321,Male,20,Business,88.5,1.7,3.27,6.7,9,3.37,Excellent,Very Good,1,Medium Risk,24.762499999999996
ID03322,Male,23,Engineering,85.8,2.3,2.86,8.3,10,3.1,Excellent,Very Good,1,Low Risk,27.165000000000003
ID03323,Female,23,Engineering,100.0,6.6,3.69,4.8,4,4.0,Excellent,Excellent,1,Low Risk,2.7125000000000004
ID03324,Female,21,Computer Science,94.9,4.7,2.71,6.2,6,3.06,Excellent,Very Good,1,Low Risk,14.782499999999997
ID03325,Female,22,Business,74.6,10.1,3.37,8.0,8,3.62,Low,Excellent,1,Medium Risk,16.942500000000003
ID03326,Female,18,Business,83.7,3.4,3.16,10.0,4,3.36,Good,Very Good,1,Low Risk,21.084999999999997
ID03327,Female,20,Computer Science,83.9,3.8,2.76,6.8,11,3.11,Good,Very Good,1,Low Risk,22.895
ID03328,Male,19,Psychology,86.2,8.9,3.22,8.2,16,3.43,Excellent,Very Good,1,Low Risk,13.034999999999997
ID03329,Male,20,Economics,100.0,7.6,3.54,9.0,8,3.95,Excellent,Excellent,1,Low Risk,4.0249999999999995
ID03330,Female,22,Economics,90.6,6.7,3.14,8.4,9,3.33,Excellent,Very Good,1,Low Risk,11.755000000000003
ID03331,Female,18,Economics,54.5,2.6,3.15,8.1,3,2.72,Critical,Good,1,High Risk,37.5125
ID03332,Female,20,Economics,76.9,2.7,2.66,6.5,6,2.58,Good,Good,1,Low Risk,31.32
ID03333,Male,22,Economics,56.0,4.0,3.67,9.3,7,3.34,Critical,Very Good,1,High Risk,26.6875
ID03334,Male,19,Computer Science,80.1,3.9,3.62,5.0,5,3.69,Good,Excellent,1,Low Risk,16.680000000000003
ID03335,Female,21,Business,55.2,2.6,2.89,5.1,9,2.62,Critical,Good,1,High Risk,39.4725
ID03336,Female,24,Psychology,71.9,3.3,3.04,9.8,9,3.11,Low,Very Good,1,Medium Risk,27.844999999999995
ID03337,Female,23,Engineering,62.2,4.0,3.81,7.5,9,3.89,Low,Excellent,1,Medium Risk,22.672499999999996
ID03338,Female,19,Economics,90.8,7.4,2.53,5.1,7,3.04,Excellent,Very Good,1,Low Risk,17.002500000000005
ID03339,Female,18,Computer Science,85.0,8.5,3.4,4.8,5,3.85,Excellent,Excellent,1,Low Risk,12.0
ID03340,Female,23,Psychology,89.5,6.0,2.82,4.8,9,3.21,Excellent,Very Good,1,Low Risk,15.05
ID03341,Female,24,Psychology,83.4,1.5,3.99,10.0,7,4.0,Good,Excellent,1,Medium Risk,21.557499999999997
ID03342,Female,19,Psychology,64.1,7.9,3.13,6.9,9,3.32,Low,Very Good,1,Medium Risk,23.767500000000005
ID03343,Female,19,Computer Science,92.7,6.0,3.73,6.2,6,4.0,Excellent,Excellent,1,Low Risk,5.647499999999999
ID03344,Male,19,Engineering,100.0,6.8,2.72,9.4,4,3.15,Excellent,Very Good,1,Low Risk,11.199999999999998
ID03345,Male,19,Economics,91.1,2.7,2.48,7.4,9,2.96,Excellent,Good,1,Medium Risk,26.505000000000003
ID03346,Female,23,Psychology,78.6,9.1,2.98,6.5,8,3.26,Good,Very Good,1,Low Risk,18.555
ID03347,Male,18,Computer Science,63.6,3.7,3.23,8.6,7,2.98,Low,Good,1,Medium Risk,28.3175
ID03348,Male,24,Business,71.4,2.6,2.84,7.9,9,2.74,Low,Good,1,Medium Risk,32.62
ID03349,Male,22,Computer Science,91.8,6.3,3.48,7.9,9,4.0,Excellent,Excellent,1,Low Risk,8.240000000000002
ID03350,Male,20,Computer Science,100.0,4.0,3.0,6.6,7,3.51,Excellent,Excellent,1,Low Risk,12.75
ID03351,Male,21,Computer Science,88.9,5.9,2.06,5.7,7,2.45,Excellent,Average,1,Medium Risk,21.969999999999995
ID03352,Male,24,Psychology,97.0,3.3,3.38,5.5,9,3.58,Excellent,Excellent,1,Low Risk,13.575000000000001
ID03353,Female,20,Computer Science,95.6,2.0,2.66,7.2,4,2.74,Excellent,Good,1,Low Risk,25.705000000000002
ID03354,Male,20,Business,92.6,3.3,2.92,7.0,6,3.09,Excellent,Very Good,1,Low Risk,19.580000000000002
ID03355,Male,21,Psychology,75.1,1.7,3.88,7.7,8,3.64,Good,Excellent,1,Medium Risk,25.455000000000002
ID03356,Male,24,Business,87.6,6.1,3.99,6.4,17,4.0,Excellent,Excellent,1,Low Risk,5.6675
ID03357,Female,23,Mathematics,72.3,0.7,2.81,8.9,10,2.73,Low,Good,1,Medium Risk,40.0775
ID03358,Male,18,Computer Science,85.3,7.7,3.39,5.0,6,3.69,Excellent,Excellent,1,Low Risk,11.9525
ID03359,Female,21,Economics,90.0,1.8,2.82,7.6,11,2.99,Excellent,Good,1,Medium Risk,27.625
ID03360,Female,18,Economics,100.0,7.1,2.96,5.6,8,3.36,Excellent,Very Good,1,Low Risk,9.1
ID03361,Female,23,Psychology,65.4,5.6,2.8,6.6,7,2.79,Low,Good,1,Medium Risk,26.07
ID03362,Male,20,Economics,92.2,1.0,2.24,5.6,14,2.31,Excellent,Average,1,Medium Risk,34.91
ID03363,Female,18,Psychology,100.0,4.6,3.15,6.4,5,3.72,Excellent,Excellent,1,Low Risk,9.037500000000001
ID03364,Male,23,Computer Science,96.4,1.7,3.24,5.4,8,3.46,Excellent,Very Good,1,Medium Risk,21.46999999999999
ID03365,Female,23,Engineering,97.5,4.7,2.76,5.5,10,2.91,Excellent,Good,1,Low Risk,13.175
ID03366,Female,22,Engineering,93.8,2.8,3.64,8.4,8,3.67,Excellent,Excellent,1,Low Risk,14.740000000000002
ID03367,Male,21,Business,100.0,1.0,2.88,4.9,10,2.96,Excellent,Good,1,Medium Risk,25.8
ID03368,Male,22,Computer Science,68.7,5.5,2.78,8.0,14,3.1,Low,Very Good,1,Medium Risk,24.759999999999998
ID03369,Male,20,Economics,64.2,3.9,3.36,8.3,5,3.42,Low,Very Good,1,Medium Risk,26.110000000000003
ID03370,Female,21,Computer Science,84.9,4.2,2.33,8.1,6,2.51,Good,Good,1,Medium Risk,24.607499999999995
ID03371,Male,20,Mathematics,52.6,1.1,3.55,7.0,10,2.97,Critical,Good,1,High Risk,40.8675
ID03372,Female,22,Engineering,100.0,1.0,2.9,5.4,8,2.96,Excellent,Good,1,Medium Risk,25.625
ID03373,Male,24,Economics,100.0,3.5,3.59,4.7,7,3.68,Excellent,Excellent,1,Low Risk,9.5875
ID03374,Female,23,Engineering,78.5,7.0,3.74,5.2,10,3.71,Good,Excellent,1,Low Risk,11.95
ID03375,Female,20,Computer Science,79.4,6.1,3.42,5.2,10,3.34,Good,Very Good,1,Low Risk,14.344999999999999
ID03376,Female,21,Economics,83.9,5.4,2.69,7.4,9,3.2,Good,Very Good,1,Low Risk,18.707499999999996
ID03377,Female,21,Business,85.8,8.3,2.47,4.9,6,2.75,Excellent,Good,1,Medium Risk,19.7775
ID03378,Male,20,Computer Science,86.9,2.8,2.38,6.7,2,2.7,Excellent,Good,1,Medium Risk,28.869999999999997
ID03379,Male,21,Business,93.4,5.6,3.65,7.1,6,4.0,Excellent,Excellent,1,Low Risk,6.032499999999998
ID03380,Female,23,Economics,82.4,1.3,3.03,6.5,10,3.11,Good,Very Good,1,Medium Risk,31.2075
ID03381,Male,24,Engineering,99.1,12.9,2.8,6.6,6,3.75,Excellent,Excellent,1,Low Risk,10.905000000000003
ID03382,Male,23,Mathematics,91.7,2.5,3.03,8.9,8,3.04,Excellent,Very Good,1,Low Risk,22.2225
ID03383,Male,21,Psychology,75.9,5.3,3.64,7.7,6,3.83,Good,Excellent,1,Low Risk,13.994999999999996
ID03384,Male,20,Engineering,100.0,10.0,3.49,8.1,7,3.91,Excellent,Excellent,1,Low Risk,4.462499999999998
ID03385,Male,22,Business,64.6,3.3,3.32,6.4,9,3.46,Low,Very Good,1,Medium Risk,28.680000000000003
ID03386,Female,21,Computer Science,83.6,5.3,3.42,8.2,9,3.76,Good,Excellent,1,Low Risk,12.455000000000002
ID03387,Male,21,Economics,99.5,4.6,3.19,7.5,11,3.61,Excellent,Excellent,1,Low Risk,8.912500000000001
ID03388,Female,21,Engineering,74.2,3.2,3.25,7.3,10,3.2,Low,Very Good,1,Medium Risk,25.3725
ID03389,Male,21,Mathematics,89.6,2.7,3.21,6.4,6,3.41,Excellent,Very Good,1,Low Risk,20.792500000000004
ID03390,Female,20,Economics,93.2,1.8,3.1,7.4,8,3.33,Excellent,Very Good,1,Medium Risk,23.735
ID03391,Male,22,Business,72.1,0.4,3.48,10.0,7,3.35,Low,Very Good,1,Medium Risk,35.50500000000001
ID03392,Female,22,Economics,83.9,3.7,3.28,7.9,5,3.48,Good,Very Good,1,Low Risk,18.744999999999997
ID03393,Female,18,Economics,82.7,2.6,2.66,9.6,8,2.97,Good,Good,1,Low Risk,29.11
ID03394,Male,21,Computer Science,76.7,2.5,3.36,4.2,8,3.23,Good,Very Good,1,Low Risk,26.085
ID03395,Female,21,Psychology,100.0,5.8,3.22,7.1,10,3.64,Excellent,Excellent,1,Low Risk,6.824999999999998
ID03396,Female,18,Business,73.6,4.4,3.41,8.2,11,3.19,Low,Very Good,1,Medium Risk,19.4425
ID03397,Female,22,Computer Science,100.0,7.3,3.05,7.6,8,3.41,Excellent,Very Good,1,Low Risk,8.3125
ID03398,Female,19,Psychology,79.1,3.1,3.51,7.8,5,3.49,Good,Very Good,1,Low Risk,21.292500000000004
ID03399,Male,23,Computer Science,68.7,1.9,3.07,6.4,12,3.21,Low,Very Good,1,Medium Risk,34.6225
ID03400,Female,19,Psychology,86.5,5.8,3.46,8.8,8,3.7,Excellent,Excellent,1,Low Risk,10.8
ID03401,Male,22,Psychology,94.7,6.0,2.87,4.6,5,3.02,Excellent,Very Good,1,Low Risk,12.272499999999997
ID03402,Male,24,Psychology,98.8,4.9,2.91,6.8,7,3.28,Excellent,Very Good,1,Low Risk,10.477499999999997
ID03403,Female,21,Computer Science,100.0,2.4,3.4,7.2,12,3.48,Excellent,Very Good,1,Low Risk,15.65
ID03404,Male,19,Economics,100.0,4.2,2.93,6.1,7,3.22,Excellent,Very Good,1,Low Risk,12.562499999999998
ID03405,Female,20,Psychology,88.8,1.9,4.0,7.0,8,4.0,Excellent,Excellent,1,Medium Risk,17.44
ID03406,Female,20,Economics,75.1,2.6,3.38,4.1,10,3.06,Good,Very Good,1,Low Risk,26.230000000000004
ID03407,Female,18,Business,91.8,7.8,3.11,5.1,12,3.66,Excellent,Excellent,1,Low Risk,11.477500000000003
ID03408,Female,22,Mathematics,81.0,3.0,3.51,8.9,6,3.88,Good,Excellent,1,Low Risk,20.837500000000002
ID03409,Male,22,Economics,98.9,6.8,2.86,7.4,9,3.55,Excellent,Excellent,1,Low Risk,10.469999999999999
ID03410,Male,19,Mathematics,65.5,5.0,3.56,6.4,12,3.66,Low,Excellent,1,Medium Risk,19.375
ID03411,Male,21,Psychology,100.0,9.8,3.55,8.5,4,4.0,Excellent,Excellent,1,Low Risk,3.937500000000001
ID03412,Male,22,Mathematics,97.8,4.9,3.73,9.1,9,4.0,Excellent,Excellent,1,Low Risk,3.7524999999999995
ID03413,Male,19,Mathematics,59.7,4.7,2.88,9.7,9,2.66,Critical,Good,1,High Risk,29.134999999999998
ID03414,Male,19,Psychology,74.4,1.3,2.49,4.2,5,2.26,Low,Average,1,Medium Risk,39.5325
ID03415,Female,23,Economics,97.2,2.6,2.79,9.1,11,3.0,Excellent,Very Good,1,Low Risk,21.447499999999998
ID03416,Female,23,Psychology,100.0,3.5,2.96,5.3,4,3.31,Excellent,Very Good,1,Low Risk,15.1
ID03417,Male,22,Business,65.9,12.0,3.93,7.5,6,4.0,Low,Excellent,1,Medium Risk,15.957499999999996
ID03418,Female,19,Engineering,95.7,2.7,4.0,7.9,8,4.0,Excellent,Excellent,1,Low Risk,11.135
ID03419,Male,18,Computer Science,55.8,1.9,3.27,9.4,12,2.83,Critical,Good,1,High Risk,38.6775
ID03420,Male,18,Psychology,83.7,1.5,3.1,7.7,4,3.39,Good,Very Good,1,Medium Risk,29.209999999999997
ID03421,Female,23,Psychology,100.0,1.3,2.93,7.4,6,3.17,Excellent,Very Good,1,Medium Risk,24.1625
ID03422,Female,22,Mathematics,76.7,12.2,3.51,5.7,2,3.91,Good,Excellent,1,Low Risk,14.7725
ID03423,Female,21,Business,62.4,4.5,4.0,4.5,10,3.93,Low,Excellent,1,Medium Risk,18.92
ID03424,Male,24,Mathematics,87.2,2.1,3.99,5.7,11,4.0,Excellent,Excellent,1,Low Risk,17.447499999999998
ID03425,Female,18,Economics,75.9,8.4,3.67,9.1,7,3.66,Good,Excellent,1,Low Risk,13.732499999999998
ID03426,Female,18,Psychology,94.4,10.6,3.66,7.0,7,4.0,Excellent,Excellent,1,Low Risk,5.494999999999996
ID03427,Female,23,Psychology,71.7,2.2,3.52,9.5,8,3.36,Low,Very Good,1,Medium Risk,28.134999999999998
ID03428,Female,23,Mathematics,73.4,3.1,3.08,5.9,8,3.16,Low,Very Good,1,Medium Risk,27.619999999999997
ID03429,Female,22,Psychology,54.7,7.7,2.73,8.2,9,2.62,Critical,Good,1,High Risk,31.497499999999995
ID03430,Female,23,Economics,87.5,6.1,3.09,7.3,10,3.49,Excellent,Very Good,1,Low Risk,13.5875
ID03431,Female,20,Engineering,82.6,3.7,3.31,8.9,7,3.53,Good,Excellent,1,Low Risk,19.067500000000003
ID03432,Female,24,Computer Science,67.2,7.8,2.37,6.7,6,2.75,Low,Good,1,Medium Risk,29.0225
ID03433,Female,19,Computer Science,87.9,1.3,3.02,6.8,13,3.25,Excellent,Very Good,1,Medium Risk,28.819999999999997
ID03434,Male,18,Computer Science,100.0,1.9,2.69,8.8,10,2.65,Excellent,Good,1,Medium Risk,23.862499999999997
ID03435,Female,20,Engineering,81.8,2.5,3.61,4.0,8,3.75,Good,Excellent,1,Low Risk,21.602500000000003
ID03436,Male,21,Psychology,89.0,2.3,2.83,6.8,9,3.05,Excellent,Very Good,1,Low Risk,25.9875
ID03437,Male,20,Mathematics,89.1,0.8,3.26,4.5,9,3.51,Excellent,Excellent,1,Medium Risk,28.18000000000001
ID03438,Female,22,Business,66.9,3.2,2.75,7.0,7,2.68,Low,Good,1,Medium Risk,33.0325
ID03439,Female,21,Psychology,100.0,5.6,3.9,6.4,9,4.0,Excellent,Excellent,1,Low Risk,0.8750000000000007
ID03440,Female,21,Engineering,77.9,6.6,2.25,7.9,10,2.37,Good,Average,1,Medium Risk,25.257499999999997
ID03441,Male,23,Economics,94.8,6.3,3.34,7.7,11,3.62,Excellent,Excellent,1,Low Risk,8.115000000000002
ID03442,Male,20,Engineering,96.5,7.4,2.46,6.6,7,3.11,Excellent,Very Good,1,Medium Risk,15.049999999999999
ID03443,Male,22,Computer Science,82.9,5.2,2.85,5.6,4,3.2,Good,Very Good,1,Low Risk,17.757499999999997
ID03444,Female,18,Psychology,94.1,2.8,3.2,7.1,6,3.48,Excellent,Very Good,1,Low Risk,18.455000000000005
ID03445,Female,24,Computer Science,88.7,1.1,3.23,9.0,9,3.28,Excellent,Very Good,1,Medium Risk,27.4225
ID03446,Female,23,Business,63.7,1.1,3.21,5.5,7,2.98,Low,Good,1,Medium Risk,38.847500000000004
ID03447,Female,20,Economics,80.0,4.3,3.18,4.7,10,3.56,Good,Excellent,1,Low Risk,18.974999999999998
ID03448,Female,18,Computer Science,75.8,2.2,2.78,4.2,12,2.51,Good,Good,1,Low Risk,32.765
ID03449,Female,20,Business,78.1,4.2,3.02,4.7,8,2.81,Good,Good,1,Low Risk,21.63
ID03450,Male,23,Engineering,65.4,1.8,3.12,7.0,9,3.08,Low,Very Good,1,Medium Risk,36.06999999999999
ID03451,Male,18,Computer Science,100.0,8.2,3.2,4.9,8,3.8,Excellent,Excellent,1,Low Risk,6.999999999999998
ID03452,Female,23,Computer Science,100.0,3.3,3.07,6.4,12,3.41,Excellent,Very Good,1,Low Risk,14.937500000000002
ID03453,Female,20,Mathematics,99.7,3.4,3.46,7.7,16,3.6,Excellent,Excellent,1,Low Risk,11.259999999999998
ID03454,Male,21,Economics,100.0,3.6,3.15,4.0,3,3.54,Excellent,Excellent,1,Low Risk,13.037500000000001
ID03455,Female,24,Economics,79.8,0.3,3.2,8.5,17,2.5,Good,Good,1,Medium Risk,34.89
ID03456,Male,19,Engineering,75.5,7.7,2.91,9.1,3,3.08,Good,Very Good,1,Low Risk,20.5625
ID03457,Male,24,Mathematics,73.3,1.9,2.57,9.8,3,2.55,Low,Good,1,Medium Risk,36.9275
ID03458,Female,21,Business,94.7,3.7,3.18,9.2,12,3.47,Excellent,Very Good,1,Low Risk,14.759999999999996
ID03459,Female,23,Business,88.4,4.1,3.7,10.0,7,3.99,Excellent,Excellent,1,Low Risk,11.444999999999997
ID03460,Female,24,Engineering,83.8,2.4,3.32,7.3,9,3.71,Good,Excellent,1,Low Risk,23.64
ID03461,Male,23,Economics,100.0,5.7,2.69,8.2,6,3.11,Excellent,Very Good,1,Low Risk,11.462499999999999
ID03462,Male,23,Business,91.1,7.2,3.51,6.6,7,4.0,Excellent,Excellent,1,Low Risk,8.292500000000004
ID03463,Female,18,Engineering,72.4,1.1,2.93,8.0,8,2.65,Low,Good,1,Medium Risk,37.3825
ID03464,Female,22,Business,74.8,6.0,3.46,7.2,12,3.66,Low,Excellent,1,Medium Risk,16.065
ID03465,Male,23,Psychology,95.2,0.9,2.92,4.5,9,2.9,Excellent,Good,1,Medium Risk,28.009999999999998
ID03466,Female,24,Computer Science,100.0,2.4,3.28,4.7,9,3.35,Excellent,Very Good,1,Low Risk,16.700000000000003
ID03467,Male,24,Economics,93.3,2.8,2.84,9.7,9,3.1,Excellent,Very Good,1,Low Risk,21.965000000000003
ID03468,Female,24,Psychology,100.0,2.9,2.85,7.2,6,3.13,Excellent,Very Good,1,Low Risk,18.4625
ID03469,Female,21,Engineering,100.0,7.9,2.32,9.1,5,2.85,Excellent,Good,1,Medium Risk,14.700000000000001
ID03470,Male,19,Engineering,91.6,3.0,3.36,6.1,8,3.62,Excellent,Excellent,1,Low Risk,17.380000000000003
ID03471,Male,23,Psychology,72.4,3.0,3.29,5.7,7,3.34,Low,Very Good,1,Medium Risk,26.632499999999997
ID03472,Female,23,Computer Science,65.4,1.6,3.31,6.9,10,3.21,Low,Very Good,1,Medium Risk,35.207499999999996
ID03473,Female,23,Computer Science,79.2,4.8,3.24,8.2,8,3.23,Good,Very Good,1,Low Risk,16.81
ID03474,Female,18,Mathematics,96.3,3.5,2.72,9.1,6,2.8,Excellent,Good,1,Low Risk,18.865
ID03475,Female,23,Business,100.0,5.3,3.58,7.3,6,4.0,Excellent,Excellent,1,Low Risk,3.674999999999999
ID03476,Female,21,Mathematics,91.3,1.6,3.6,8.0,8,3.73,Excellent,Excellent,1,Medium Risk,21.015
ID03477,Female,20,Computer Science,100.0,10.0,2.71,6.8,10,3.47,Excellent,Very Good,1,Low Risk,11.2875
ID03478,Male,22,Psychology,81.3,6.2,3.37,9.2,10,3.82,Good,Excellent,1,Low Risk,13.927499999999998
ID03479,Male,24,Business,94.3,14.0,3.54,9.2,8,4.0,Excellent,Excellent,1,Low Risk,6.590000000000001
ID03480,Male,23,Psychology,97.4,4.1,2.86,5.8,7,3.11,Excellent,Very Good,1,Low Risk,14.745000000000001
ID03481,Male,18,Mathematics,55.3,7.0,2.95,7.6,16,2.37,Critical,Average,1,High Risk,29.302500000000002
ID03482,Female,21,Engineering,78.8,10.1,3.37,5.5,8,3.65,Good,Excellent,1,Low Risk,15.052499999999998
ID03483,Male,23,Psychology,99.2,4.8,2.34,8.2,9,2.79,Excellent,Good,1,Medium Risk,15.684999999999999
ID03484,Female,18,Mathematics,89.1,3.6,2.56,6.4,12,3.04,Excellent,Very Good,1,Low Risk,23.105000000000004
ID03485,Female,20,Mathematics,67.1,2.9,2.61,5.8,9,2.4,Low,Average,1,Medium Risk,35.36750000000001
ID03486,Female,19,Mathematics,48.5,3.3,2.2,4.0,7,1.67,Critical,Poor,0,High Risk,45.724999999999994
ID03487,Male,23,Engineering,79.5,4.4,3.64,8.6,6,3.73,Good,Excellent,1,Low Risk,14.774999999999997
ID03488,Male,21,Engineering,83.9,3.5,2.11,7.3,5,2.45,Good,Average,1,Medium Risk,29.782499999999995
ID03489,Male,18,Engineering,71.7,5.9,3.27,7.4,3,3.38,Low,Very Good,1,Medium Risk,19.1225
ID03490,Male,18,Business,87.1,8.7,3.51,8.2,8,4.0,Excellent,Excellent,1,Low Risk,10.092500000000005
ID03491,Male,23,Engineering,92.6,1.8,2.95,5.9,9,2.99,Excellent,Good,1,Medium Risk,25.317500000000003
ID03492,Female,18,Engineering,95.1,1.8,2.77,5.6,6,2.8,Excellent,Good,1,Medium Risk,25.767500000000002
ID03493,Female,19,Engineering,49.7,3.0,3.22,7.8,7,2.96,Critical,Good,1,High Risk,37.459999999999994
ID03494,Female,18,Psychology,65.3,1.1,3.1,8.7,5,2.81,Low,Good,1,Medium Risk,39.09
ID03495,Female,24,Engineering,80.4,9.6,3.6,7.8,5,4.0,Good,Excellent,1,Low Risk,12.319999999999997
ID03496,Male,22,Business,93.6,7.4,1.79,9.4,6,2.19,Excellent,Average,1,High Risk,22.2175
ID03497,Female,24,Mathematics,92.3,3.5,2.64,7.8,7,2.85,Excellent,Good,1,Low Risk,21.365000000000002
ID03498,Female,22,Psychology,92.1,3.7,3.38,7.8,8,3.54,Excellent,Excellent,1,Low Risk,14.180000000000003
ID03499,Male,18,Computer Science,79.2,4.9,3.13,8.2,8,3.23,Good,Very Good,1,Low Risk,17.3725
ID03500,Female,23,Engineering,80.1,2.4,3.48,6.7,9,3.86,Good,Excellent,1,Low Risk,23.905
ID03501,Male,22,Mathematics,74.1,3.2,3.23,5.1,4,3.18,Low,Very Good,1,Medium Risk,25.5925
ID03502,Female,21,Mathematics,96.5,2.5,3.03,7.0,3,3.16,Excellent,Very Good,1,Low Risk,20.0625
ID03503,Female,22,Psychology,71.2,4.1,2.95,8.1,4,2.9,Low,Good,1,Medium Risk,25.7475
ID03504,Male,24,Computer Science,97.8,4.2,4.0,5.7,5,4.0,Excellent,Excellent,1,Low Risk,4.190000000000001
ID03505,Female,18,Economics,88.1,3.7,3.87,4.9,9,4.0,Excellent,Excellent,1,Low Risk,11.692500000000003
ID03506,Female,23,Business,84.3,7.0,3.35,5.9,13,3.83,Good,Excellent,1,Low Risk,12.7525
ID03507,Female,20,Economics,75.1,3.7,3.14,9.0,10,2.89,Good,Good,1,Low Risk,23.930000000000003
ID03508,Male,23,Mathematics,64.7,3.9,3.37,7.7,16,2.92,Low,Good,1,Medium Risk,25.7975
ID03509,Female,23,Economics,75.3,1.4,3.51,6.8,11,3.62,Good,Excellent,1,Medium Risk,29.802500000000002
ID03510,Male,23,Mathematics,80.0,5.8,3.31,5.5,6,3.47,Good,Very Good,1,Low Risk,15.0375
ID03511,Male,21,Economics,49.5,4.4,2.72,7.4,5,2.64,Critical,Good,1,High Risk,36.324999999999996
ID03512,Male,19,Mathematics,82.0,6.2,3.99,7.3,8,4.0,Good,Excellent,1,Low Risk,8.187499999999998
ID03513,Female,24,Mathematics,98.9,2.2,3.22,7.7,6,3.4,Excellent,Very Good,1,Low Risk,18.519999999999996
ID03514,Female,18,Psychology,93.5,1.9,4.0,10.0,4,4.0,Excellent,Excellent,1,Medium Risk,15.325000000000001
ID03515,Female,19,Computer Science,77.6,3.4,3.19,7.7,8,3.27,Good,Very Good,1,Low Risk,23.567500000000003
ID03516,Female,20,Mathematics,85.7,0.9,2.98,6.0,16,2.88,Excellent,Good,1,Medium Risk,31.759999999999998
ID03517,Male,19,Business,76.7,9.9,3.79,4.9,12,3.92,Good,Excellent,1,Low Risk,12.322499999999998
ID03518,Male,18,Business,87.2,3.4,3.25,6.2,6,3.6,Excellent,Excellent,1,Low Risk,18.722499999999997
ID03519,Male,24,Engineering,100.0,0.6,3.17,6.3,6,3.25,Excellent,Very Good,1,Medium Risk,24.862500000000004
ID03520,Male,24,Mathematics,99.5,2.9,2.5,8.2,7,2.56,Excellent,Good,1,Low Risk,21.75
ID03521,Male,18,Mathematics,92.8,3.6,3.43,6.1,4,3.76,Excellent,Excellent,1,Low Risk,13.827499999999999
ID03522,Male,20,Mathematics,77.6,8.7,2.85,5.5,6,2.98,Good,Good,1,Low Risk,20.142500000000002
ID03523,Male,18,Economics,96.2,4.1,2.88,7.8,10,3.05,Excellent,Very Good,1,Low Risk,15.110000000000001
ID03524,Male,20,Mathematics,59.7,1.5,2.85,6.1,17,2.35,Critical,Average,1,High Risk,42.1975
ID03525,Male,20,Mathematics,81.2,4.9,3.32,7.9,4,3.53,Good,Excellent,1,Low Risk,14.809999999999999
ID03526,Male,18,Business,93.8,4.1,2.33,5.7,13,2.75,Excellent,Good,1,Medium Risk,21.0025
ID03527,Female,22,Computer Science,96.1,3.5,2.99,6.3,8,3.19,Excellent,Very Good,1,Low Risk,16.5925
ID03528,Female,24,Computer Science,95.0,3.2,3.59,6.1,8,3.76,Excellent,Excellent,1,Low Risk,13.037500000000001
ID03529,Female,20,Engineering,89.4,6.7,2.48,7.6,9,2.79,Excellent,Good,1,Medium Risk,18.069999999999997
ID03530,Male,18,Business,82.1,4.0,3.19,6.8,7,3.51,Good,Excellent,1,Low Risk,19.142500000000002
ID03531,Male,22,Mathematics,93.1,3.9,2.78,5.2,9,3.06,Excellent,Very Good,1,Low Risk,18.180000000000003
ID03532,Female,24,Computer Science,70.7,7.6,2.9,5.0,8,3.19,Low,Very Good,1,Medium Risk,22.81
ID03533,Male,20,Psychology,72.3,6.3,3.93,6.5,10,4.0,Low,Excellent,1,Medium Risk,13.0775
ID03534,Male,24,Psychology,85.9,5.0,2.27,4.9,8,2.43,Excellent,Average,1,Medium Risk,21.482499999999998
ID03535,Male,22,Psychology,87.6,2.5,3.48,6.4,9,3.62,Excellent,Excellent,1,Low Risk,20.130000000000003
ID03536,Male,24,Mathematics,57.6,3.3,2.86,7.4,5,2.38,Critical,Average,1,High Risk,35.855000000000004
ID03537,Male,21,Mathematics,91.8,3.8,2.84,5.2,10,3.16,Excellent,Very Good,1,Low Risk,18.64
ID03538,Male,23,Engineering,96.6,1.6,2.54,8.3,10,2.48,Excellent,Average,1,Medium Risk,27.905
ID03539,Female,21,Engineering,83.8,2.9,3.48,9.1,7,3.53,Good,Excellent,1,Low Risk,20.240000000000002
ID03540,Male,22,Engineering,100.0,4.1,3.0,8.6,12,3.31,Excellent,Very Good,1,Low Risk,12.350000000000001
ID03541,Male,20,Economics,74.8,5.6,2.94,8.0,6,2.93,Low,Good,1,Medium Risk,20.615000000000002
ID03542,Female,18,Psychology,79.6,5.4,3.15,7.6,10,3.13,Good,Very Good,1,Low Risk,16.617500000000003
ID03543,Male,19,Mathematics,79.1,1.2,3.01,7.4,9,2.81,Good,Good,1,Medium Risk,33.267500000000005
ID03544,Male,18,Psychology,83.9,3.2,2.1,7.6,5,2.36,Good,Average,1,Medium Risk,31.069999999999997
ID03545,Female,24,Engineering,80.1,2.3,2.85,6.1,8,2.92,Good,Good,1,Low Risk,29.817500000000003
ID03546,Male,19,Mathematics,63.9,1.0,3.55,7.0,11,3.55,Low,Excellent,1,Medium Risk,36.182500000000005
ID03547,Male,19,Business,76.8,3.7,2.35,7.2,5,2.49,Good,Average,1,Medium Risk,30.077499999999997
ID03548,Male,24,Computer Science,83.5,2.9,2.56,8.0,12,2.8,Good,Good,1,Low Risk,28.425
ID03549,Male,24,Computer Science,100.0,4.0,2.89,4.6,5,3.26,Excellent,Very Good,1,Low Risk,13.712499999999999
ID03550,Female,20,Engineering,100.0,5.5,2.74,7.3,8,3.08,Excellent,Very Good,1,Low Risk,11.024999999999997
ID03551,Female,22,Psychology,100.0,4.9,3.09,8.6,12,3.58,Excellent,Excellent,1,Low Risk,8.362499999999999
ID03552,Male,18,Business,73.4,10.7,2.55,6.1,2,2.89,Low,Good,1,Medium Risk,24.6575
ID03553,Female,22,Mathematics,74.6,4.4,2.91,6.8,7,3.05,Low,Very Good,1,Medium Risk,23.3675
ID03554,Male,21,Psychology,82.6,8.5,3.08,4.2,2,3.48,Good,Very Good,1,Low Risk,15.880000000000003
ID03555,Male,20,Engineering,100.0,1.9,3.42,7.1,6,3.65,Excellent,Excellent,1,Medium Risk,17.475
ID03556,Female,20,Psychology,82.5,4.9,3.72,4.8,7,4.0,Good,Excellent,1,Low Risk,10.724999999999996
ID03557,Male,21,Engineering,65.1,2.5,2.97,6.2,9,2.88,Low,Good,1,Medium Risk,34.7175
ID03558,Male,18,Economics,77.5,3.4,4.0,6.9,11,4.0,Good,Excellent,1,Low Risk,16.525
ID03559,Male,23,Computer Science,96.4,6.4,3.01,6.1,8,3.34,Excellent,Very Good,1,Low Risk,10.282499999999999
ID03560,Male,21,Computer Science,95.3,3.4,3.51,6.8,7,3.82,Excellent,Excellent,1,Low Risk,12.802500000000004
ID03561,Male,18,Psychology,82.0,7.1,4.0,7.6,8,4.0,Good,Excellent,1,Low Risk,8.1
ID03562,Female,19,Business,95.3,2.6,3.17,6.9,8,3.62,Excellent,Excellent,1,Low Risk,18.977500000000003
ID03563,Male,24,Mathematics,50.9,1.9,2.41,7.2,10,2.18,Critical,Average,1,High Risk,48.4075
ID03564,Male,20,Engineering,86.6,4.5,3.15,4.2,7,3.42,Excellent,Very Good,1,Low Risk,15.467500000000005
ID03565,Male,18,Mathematics,97.9,4.7,2.79,6.8,10,3.16,Excellent,Very Good,1,Low Risk,12.732499999999995
ID03566,Female,22,Computer Science,72.5,3.3,2.96,4.0,6,3.01,Low,Very Good,1,Medium Risk,28.275000000000002
ID03567,Female,24,Business,72.5,5.7,4.0,6.4,6,4.0,Low,Excellent,1,Medium Risk,12.375
ID03568,Female,22,Business,57.0,0.9,2.49,9.8,6,2.06,Critical,Average,1,High Risk,48.962500000000006
ID03569,Female,24,Mathematics,100.0,2.1,3.25,8.4,9,3.42,Excellent,Very Good,1,Low Risk,18.1625
ID03570,Female,20,Computer Science,74.2,5.1,2.66,4.9,7,2.81,Low,Good,1,Medium Risk,23.335
ID03571,Male,21,Mathematics,88.6,3.5,2.95,6.2,6,3.15,Excellent,Very Good,1,Low Risk,20.317500000000003
ID03572,Male,23,Psychology,94.1,2.6,3.47,6.7,8,3.89,Excellent,Excellent,1,Low Risk,16.892500000000002
ID03573,Female,21,Business,100.0,4.3,3.26,7.8,10,3.63,Excellent,Excellent,1,Low Risk,9.275000000000002
ID03574,Female,18,Business,82.7,6.8,2.99,8.3,8,3.43,Good,Very Good,1,Low Risk,16.622499999999995
ID03575,Female,21,Psychology,76.9,4.9,2.78,9.4,2,2.96,Good,Good,1,Low Risk,21.47
ID03576,Male,20,Computer Science,87.6,6.2,3.26,5.6,12,3.59,Excellent,Excellent,1,Low Risk,12.055000000000005
ID03577,Male,18,Business,100.0,5.0,3.95,7.3,13,4.0,Excellent,Excellent,1,Low Risk,0.43749999999999845
ID03578,Male,19,Economics,82.4,7.8,2.65,4.4,12,3.1,Good,Very Good,1,Low Risk,19.732499999999998
ID03579,Female,21,Economics,70.7,2.9,4.0,7.6,6,4.0,Low,Excellent,1,Medium Risk,21.585
ID03580,Male,21,Economics,61.9,7.0,3.7,7.7,10,3.9,Low,Excellent,1,Medium Risk,19.769999999999996
ID03581,Male,23,Engineering,66.7,1.2,3.78,7.0,7,3.59,Low,Excellent,1,Medium Risk,32.11
ID03582,Female,18,Engineering,98.0,1.8,3.25,8.0,3,3.48,Excellent,Very Good,1,Medium Risk,20.262500000000003
ID03583,Male,22,Computer Science,80.2,5.6,3.69,5.7,10,4.0,Good,Excellent,1,Low Risk,11.622499999999999
ID03584,Female,21,Psychology,75.9,1.7,2.6,5.0,6,2.44,Good,Average,1,Medium Risk,36.294999999999995
ID03585,Male,20,Mathematics,74.3,3.3,2.77,5.6,10,2.54,Low,Good,1,Medium Risk,29.1275
ID03586,Male,21,Computer Science,86.3,7.7,3.48,7.6,7,4.0,Excellent,Excellent,1,Low Risk,10.715000000000002
ID03587,Male,23,Mathematics,81.4,1.9,3.25,9.0,9,3.35,Good,Very Good,1,Medium Risk,27.332499999999996
ID03588,Female,19,Computer Science,80.9,6.5,3.03,5.7,5,3.46,Good,Very Good,1,Low Risk,17.082499999999996
ID03589,Male,23,Engineering,100.0,3.2,1.85,6.0,9,2.06,Excellent,Average,1,High Risk,26.0125
ID03590,Male,21,Economics,100.0,1.8,2.88,7.2,4,3.05,Excellent,Very Good,1,Medium Risk,22.6
ID03591,Female,22,Psychology,60.8,4.0,2.51,10.0,10,2.47,Low,Average,1,Medium Risk,34.6775
ID03592,Male,24,Engineering,89.9,7.4,3.35,6.3,3,3.72,Excellent,Excellent,1,Low Risk,10.232499999999995
ID03593,Female,21,Psychology,73.3,1.6,3.0,8.4,6,2.71,Low,Good,1,Medium Risk,34.365
ID03594,Female,18,Mathematics,81.3,1.6,2.79,6.7,6,3.14,Good,Very Good,1,Medium Risk,32.6025
ID03595,Male,21,Computer Science,89.6,5.5,4.0,6.2,9,4.0,Excellent,Excellent,1,Low Risk,4.680000000000002
ID03596,Female,22,Business,81.8,2.8,3.62,5.0,7,4.0,Good,Excellent,1,Low Risk,20.315000000000005
ID03597,Male,18,Business,88.5,10.7,3.63,6.5,9,4.0,Excellent,Excellent,1,Low Risk,8.412500000000001
ID03598,Female,20,Psychology,95.1,4.7,4.0,8.3,9,4.0,Excellent,Excellent,1,Low Risk,3.405000000000002
ID03599,Male,18,Economics,89.4,6.8,3.5,5.7,11,4.0,Excellent,Excellent,1,Low Risk,9.144999999999998
ID03600,Female,23,Economics,75.3,4.6,2.71,7.1,3,2.88,Good,Good,1,Low Risk,24.002500000000005
ID03601,Male,19,Psychology,75.6,1.7,2.66,5.7,13,2.39,Good,Average,1,Medium Risk,35.905
ID03602,Female,23,Engineering,63.4,2.2,3.58,6.4,11,3.52,Low,Excellent,1,Medium Risk,31.345000000000002
ID03603,Male,24,Business,72.2,2.4,2.07,4.7,12,1.9,Low,Poor,0,Medium Risk,39.7975
ID03604,Male,18,Engineering,100.0,5.2,3.06,10.0,2,3.46,Excellent,Very Good,1,Low Risk,8.225
ID03605,Male,20,Mathematics,73.1,3.9,2.01,7.5,12,2.05,Low,Average,1,Medium Risk,33.917500000000004
ID03606,Male,21,Business,67.1,1.1,3.15,6.5,14,3.0,Low,Very Good,1,Medium Risk,37.8425
ID03607,Female,18,Mathematics,89.8,5.8,3.53,8.9,9,4.0,Excellent,Excellent,1,Low Risk,8.702500000000004
ID03608,Male,23,Computer Science,83.3,11.9,3.24,6.9,8,4.0,Good,Excellent,1,Low Risk,14.165
ID03609,Female,18,Engineering,82.1,1.9,3.57,7.7,10,3.76,Good,Excellent,1,Medium Risk,24.217500000000005
ID03610,Female,18,Psychology,100.0,2.1,4.0,9.3,8,4.0,Excellent,Excellent,1,Low Risk,11.6
ID03611,Female,18,Business,93.2,2.6,3.03,9.2,5,3.37,Excellent,Very Good,1,Low Risk,21.1475
ID03612,Male,20,Engineering,77.1,3.6,4.0,5.3,6,4.0,Good,Excellent,1,Low Risk,15.905000000000003
ID03613,Male,22,Psychology,78.6,2.0,3.21,7.0,8,3.24,Good,Very Good,1,Low Risk,28.542500000000004
ID03614,Female,22,Computer Science,77.5,7.6,3.57,8.9,12,3.78,Good,Excellent,1,Low Risk,13.887500000000001
ID03615,Male,18,Business,98.1,9.3,2.79,5.4,7,3.15,Excellent,Very Good,1,Low Risk,11.4425
ID03616,Male,20,Mathematics,80.4,4.2,3.91,6.6,2,4.0,Good,Excellent,1,Low Risk,12.807499999999997
ID03617,Female,20,Computer Science,58.1,3.8,3.62,6.6,8,3.28,Critical,Very Good,1,High Risk,26.98
ID03618,Female,24,Economics,84.3,1.2,3.84,7.8,7,3.88,Good,Excellent,1,Medium Risk,23.665000000000006
ID03619,Female,18,Psychology,61.9,1.8,3.13,8.2,7,3.06,Low,Very Good,1,Medium Risk,37.557500000000005
ID03620,Male,23,Business,100.0,0.8,2.47,8.7,5,2.48,Excellent,Average,1,Medium Risk,30.1875
ID03621,Female,23,Business,70.5,2.7,3.33,7.1,8,3.24,Low,Very Good,1,Medium Risk,28.3375
ID03622,Male,19,Computer Science,82.6,3.0,2.25,5.4,15,2.51,Good,Good,1,Medium Risk,31.142500000000002
ID03623,Male,18,Business,88.9,5.5,2.93,6.5,8,3.42,Excellent,Very Good,1,Low Risk,14.357499999999996
ID03624,Female,19,Psychology,80.7,4.2,3.2,5.4,7,3.45,Good,Very Good,1,Low Risk,18.884999999999998
ID03625,Male,23,Computer Science,80.6,2.3,4.0,6.0,5,4.0,Good,Excellent,1,Low Risk,19.53
ID03626,Male,23,Mathematics,91.3,5.7,3.26,8.1,9,3.73,Excellent,Excellent,1,Low Risk,10.390000000000004
ID03627,Male,18,Computer Science,100.0,12.9,3.17,4.8,3,3.71,Excellent,Excellent,1,Low Risk,7.262499999999999
ID03628,Female,19,Computer Science,96.5,5.8,3.07,6.2,5,3.34,Excellent,Very Good,1,Low Risk,9.7125
ID03629,Female,19,Mathematics,100.0,2.8,2.43,8.3,9,2.68,Excellent,Good,1,Medium Risk,22.5375
ID03630,Female,18,Economics,69.3,4.5,3.14,8.0,8,3.26,Low,Very Good,1,Medium Risk,23.34
ID03631,Female,24,Psychology,89.8,2.0,3.15,5.8,10,3.17,Excellent,Very Good,1,Low Risk,24.027500000000003
ID03632,Male,19,Economics,87.3,1.8,2.62,5.7,5,2.77,Excellent,Good,1,Medium Risk,30.59
ID03633,Male,24,Economics,90.3,9.7,2.51,9.4,8,3.14,Excellent,Very Good,1,Low Risk,17.402500000000003
ID03634,Male,21,Economics,100.0,4.6,2.86,7.6,5,3.33,Excellent,Very Good,1,Low Risk,11.575000000000003
ID03635,Male,23,Engineering,81.7,6.9,3.13,5.8,13,3.56,Good,Excellent,1,Low Risk,15.8475
ID03636,Male,22,Economics,78.9,3.3,2.87,6.9,6,2.74,Good,Good,1,Low Risk,26.182499999999994
ID03637,Female,24,Engineering,93.0,1.8,2.57,8.6,10,2.63,Excellent,Good,1,Medium Risk,28.462500000000002
ID03638,Male,24,Mathematics,58.3,1.6,3.24,5.7,7,2.73,Critical,Good,1,High Risk,39.015
ID03639,Male,24,Psychology,81.4,2.2,3.37,5.6,7,3.65,Good,Excellent,1,Low Risk,25.082499999999996
ID03640,Male,20,Economics,83.0,4.9,3.16,7.3,9,3.57,Good,Excellent,1,Low Risk,15.399999999999997
ID03641,Male,19,Business,71.2,1.3,2.82,5.0,5,2.73,Low,Good,1,Medium Risk,38.085
ID03642,Female,19,Mathematics,100.0,4.0,3.4,6.0,8,3.92,Excellent,Excellent,1,Low Risk,9.25
ID03643,Male,20,Engineering,69.1,5.3,3.0,6.3,7,3.16,Low,Very Good,1,Medium Risk,22.655
ID03644,Male,19,Psychology,83.0,1.8,2.51,4.0,10,2.54,Good,Good,1,Medium Risk,33.4875
ID03645,Female,20,Computer Science,89.4,12.9,3.62,7.1,6,4.0,Excellent,Excellent,1,Low Risk,8.094999999999995
ID03646,Male,24,Psychology,100.0,6.4,3.28,7.9,9,3.55,Excellent,Excellent,1,Low Risk,6.300000000000001
ID03647,Male,18,Psychology,84.8,3.6,3.04,9.9,6,3.14,Good,Very Good,1,Low Risk,20.84
ID03648,Male,21,Economics,99.0,2.4,2.31,7.9,8,2.49,Excellent,Average,1,Medium Risk,25.6375
ID03649,Female,24,Economics,95.5,4.7,2.73,5.5,5,2.92,Excellent,Good,1,Low Risk,14.337499999999999
ID03650,Female,21,Engineering,86.9,4.6,4.0,6.3,11,4.0,Excellent,Excellent,1,Low Risk,7.494999999999999
ID03651,Female,23,Engineering,68.7,4.1,2.35,9.8,15,2.17,Low,Average,1,Medium Risk,32.1225
ID03652,Male,24,Economics,63.5,4.8,2.97,7.7,6,3.03,Low,Very Good,1,Medium Risk,26.2375
ID03653,Female,22,Economics,86.6,2.0,3.09,8.6,7,3.04,Excellent,Very Good,1,Low Risk,25.992500000000003
ID03654,Male,19,Business,76.9,5.8,3.26,6.1,11,3.3,Good,Very Good,1,Low Risk,16.87
ID03655,Male,22,Business,98.8,1.5,2.35,6.7,6,2.39,Excellent,Average,1,Medium Risk,28.9775
ID03656,Male,18,Mathematics,96.2,1.5,3.19,6.9,10,3.5,Excellent,Excellent,1,Medium Risk,22.7975
ID03657,Male,21,Economics,82.2,0.8,2.26,8.4,9,2.29,Good,Average,1,Medium Risk,40.035000000000004
ID03658,Male,24,Computer Science,67.6,5.5,3.15,6.4,9,3.27,Low,Very Good,1,Medium Risk,22.017500000000005
ID03659,Female,18,Business,92.7,4.8,2.77,7.9,10,3.26,Excellent,Very Good,1,Low Risk,14.847499999999998
ID03660,Female,18,Engineering,69.7,3.8,2.67,7.0,7,2.86,Low,Good,1,Medium Risk,30.0725
ID03661,Male,19,Psychology,73.6,2.6,3.52,5.2,7,3.41,Low,Very Good,1,Medium Risk,25.680000000000003
ID03662,Male,18,Mathematics,70.3,2.9,2.98,7.0,13,3.03,Low,Very Good,1,Medium Risk,30.69
ID03663,Male,24,Business,82.9,2.0,3.34,8.7,5,3.58,Good,Excellent,1,Low Risk,25.47
ID03664,Male,24,Psychology,100.0,4.5,3.35,7.0,8,3.64,Excellent,Excellent,1,Low Risk,7.687499999999998
ID03665,Female,21,Psychology,84.9,0.7,3.73,6.5,10,4.0,Good,Excellent,1,Medium Risk,26.357499999999995
ID03666,Male,24,Business,78.4,1.0,2.5,9.1,8,2.36,Good,Average,1,Medium Risk,38.845
ID03667,Female,22,Computer Science,62.1,2.0,3.56,7.6,7,3.49,Low,Very Good,1,Medium Risk,32.905
ID03668,Male,21,Computer Science,93.3,4.2,3.11,4.9,7,3.31,Excellent,Very Good,1,Low Risk,14.002500000000001
ID03669,Male,19,Mathematics,73.3,3.7,2.91,6.6,10,3.13,Low,Very Good,1,Medium Risk,26.7525
ID03670,Male,21,Computer Science,86.8,8.0,2.53,7.4,7,3.27,Excellent,Very Good,1,Low Risk,18.802500000000002
ID03671,Male,20,Mathematics,79.7,3.3,3.4,7.4,13,3.49,Good,Very Good,1,Low Risk,21.185000000000002
ID03672,Male,22,Engineering,97.6,6.1,2.64,7.8,9,3.05,Excellent,Very Good,1,Low Risk,12.98
ID03673,Female,20,Business,82.6,4.1,3.36,6.8,9,3.82,Good,Excellent,1,Low Risk,17.030000000000005
ID03674,Male,20,Psychology,84.1,0.8,4.0,6.7,6,4.0,Good,Excellent,1,Medium Risk,23.955000000000005
ID03675,Female,23,Mathematics,92.3,1.8,3.59,7.0,12,3.85,Excellent,Excellent,1,Medium Risk,19.852500000000003
ID03676,Male,24,Computer Science,100.0,2.0,3.8,8.2,7,3.8,Excellent,Excellent,1,Low Risk,13.750000000000002
ID03677,Male,19,Mathematics,98.3,2.3,2.74,6.0,7,3.18,Excellent,Very Good,1,Low Risk,22.589999999999996
ID03678,Male,18,Economics,83.7,3.1,3.48,6.9,5,3.68,Good,Excellent,1,Low Risk,19.485
ID03679,Female,20,Mathematics,85.0,7.0,2.53,7.4,11,2.99,Excellent,Good,1,Low Risk,19.612500000000004
ID03680,Male,21,Computer Science,77.1,3.4,2.98,6.2,10,2.94,Good,Good,1,Low Risk,25.630000000000003
ID03681,Female,18,Economics,70.8,2.5,3.97,7.7,6,3.81,Low,Excellent,1,Medium Risk,23.4025
ID03682,Male,21,Economics,76.7,6.3,2.8,7.5,8,2.77,Good,Good,1,Low Risk,20.985
ID03683,Female,21,Computer Science,73.4,6.3,3.66,4.0,13,3.9,Low,Excellent,1,Medium Risk,14.944999999999997
ID03684,Male,18,Economics,94.8,0.6,3.61,7.1,12,3.89,Excellent,Excellent,1,Medium Risk,23.352500000000006
ID03685,Female,18,Business,68.9,3.6,3.64,9.1,5,3.38,Low,Very Good,1,Medium Risk,22.744999999999997
ID03686,Female,24,Psychology,100.0,7.5,2.47,9.2,5,2.97,Excellent,Good,1,Medium Risk,13.387499999999998
ID03687,Female,21,Business,96.3,3.3,3.36,8.0,8,3.53,Excellent,Excellent,1,Low Risk,14.065000000000003
ID03688,Male,19,Business,85.3,1.9,3.02,8.9,7,3.25,Excellent,Very Good,1,Medium Risk,27.590000000000003
ID03689,Male,24,Computer Science,85.0,6.1,3.64,6.8,5,4.0,Excellent,Excellent,1,Low Risk,9.899999999999999
ID03690,Male,22,Computer Science,76.6,1.7,2.27,7.9,9,2.4,Good,Average,1,Medium Risk,38.8675
ID03691,Female,23,Psychology,89.1,4.1,3.28,7.2,7,3.61,Excellent,Excellent,1,Low Risk,14.805000000000005
ID03692,Male,22,Mathematics,100.0,3.3,3.21,8.0,2,3.62,Excellent,Excellent,1,Low Risk,13.7125
ID03693,Female,19,Business,74.5,1.2,2.1,9.8,16,1.43,Low,Poor,0,Medium Risk,43.300000000000004
ID03694,Male,24,Economics,62.0,6.8,2.66,8.5,6,2.92,Low,Good,1,Medium Risk,28.825000000000003
ID03695,Male,23,Psychology,95.5,4.7,2.18,6.5,6,2.59,Excellent,Good,1,Medium Risk,19.149999999999995
ID03696,Male,24,Business,89.9,8.1,2.74,9.4,9,3.12,Excellent,Very Good,1,Low Risk,15.569999999999993
ID03697,Female,18,Mathematics,68.2,3.6,3.37,7.4,7,3.25,Low,Very Good,1,Medium Risk,25.4225
ID03698,Female,23,Economics,74.0,2.0,3.2,8.0,4,3.21,Low,Very Good,1,Medium Risk,30.7
ID03699,Female,21,Business,72.1,1.2,3.18,6.6,5,3.19,Low,Very Good,1,Medium Risk,34.93
ID03700,Male,22,Engineering,74.1,6.4,2.58,8.1,11,2.48,Low,Average,1,Medium Risk,24.080000000000002
ID03701,Female,23,Psychology,80.1,1.8,3.66,7.6,8,3.77,Good,Excellent,1,Medium Risk,24.730000000000004
ID03702,Female,21,Computer Science,81.0,12.9,3.09,8.7,7,3.74,Good,Excellent,1,Low Risk,16.512500000000003
ID03703,Male,24,Business,75.2,9.9,3.12,6.2,6,3.61,Good,Excellent,1,Low Risk,18.859999999999996
ID03704,Female,19,Economics,73.6,3.9,3.57,8.4,10,3.71,Low,Excellent,1,Medium Risk,20.042500000000004
ID03705,Female,23,Economics,81.6,3.1,2.6,4.0,12,2.9,Good,Good,1,Low Risk,28.130000000000003
ID03706,Female,21,Psychology,87.5,2.3,3.21,6.1,7,3.28,Excellent,Very Good,1,Low Risk,23.3375
ID03707,Female,24,Psychology,80.3,2.5,3.31,5.0,5,3.65,Good,Excellent,1,Low Risk,24.902500000000003
ID03708,Male,24,Economics,100.0,11.6,2.83,7.5,5,3.37,Excellent,Very Good,1,Low Risk,10.237499999999999
ID03709,Male,24,Economics,92.6,2.8,3.43,8.4,7,3.78,Excellent,Excellent,1,Low Risk,17.117500000000003
ID03710,Female,19,Economics,61.1,4.9,3.34,7.0,8,3.4,Low,Very Good,1,Medium Risk,23.68
ID03711,Male,18,Business,92.9,5.1,3.05,9.0,13,3.45,Excellent,Very Good,1,Low Risk,11.507499999999997
ID03712,Female,19,Economics,94.1,6.6,3.03,5.8,5,3.24,Excellent,Very Good,1,Low Risk,11.142500000000004
ID03713,Female,19,Computer Science,78.5,4.7,3.36,4.9,7,3.21,Good,Very Good,1,Low Risk,16.475
ID03714,Female,22,Economics,62.6,3.7,3.49,8.1,13,3.41,Low,Very Good,1,Medium Risk,26.492499999999996
ID03715,Female,24,Computer Science,85.1,2.2,3.13,8.8,4,3.11,Excellent,Very Good,1,Low Risk,25.517500000000002
ID03716,Male,21,Business,84.9,5.1,3.66,7.2,6,4.0,Good,Excellent,1,Low Risk,9.769999999999996
ID03717,Male,23,Psychology,68.2,4.5,3.43,9.7,11,3.51,Low,Excellent,1,Medium Risk,21.297499999999996
ID03718,Male,22,Computer Science,63.2,2.8,2.21,7.8,11,2.26,Low,Average,1,Medium Risk,41.0225
ID03719,Male,24,Business,83.7,4.8,2.4,7.6,8,2.73,Good,Good,1,Medium Risk,22.135
ID03720,Male,20,Economics,81.5,3.5,3.69,6.4,10,3.82,Good,Excellent,1,Low Risk,17.0375
ID03721,Male,19,Business,78.7,4.5,2.98,5.0,7,2.86,Good,Good,1,Low Risk,20.509999999999998
ID03722,Female,20,Economics,83.7,5.6,3.18,6.6,14,3.72,Good,Excellent,1,Low Risk,14.509999999999998
ID03723,Female,24,Business,68.5,4.1,3.67,9.4,5,3.56,Low,Excellent,1,Medium Risk,20.6625
ID03724,Male,22,Psychology,78.5,6.0,3.1,7.3,4,3.2,Good,Very Good,1,Low Risk,17.549999999999997
ID03725,Male,21,Computer Science,93.0,4.0,3.12,6.4,11,3.3,Excellent,Very Good,1,Low Risk,14.849999999999998
ID03726,Female,22,Psychology,79.8,6.6,2.67,5.6,8,2.79,Good,Good,1,Low Risk,20.7275
ID03727,Male,21,Engineering,59.9,3.0,3.28,7.8,8,3.03,Critical,Very Good,1,High Risk,32.345
ID03728,Male,21,Economics,77.9,1.9,3.39,5.3,5,3.21,Good,Very Good,1,Medium Risk,27.682499999999997
ID03729,Male,24,Computer Science,68.9,4.3,2.81,7.5,7,2.98,Low,Good,1,Medium Risk,27.2075
ID03730,Female,18,Psychology,89.0,9.1,2.64,6.3,8,3.4,Excellent,Very Good,1,Low Risk,16.849999999999998
ID03731,Male,24,Computer Science,89.8,6.2,4.0,6.6,10,4.0,Excellent,Excellent,1,Low Risk,4.590000000000002
ID03732,Female,19,Engineering,60.1,9.1,3.05,8.0,6,3.37,Low,Very Good,1,Medium Risk,26.2675
ID03733,Male,22,Mathematics,96.4,2.8,2.76,5.6,11,3.12,Excellent,Very Good,1,Low Risk,21.270000000000003
ID03734,Male,21,Economics,68.3,3.7,3.45,7.0,7,3.44,Low,Very Good,1,Medium Risk,24.2775
ID03735,Male,24,Economics,100.0,1.9,3.07,4.7,5,3.28,Excellent,Very Good,1,Medium Risk,20.5375
ID03736,Male,24,Business,84.3,1.6,2.56,6.8,13,2.82,Good,Good,1,Medium Risk,33.265
ID03737,Female,22,Economics,66.3,8.4,3.34,7.7,8,3.75,Low,Excellent,1,Medium Risk,20.94
ID03738,Female,22,Economics,67.9,7.9,2.67,8.2,7,2.81,Low,Good,1,Medium Risk,26.082499999999996
ID03739,Female,21,Psychology,90.2,5.4,3.89,8.7,12,4.0,Excellent,Excellent,1,Low Risk,5.372499999999998
ID03740,Female,23,Economics,79.1,2.8,3.35,8.0,14,3.32,Good,Very Good,1,Low Risk,23.892500000000005
ID03741,Female,20,Economics,83.6,5.7,2.96,6.4,6,3.25,Good,Very Good,1,Low Risk,16.480000000000004
ID03742,Female,19,Engineering,100.0,7.5,3.15,4.3,10,3.73,Excellent,Excellent,1,Low Risk,7.437500000000001
ID03743,Female,19,Engineering,74.5,9.7,3.55,8.5,4,3.93,Low,Excellent,1,Medium Risk,15.412500000000001
ID03744,Male,23,Computer Science,85.9,1.3,3.19,6.2,8,3.49,Excellent,Very Good,1,Medium Risk,28.232499999999998
ID03745,Male,18,Computer Science,100.0,3.1,4.0,4.8,5,4.0,Excellent,Excellent,1,Low Risk,7.6000000000000005
ID03746,Male,23,Economics,89.1,2.9,3.67,9.8,6,3.81,Excellent,Excellent,1,Low Risk,16.192500000000006
ID03747,Female,18,Economics,60.9,3.4,3.34,6.9,9,3.17,Low,Very Good,1,Medium Risk,29.770000000000003
ID03748,Male,18,Business,92.6,5.1,2.63,7.7,4,2.87,Excellent,Good,1,Low Risk,15.317500000000003
ID03749,Male,23,Computer Science,67.6,0.9,3.03,7.3,3,2.93,Low,Good,1,Medium Risk,39.4675
ID03750,Female,19,Psychology,100.0,2.8,3.34,7.0,6,3.45,Excellent,Very Good,1,Low Risk,14.575000000000003
ID03751,Female,20,Economics,72.7,2.9,2.69,6.4,4,2.52,Low,Good,1,Medium Risk,32.147499999999994
ID03752,Female,19,Psychology,100.0,4.0,3.75,6.1,8,4.0,Excellent,Excellent,1,Low Risk,6.1875
ID03753,Male,24,Economics,100.0,4.3,2.61,10.0,10,2.82,Excellent,Good,1,Low Risk,14.9625
ID03754,Female,19,Psychology,73.1,3.3,2.78,4.8,8,2.69,Low,Good,1,Medium Risk,29.580000000000002
ID03755,Male,19,Mathematics,85.3,10.8,2.82,6.4,12,3.44,Excellent,Very Good,1,Low Risk,16.94
ID03756,Male,23,Psychology,96.3,3.5,3.47,5.7,12,3.87,Excellent,Excellent,1,Low Risk,12.302499999999998
ID03757,Male,23,Computer Science,96.8,5.1,2.7,7.8,7,3.29,Excellent,Very Good,1,Low Risk,12.814999999999998
ID03758,Male,24,Economics,91.6,5.6,2.2,6.4,9,2.45,Excellent,Average,1,Medium Risk,19.529999999999998
ID03759,Male,24,Computer Science,100.0,2.1,3.64,6.3,11,4.0,Excellent,Excellent,1,Low Risk,14.749999999999998
ID03760,Female,23,Psychology,83.2,2.2,2.88,8.0,14,3.01,Good,Very Good,1,Low Risk,28.56
ID03761,Male,19,Engineering,79.5,5.7,2.57,9.9,6,2.54,Good,Good,1,Low Risk,21.7375
ID03762,Female,20,Engineering,79.8,7.9,2.72,5.8,5,3.0,Good,Very Good,1,Low Risk,20.29
ID03763,Male,18,Engineering,97.9,9.7,3.96,4.7,5,4.0,Excellent,Excellent,1,Low Risk,1.2949999999999977
ID03764,Male,22,Economics,90.5,2.1,2.77,7.1,15,2.85,Excellent,Good,1,Low Risk,26.6375
ID03765,Male,18,Business,89.4,6.8,3.04,8.3,7,3.54,Excellent,Excellent,1,Low Risk,13.169999999999996
ID03766,Male,24,Mathematics,96.9,3.8,2.88,6.7,5,3.29,Excellent,Very Good,1,Low Risk,15.995
ID03767,Female,24,Psychology,54.2,7.9,2.48,7.9,5,2.61,Critical,Good,1,High Risk,33.91
ID03768,Male,18,Business,89.7,4.8,2.73,6.2,7,3.28,Excellent,Very Good,1,Low Risk,16.5475
ID03769,Male,22,Engineering,88.3,5.4,2.45,10.0,8,2.96,Excellent,Good,1,Medium Risk,18.827499999999997
ID03770,Male,19,Psychology,100.0,8.7,3.58,7.9,6,4.0,Excellent,Excellent,1,Low Risk,3.674999999999999
ID03771,Male,20,Business,62.1,9.2,3.15,6.3,5,3.54,Low,Excellent,1,Medium Risk,24.4925
ID03772,Female,20,Computer Science,100.0,4.2,4.0,5.9,7,4.0,Excellent,Excellent,1,Low Risk,3.1999999999999997
ID03773,Male,18,Engineering,86.1,1.2,2.75,7.4,11,2.76,Excellent,Good,1,Medium Risk,32.392500000000005
ID03774,Female,22,Business,92.3,2.4,2.67,8.0,6,3.06,Excellent,Very Good,1,Low Risk,25.5025
ID03775,Female,24,Economics,100.0,11.7,3.87,5.0,9,4.0,Excellent,Excellent,1,Low Risk,1.137499999999999
ID03776,Female,21,Computer Science,93.4,5.5,3.63,7.0,10,4.0,Excellent,Excellent,1,Low Risk,6.207499999999999
ID03777,Female,19,Engineering,91.0,2.1,3.29,8.1,4,3.25,Excellent,Very Good,1,Low Risk,21.862499999999997
ID03778,Female,18,Mathematics,88.6,2.7,2.54,7.5,9,2.85,Excellent,Good,1,Low Risk,27.105000000000004
ID03779,Female,20,Engineering,77.7,7.2,3.97,7.9,7,4.0,Good,Excellent,1,Low Risk,10.297499999999996
ID03780,Female,24,Economics,84.6,10.7,3.06,9.2,7,3.57,Good,Excellent,1,Low Risk,15.155000000000001
ID03781,Male,23,Mathematics,74.3,4.0,2.88,4.0,10,2.92,Low,Good,1,Medium Risk,25.365000000000002
ID03782,Male,23,Mathematics,84.3,7.9,3.67,7.3,13,4.0,Good,Excellent,1,Low Risk,9.952500000000002
ID03783,Male,22,Mathematics,50.0,6.7,3.09,4.0,6,2.79,Critical,Good,1,High Risk,30.4625
ID03784,Female,22,Psychology,91.4,4.8,2.52,6.9,11,2.78,Excellent,Good,1,Low Risk,17.619999999999997
ID03785,Female,18,Psychology,83.2,6.0,3.12,8.9,8,3.56,Good,Excellent,1,Low Risk,15.259999999999998
ID03786,Male,21,Mathematics,80.0,4.7,2.71,6.8,12,2.96,Good,Good,1,Low Risk,21.4875
ID03787,Female,20,Computer Science,88.3,8.1,1.6,5.6,6,2.21,Excellent,Average,1,High Risk,26.265
ID03788,Male,18,Mathematics,63.5,6.1,2.66,8.2,10,2.63,Low,Good,1,Medium Risk,28.15
ID03789,Male,21,Business,100.0,1.3,2.84,7.2,11,3.06,Excellent,Very Good,1,Medium Risk,24.950000000000003
ID03790,Female,24,Mathematics,83.5,3.5,2.52,7.3,9,2.84,Good,Good,1,Low Risk,26.375
ID03791,Male,22,Psychology,82.8,2.1,3.39,10.0,5,3.63,Good,Excellent,1,Low Risk,24.677500000000002
ID03792,Male,23,Psychology,70.5,4.3,2.71,4.7,12,2.57,Low,Good,1,Medium Risk,27.3625
ID03793,Female,19,Business,85.4,3.4,3.34,6.0,11,3.8,Excellent,Excellent,1,Low Risk,18.744999999999997
ID03794,Female,24,Business,100.0,2.6,2.48,7.6,8,2.86,Excellent,Good,1,Medium Risk,22.9
ID03795,Male,23,Engineering,100.0,1.7,3.55,8.8,13,3.62,Excellent,Excellent,1,Medium Risk,17.1375
ID03796,Female,20,Computer Science,97.8,0.8,2.46,5.6,7,2.4,Excellent,Average,1,Medium Risk,31.265000000000008
ID03797,Male,20,Computer Science,93.2,8.0,1.93,6.4,10,2.48,Excellent,Average,1,High Risk,21.1725
ID03798,Male,23,Computer Science,79.6,8.0,3.72,6.9,9,4.0,Good,Excellent,1,Low Risk,11.63
ID03799,Male,24,Economics,63.2,1.6,2.67,6.8,6,2.41,Low,Average,1,Medium Risk,41.7975
ID03800,Female,23,Psychology,82.0,4.8,3.98,8.0,7,4.0,Good,Excellent,1,Low Risk,9.075000000000001
ID03801,Male,21,Computer Science,81.5,1.1,3.38,6.9,6,3.66,Good,Excellent,1,Medium Risk,29.35
ID03802,Female,18,Engineering,100.0,2.3,3.5,8.0,8,3.64,Excellent,Excellent,1,Low Risk,15.175
ID03803,Female,22,Engineering,89.6,3.2,3.62,5.2,14,3.82,Excellent,Excellent,1,Low Risk,15.205000000000002
ID03804,Female,21,Computer Science,100.0,2.5,3.16,7.2,13,3.49,Excellent,Very Good,1,Low Risk,17.349999999999998
ID03805,Male,19,Business,100.0,5.5,3.16,7.1,13,3.66,Excellent,Excellent,1,Low Risk,7.349999999999998
ID03806,Female,23,Engineering,78.2,0.4,3.74,8.3,8,3.68,Good,Excellent,1,Medium Risk,30.485
ID03807,Male,19,Business,58.1,2.3,3.16,10.0,5,2.87,Critical,Good,1,High Risk,37.004999999999995
ID03808,Male,19,Psychology,100.0,6.4,2.74,8.4,8,3.04,Excellent,Very Good,1,Low Risk,11.024999999999997
ID03809,Male,21,Economics,100.0,1.0,3.39,5.9,8,3.34,Excellent,Very Good,1,Medium Risk,21.3375
ID03810,Male,22,Engineering,64.5,2.5,2.04,7.9,15,1.86,Low,Poor,0,Medium Risk,43.125
ID03811,Female,24,Business,100.0,7.0,3.76,6.9,4,4.0,Excellent,Excellent,1,Low Risk,2.100000000000002
ID03812,Male,20,Computer Science,90.7,11.4,3.77,6.5,8,4.0,Excellent,Excellent,1,Low Risk,6.197499999999998
ID03813,Male,18,Psychology,87.4,8.0,3.7,6.2,9,4.0,Excellent,Excellent,1,Low Risk,8.294999999999995
ID03814,Female,20,Mathematics,100.0,3.2,3.68,6.1,6,4.0,Excellent,Excellent,1,Low Risk,9.999999999999998
ID03815,Male,22,Mathematics,100.0,11.3,3.06,5.3,10,3.58,Excellent,Excellent,1,Low Risk,8.225
ID03816,Female,20,Computer Science,94.8,6.6,3.05,5.1,9,3.56,Excellent,Excellent,1,Low Risk,10.652500000000002
ID03817,Male,23,Psychology,92.1,1.7,2.49,8.0,9,2.73,Excellent,Good,1,Medium Risk,29.967499999999994
ID03818,Female,23,Psychology,94.2,1.1,3.97,6.5,4,4.0,Excellent,Excellent,1,Medium Risk,18.4725
ID03819,Female,21,Psychology,79.0,6.2,2.86,7.3,4,3.06,Good,Very Good,1,Low Risk,19.425000000000004
ID03820,Male,19,Psychology,84.2,3.6,3.27,5.7,11,3.64,Good,Excellent,1,Low Risk,19.097499999999997
ID03821,Male,22,Mathematics,71.5,1.6,3.23,7.9,9,3.12,Low,Very Good,1,Medium Risk,33.1625
ID03822,Male,22,Business,80.0,3.5,2.43,5.9,7,2.85,Good,Good,1,Medium Risk,28.737499999999997
ID03823,Female,20,Psychology,79.5,7.3,2.23,5.0,7,2.23,Good,Average,1,Medium Risk,24.7125
ID03824,Male,21,Business,75.5,2.5,3.1,9.4,10,3.04,Good,Very Good,1,Low Risk,28.9
ID03825,Male,20,Psychology,87.1,2.5,2.87,7.3,16,2.97,Excellent,Good,1,Low Risk,25.6925
ID03826,Male,20,Engineering,80.1,3.4,3.06,6.5,9,3.41,Good,Very Good,1,Low Risk,23.580000000000005
ID03827,Male,22,Economics,92.5,3.7,3.63,6.7,10,3.88,Excellent,Excellent,1,Low Risk,11.8125
ID03828,Male,20,Engineering,60.7,3.0,3.21,6.5,10,3.23,Low,Very Good,1,Medium Risk,32.5975
ID03829,Female,19,Economics,83.3,5.6,3.48,7.7,16,3.61,Good,Excellent,1,Low Risk,12.065000000000001
ID03830,Male,20,Engineering,87.0,5.9,3.32,4.7,8,3.54,Excellent,Excellent,1,Low Risk,11.8
ID03831,Male,19,Psychology,80.3,3.7,2.94,4.3,3,3.28,Good,Very Good,1,Low Risk,23.34
ID03832,Female,22,Business,82.4,2.4,2.6,7.2,3,2.78,Good,Good,1,Low Risk,30.57
ID03833,Female,21,Economics,61.2,2.8,3.23,4.4,7,3.25,Low,Very Good,1,Medium Risk,32.9975
ID03834,Male,23,Mathematics,90.3,8.4,3.14,4.1,11,3.5,Excellent,Excellent,1,Low Risk,11.89
ID03835,Male,19,Computer Science,94.7,11.2,3.56,8.4,15,4.0,Excellent,Excellent,1,Low Risk,6.234999999999998
ID03836,Male,21,Economics,92.4,1.4,3.02,7.3,9,3.32,Excellent,Very Good,1,Medium Risk,26.394999999999996
ID03837,Female,21,Economics,100.0,1.7,2.95,7.3,8,3.38,Excellent,Very Good,1,Medium Risk,22.387499999999996
ID03838,Male,19,Mathematics,88.0,2.7,2.99,5.3,7,3.08,Excellent,Very Good,1,Low Risk,23.4375
ID03839,Female,22,Psychology,92.2,8.5,2.64,9.1,7,3.17,Excellent,Very Good,1,Low Risk,15.409999999999997
ID03840,Female,18,Engineering,87.3,3.0,3.82,8.5,7,3.88,Excellent,Excellent,1,Low Risk,15.290000000000003
ID03841,Male,21,Engineering,95.3,5.6,3.67,5.0,11,4.0,Excellent,Excellent,1,Low Risk,5.002500000000002
ID03842,Male,21,Business,61.3,3.5,2.49,6.8,10,2.66,Low,Good,1,Medium Risk,36.6275
ID03843,Male,22,Psychology,71.6,2.8,3.5,6.4,5,3.65,Low,Excellent,1,Medium Risk,25.955000000000005
ID03844,Male,22,Mathematics,100.0,3.3,2.18,6.9,7,2.67,Excellent,Good,1,Medium Risk,22.724999999999998
ID03845,Male,20,Psychology,48.1,1.6,3.59,8.6,8,3.06,Critical,Very Good,1,High Risk,40.542500000000004
ID03846,Female,22,Psychology,82.9,6.0,2.75,6.4,9,3.27,Good,Very Good,1,Low Risk,18.632499999999997
ID03847,Female,21,Engineering,100.0,2.4,3.28,8.5,8,3.38,Excellent,Very Good,1,Low Risk,16.700000000000003
ID03848,Female,19,Mathematics,83.6,2.6,2.14,4.4,6,2.44,Good,Average,1,Medium Risk,33.255
ID03849,Female,18,Computer Science,78.9,2.2,2.5,6.1,12,2.43,Good,Average,1,Low Risk,33.81999999999999
ID03850,Male,24,Economics,86.9,9.2,3.33,6.4,7,3.96,Excellent,Excellent,1,Low Risk,11.757499999999997
ID03851,Male,20,Engineering,79.7,2.9,2.75,6.2,8,2.6,Good,Good,1,Low Risk,28.4725
ID03852,Male,24,Mathematics,85.5,4.4,2.68,7.0,8,3.19,Excellent,Very Good,1,Low Risk,20.474999999999994
ID03853,Female,19,Business,74.7,0.7,3.8,7.2,5,3.68,Low,Excellent,1,Medium Risk,30.335
ID03854,Female,18,Economics,100.0,0.4,4.0,7.3,6,4.0,Excellent,Excellent,1,Medium Risk,18.400000000000002
ID03855,Female,18,Economics,100.0,1.7,3.57,8.3,11,3.77,Excellent,Excellent,1,Medium Risk,16.9625
ID03856,Male,18,Engineering,83.0,6.9,2.55,8.1,8,2.85,Good,Good,1,Low Risk,20.337500000000002
ID03857,Male,23,Business,64.2,4.3,3.98,4.7,3,4.0,Low,Excellent,1,Medium Risk,19.085
ID03858,Female,19,Engineering,77.1,9.8,2.32,7.2,7,2.79,Good,Good,1,Medium Risk,25.005000000000003
ID03859,Male,20,Psychology,82.2,7.6,2.95,6.1,8,3.49,Good,Very Good,1,Low Risk,17.197499999999998
ID03860,Female,20,Mathematics,92.6,2.2,3.13,8.2,7,3.45,Excellent,Very Good,1,Low Risk,22.142500000000002
ID03861,Female,18,Business,69.9,3.5,4.0,8.9,5,3.79,Low,Excellent,1,Medium Risk,19.544999999999998
ID03862,Female,19,Economics,73.5,8.3,3.56,8.3,11,3.69,Low,Excellent,1,Medium Risk,15.775
ID03863,Male,23,Engineering,92.7,3.2,2.87,9.9,10,2.9,Excellent,Good,1,Low Risk,20.372499999999995
ID03864,Male,18,Economics,99.1,5.8,2.63,8.1,6,2.93,Excellent,Good,1,Low Risk,12.392500000000002
ID03865,Male,22,Business,75.7,1.5,3.6,8.5,8,3.62,Good,Excellent,1,Medium Risk,28.435
ID03866,Male,24,Economics,65.0,4.8,2.83,5.8,8,2.81,Low,Good,1,Medium Risk,26.787499999999998
ID03867,Male,20,Engineering,100.0,3.8,3.21,7.0,4,3.52,Excellent,Excellent,1,Low Risk,11.7125
ID03868,Female,24,Engineering,96.7,2.2,2.42,8.0,3,2.76,Excellent,Good,1,Medium Risk,26.509999999999998
ID03869,Female,21,Computer Science,81.0,3.5,3.38,7.4,6,3.52,Good,Excellent,1,Low Risk,19.975
ID03870,Male,18,Economics,98.0,4.7,3.34,5.6,2,3.57,Excellent,Excellent,1,Low Risk,7.875000000000001
ID03871,Male,22,Computer Science,83.1,6.8,2.48,5.6,6,2.88,Good,Good,1,Medium Risk,20.905
ID03872,Male,20,Computer Science,98.0,9.4,3.62,4.3,10,4.0,Excellent,Excellent,1,Low Risk,4.224999999999999
ID03873,Male,24,Economics,87.4,6.3,3.38,7.6,9,3.9,Excellent,Excellent,1,Low Risk,11.094999999999999
ID03874,Female,23,Business,86.4,7.8,3.47,5.5,8,3.77,Excellent,Excellent,1,Low Risk,10.757499999999995
ID03875,Male,19,Psychology,83.3,2.0,2.91,8.0,6,3.12,Good,Very Good,1,Low Risk,29.0525
ID03876,Male,20,Engineering,63.3,1.8,3.19,8.1,8,3.08,Low,Very Good,1,Medium Risk,36.4025
ID03877,Male,24,Mathematics,100.0,5.4,3.13,7.3,9,3.47,Excellent,Very Good,1,Low Risk,7.612500000000001
ID03878,Female,19,Computer Science,70.9,1.5,3.03,7.6,10,3.0,Low,Very Good,1,Medium Risk,35.582499999999996
ID03879,Female,24,Business,64.6,3.3,3.19,8.5,3,3.29,Low,Very Good,1,Medium Risk,29.817500000000003
ID03880,Male,19,Economics,81.8,6.2,3.73,8.7,10,4.0,Good,Excellent,1,Low Risk,10.552500000000002
ID03881,Male,23,Business,70.6,8.6,3.64,4.0,7,3.91,Low,Excellent,1,Medium Risk,16.380000000000003
ID03882,Female,23,Business,84.2,4.8,2.51,8.1,5,2.67,Good,Good,1,Low Risk,20.9475
ID03883,Female,18,Economics,95.3,1.9,3.59,7.7,4,3.95,Excellent,Excellent,1,Medium Risk,18.102500000000003
ID03884,Male,18,Mathematics,99.9,3.9,3.7,7.4,9,4.0,Excellent,Excellent,1,Low Risk,7.069999999999997
ID03885,Female,20,Economics,97.2,4.2,3.02,7.7,4,3.56,Excellent,Excellent,1,Low Risk,13.034999999999997
ID03886,Female,23,Mathematics,80.4,2.4,3.35,6.5,8,3.66,Good,Excellent,1,Low Risk,24.9075
ID03887,Female,22,Economics,85.7,1.2,3.35,4.0,7,3.35,Excellent,Very Good,1,Medium Risk,27.322499999999998
ID03888,Female,24,Computer Science,91.1,6.3,2.68,6.1,8,3.07,Excellent,Very Good,1,Low Risk,15.555
ID03889,Female,24,Mathematics,58.6,3.4,2.91,4.3,6,2.46,Critical,Average,1,High Risk,34.567499999999995
ID03890,Male,24,Computer Science,93.6,5.8,3.48,4.5,6,3.73,Excellent,Excellent,1,Low Risk,7.430000000000002
ID03891,Female,20,Mathematics,63.1,4.6,2.85,8.6,5,2.94,Low,Good,1,Medium Risk,28.2675
ID03892,Male,24,Mathematics,100.0,3.4,3.59,6.2,9,3.84,Excellent,Excellent,1,Low Risk,9.9875
ID03893,Female,21,Economics,78.9,3.1,3.75,7.4,10,3.63,Good,Excellent,1,Low Risk,19.2825
ID03894,Male,19,Mathematics,82.2,3.7,3.67,7.0,11,4.0,Good,Excellent,1,Low Risk,16.0975
ID03895,Female,24,Computer Science,73.5,5.4,4.0,9.0,6,4.0,Low,Excellent,1,Medium Risk,11.925
ID03896,Female,19,Economics,75.6,0.6,3.05,7.1,6,2.74,Good,Good,1,Medium Risk,36.89250000000001
ID03897,Male,18,Engineering,100.0,5.3,3.19,6.1,5,3.52,Excellent,Excellent,1,Low Risk,7.0874999999999995
ID03898,Female,24,Computer Science,99.1,5.1,3.26,9.2,6,3.38,Excellent,Very Good,1,Low Risk,6.880000000000005
ID03899,Male,22,Engineering,61.8,6.3,3.07,6.3,11,3.34,Low,Very Good,1,Medium Risk,25.3275
ID03900,Female,23,Business,100.0,8.8,3.37,7.6,7,4.0,Excellent,Excellent,1,Low Risk,5.512499999999998
ID03901,Male,23,Economics,100.0,2.5,2.24,7.7,6,2.52,Excellent,Good,1,Medium Risk,25.4
ID03902,Male,18,Business,80.8,1.4,3.2,5.1,9,3.34,Good,Very Good,1,Medium Risk,30.04
ID03903,Female,21,Economics,89.6,4.4,2.41,8.4,12,2.82,Excellent,Good,1,Medium Risk,20.9925
ID03904,Male,20,Economics,84.8,4.2,2.62,9.0,6,2.69,Good,Good,1,Low Risk,22.115
ID03905,Female,20,Computer Science,100.0,3.1,3.47,5.3,16,3.24,Excellent,Very Good,1,Low Risk,12.237499999999997
ID03906,Male,22,Engineering,73.1,5.1,3.0,7.0,3,3.17,Low,Very Good,1,Medium Risk,20.855000000000004
ID03907,Male,18,Economics,87.2,2.6,3.45,9.0,6,3.73,Excellent,Excellent,1,Low Risk,20.1725
ID03908,Male,18,Engineering,78.6,3.4,2.99,4.6,9,2.96,Good,Good,1,Low Risk,24.8675
ID03909,Female,21,Economics,63.5,5.3,3.65,7.9,6,3.94,Low,Excellent,1,Medium Risk,19.4875
ID03910,Male,24,Engineering,100.0,3.2,2.98,5.1,5,3.15,Excellent,Very Good,1,Low Risk,16.125
ID03911,Male,20,Business,67.3,4.2,2.12,6.5,7,2.2,Low,Average,1,Medium Risk,34.365
ID03912,Male,24,Computer Science,88.3,3.2,3.21,6.7,8,3.7,Excellent,Excellent,1,Low Risk,19.3775
ID03913,Male,18,Economics,58.9,1.9,2.02,5.2,4,1.72,Critical,Poor,0,High Risk,48.22
ID03914,Female,24,Psychology,79.0,6.2,2.37,5.6,7,2.24,Good,Average,1,Medium Risk,23.7125
ID03915,Female,23,Engineering,91.3,5.9,2.66,6.9,6,3.05,Excellent,Very Good,1,Low Risk,15.64
ID03916,Male,22,Engineering,72.6,5.8,2.6,9.1,10,2.74,Low,Good,1,Medium Risk,24.580000000000005
ID03917,Female,20,Psychology,93.8,3.6,2.83,7.7,8,2.96,Excellent,Good,1,Low Risk,18.627499999999998
ID03918,Male,21,Computer Science,81.0,6.5,2.58,4.5,4,3.1,Good,Very Good,1,Low Risk,20.975
ID03919,Female,22,Engineering,100.0,6.6,2.4,7.7,9,2.88,Excellent,Good,1,Medium Risk,14.0
ID03920,Female,19,Computer Science,100.0,8.2,3.87,7.1,9,4.0,Excellent,Excellent,1,Low Risk,1.137499999999999
ID03921,Female,23,Engineering,76.2,3.6,2.76,6.1,6,2.77,Good,Good,1,Low Risk,27.160000000000004
ID03922,Male,21,Mathematics,86.2,4.4,1.98,6.3,7,2.35,Excellent,Average,1,High Risk,26.284999999999997
ID03923,Female,22,Engineering,87.8,1.9,2.92,7.7,6,3.11,Excellent,Very Good,1,Medium Risk,27.340000000000003
ID03924,Male,18,Mathematics,94.3,8.8,2.54,4.6,6,3.01,Excellent,Very Good,1,Low Risk,15.34
ID03925,Female,19,Economics,85.2,3.2,2.66,6.0,7,3.13,Excellent,Very Good,1,Low Risk,25.584999999999997
ID03926,Male,21,Computer Science,87.9,1.6,3.46,5.3,6,3.52,Excellent,Excellent,1,Medium Risk,23.77
ID03927,Female,18,Engineering,81.3,8.3,2.88,5.8,13,3.53,Good,Excellent,1,Low Risk,18.215000000000003
ID03928,Female,23,Business,86.7,3.5,2.52,7.5,15,2.92,Excellent,Good,1,Low Risk,24.935
ID03929,Female,19,Business,100.0,10.7,3.32,7.1,9,4.0,Excellent,Excellent,1,Low Risk,5.950000000000001
ID03930,Male,20,Psychology,94.7,4.0,3.67,8.0,15,3.9,Excellent,Excellent,1,Low Risk,9.272499999999999
ID03931,Female,18,Business,95.5,2.4,3.37,4.0,11,3.54,Excellent,Excellent,1,Low Risk,17.9375
ID03932,Male,22,Mathematics,95.8,6.3,1.87,6.6,7,2.36,Excellent,Average,1,High Risk,20.5275
ID03933,Female,24,Business,82.7,3.4,2.54,6.8,5,2.69,Good,Good,1,Low Risk,26.96
ID03934,Male,21,Business,89.8,5.7,3.12,4.5,10,3.45,Excellent,Very Good,1,Low Risk,12.29
ID03935,Male,19,Business,68.7,2.5,2.98,6.0,8,3.1,Low,Very Good,1,Medium Risk,33.01
ID03936,Male,18,Engineering,100.0,5.3,2.94,7.0,12,3.18,Excellent,Very Good,1,Low Risk,9.274999999999999
ID03937,Male,20,Psychology,43.3,3.1,2.61,7.5,4,2.37,Critical,Average,1,High Risk,45.2775
ID03938,Male,24,Computer Science,83.7,6.1,2.4,7.5,9,3.05,Good,Very Good,1,Medium Risk,21.335
ID03939,Male,21,Psychology,100.0,3.7,4.0,4.0,11,4.0,Excellent,Excellent,1,Low Risk,5.199999999999999
ID03940,Male,21,Mathematics,64.5,4.4,3.11,6.1,3,3.1,Low,Very Good,1,Medium Risk,26.162499999999998
ID03941,Female,18,Engineering,91.0,3.4,3.42,4.7,8,3.67,Excellent,Excellent,1,Low Risk,15.525
ID03942,Female,20,Economics,74.8,3.8,3.1,7.0,8,3.16,Low,Very Good,1,Medium Risk,24.015
ID03943,Male,23,Engineering,79.5,6.0,3.12,6.4,12,3.11,Good,Very Good,1,Low Risk,16.924999999999997
ID03944,Male,24,Business,99.2,1.9,3.07,6.1,11,3.2,Excellent,Very Good,1,Medium Risk,20.8975
ID03945,Male,23,Business,88.0,4.7,2.54,10.0,5,2.89,Excellent,Good,1,Low Risk,19.374999999999996
ID03946,Male,19,Mathematics,54.5,13.9,2.34,5.4,6,2.52,Critical,Good,1,High Risk,35.0
ID03947,Female,18,Economics,70.4,7.7,3.29,7.0,9,3.46,Low,Very Good,1,Medium Risk,19.5325
ID03948,Female,24,Engineering,99.6,3.6,3.19,7.7,6,3.71,Excellent,Excellent,1,Low Risk,12.867500000000001
ID03949,Male,19,Economics,91.7,4.2,3.57,7.5,13,3.99,Excellent,Excellent,1,Low Risk,10.6975
ID03950,Male,23,Computer Science,100.0,2.9,3.47,7.9,8,3.66,Excellent,Excellent,1,Low Risk,13.0375
ID03951,Male,24,Psychology,100.0,5.5,2.7,7.5,11,3.11,Excellent,Very Good,1,Low Risk,11.374999999999996
ID03952,Female,21,Engineering,79.9,1.6,3.67,6.5,5,3.68,Good,Excellent,1,Medium Risk,25.5325
ID03953,Female,19,Economics,100.0,3.1,3.48,7.0,8,3.85,Excellent,Excellent,1,Low Risk,12.15
ID03954,Male,20,Computer Science,85.4,2.4,3.45,6.0,3,3.62,Excellent,Excellent,1,Low Risk,21.7825
ID03955,Male,22,Computer Science,70.6,3.0,4.0,5.9,11,3.96,Low,Excellent,1,Medium Risk,21.230000000000004
ID03956,Female,23,Psychology,75.5,4.5,4.0,5.0,6,3.91,Good,Excellent,1,Low Risk,13.025
ID03957,Female,23,Computer Science,51.1,0.6,3.44,8.2,12,2.9,Critical,Good,1,High Risk,44.50500000000001
ID03958,Male,20,Mathematics,100.0,3.3,3.38,8.7,5,3.66,Excellent,Excellent,1,Low Risk,12.225000000000001
ID03959,Male,24,Computer Science,100.0,2.9,3.64,6.1,8,3.97,Excellent,Excellent,1,Low Risk,11.55
ID03960,Male,24,Economics,69.8,6.8,2.81,6.9,5,3.09,Low,Very Good,1,Medium Risk,24.0025
ID03961,Female,24,Mathematics,81.6,2.1,2.82,9.4,10,2.93,Good,Good,1,Low Risk,30.205000000000005
ID03962,Male,19,Computer Science,86.4,4.6,3.44,8.7,9,3.82,Excellent,Excellent,1,Low Risk,12.62
ID03963,Male,18,Business,70.6,3.6,2.67,8.3,8,2.41,Low,Average,1,Medium Risk,30.4675
ID03964,Female,21,Computer Science,58.7,7.1,3.4,7.4,13,3.18,Critical,Very Good,1,High Risk,23.835
ID03965,Male,22,Mathematics,81.8,6.5,3.18,6.1,12,3.84,Good,Excellent,1,Low Risk,15.364999999999998
ID03966,Female,18,Computer Science,80.2,9.7,2.67,6.2,12,3.14,Good,Very Good,1,Low Risk,20.5475
ID03967,Male,18,Computer Science,79.2,7.2,3.11,7.4,6,3.38,Good,Very Good,1,Low Risk,17.1475
ID03968,Male,20,Computer Science,88.3,4.8,3.75,7.7,10,4.0,Excellent,Excellent,1,Low Risk,8.252500000000001
ID03969,Female,19,Mathematics,100.0,6.3,3.14,5.5,8,3.65,Excellent,Excellent,1,Low Risk,7.524999999999999
ID03970,Male,23,Computer Science,80.5,3.4,3.14,8.9,9,3.53,Good,Excellent,1,Low Risk,22.699999999999996
ID03971,Female,23,Psychology,87.6,4.3,3.26,9.1,5,3.72,Excellent,Excellent,1,Low Risk,14.855000000000006
ID03972,Male,20,Economics,95.9,4.4,3.33,8.2,5,3.54,Excellent,Excellent,1,Low Risk,10.107499999999996
ID03973,Male,19,Psychology,93.3,2.2,2.93,9.3,4,3.02,Excellent,Very Good,1,Low Risk,23.5775
ID03974,Female,20,Mathematics,75.8,7.0,3.28,8.0,6,3.33,Good,Very Good,1,Low Risk,17.190000000000005
ID03975,Male,23,Business,86.4,8.5,2.58,7.4,7,3.04,Excellent,Very Good,1,Low Risk,18.544999999999995
ID03976,Female,18,Psychology,93.2,3.6,2.7,7.1,6,3.09,Excellent,Very Good,1,Low Risk,20.034999999999997
ID03977,Male,21,Economics,68.1,3.8,2.76,6.5,14,2.73,Low,Good,1,Medium Risk,30.005000000000006
ID03978,Male,24,Engineering,100.0,2.6,3.33,7.0,7,3.55,Excellent,Excellent,1,Low Risk,15.462500000000002
ID03979,Male,19,Economics,100.0,1.8,3.18,5.4,7,3.38,Excellent,Very Good,1,Medium Risk,19.974999999999998
ID03980,Male,22,Psychology,74.2,5.9,3.03,6.9,8,3.02,Low,Very Good,1,Medium Risk,20.0975
ID03981,Female,22,Engineering,87.9,1.9,3.45,5.2,10,3.42,Excellent,Very Good,1,Medium Risk,22.6575
ID03982,Female,18,Mathematics,94.6,1.8,3.29,5.8,13,3.55,Excellent,Excellent,1,Medium Risk,21.442500000000003
ID03983,Male,20,Economics,76.8,5.7,2.96,8.8,6,3.11,Good,Very Good,1,Low Risk,19.54
ID03984,Male,20,Business,92.2,4.4,2.58,8.8,11,2.8,Excellent,Good,1,Low Risk,18.334999999999997
ID03985,Female,23,Engineering,87.4,5.9,2.69,5.7,7,3.07,Excellent,Very Good,1,Low Risk,17.132499999999997
ID03986,Female,18,Engineering,63.0,2.4,2.37,8.3,6,2.14,Low,Average,1,Medium Risk,41.3125
ID03987,Male,23,Economics,91.9,10.3,3.17,6.1,10,3.78,Excellent,Excellent,1,Low Risk,10.907499999999997
ID03988,Male,23,Psychology,68.5,2.2,2.67,6.0,6,2.44,Low,Average,1,Medium Risk,37.0125
ID03989,Male,22,Engineering,99.1,2.9,2.85,9.1,5,2.95,Excellent,Good,1,Low Risk,18.867500000000003
ID03990,Female,23,Mathematics,74.9,2.5,3.04,5.4,9,2.72,Low,Good,1,Medium Risk,29.694999999999997
ID03991,Male,24,Economics,82.6,10.2,3.62,4.3,9,4.0,Good,Excellent,1,Low Risk,11.155000000000001
ID03992,Male,23,Mathematics,100.0,3.1,3.56,6.0,8,3.87,Excellent,Excellent,1,Low Risk,11.45
ID03993,Female,22,Economics,92.4,2.0,3.07,6.1,12,3.32,Excellent,Very Good,1,Low Risk,23.557499999999997
ID03994,Male,24,Mathematics,68.8,13.4,3.73,6.4,8,4.0,Low,Excellent,1,Medium Risk,16.4025
ID03995,Male,20,Psychology,69.8,9.3,2.09,4.4,14,2.19,Low,Average,1,Medium Risk,30.302500000000002
ID03996,Male,19,Economics,76.0,7.8,4.0,7.5,11,4.0,Good,Excellent,1,Low Risk,10.8
ID03997,Male,21,Business,90.9,9.0,3.45,9.8,10,4.0,Excellent,Excellent,1,Low Risk,8.907499999999995
ID03998,Male,23,Psychology,90.4,2.1,3.15,7.5,4,3.6,Excellent,Excellent,1,Low Risk,23.357499999999998
ID03999,Male,24,Mathematics,72.4,9.7,2.65,6.7,6,2.91,Low,Good,1,Medium Risk,24.232499999999998
ID04000,Male,19,Economics,67.5,3.5,2.88,8.0,10,3.09,Low,Very Good,1,Medium Risk,30.425
ID04001,Female,22,Psychology,89.2,4.9,3.4,7.1,7,3.77,Excellent,Excellent,1,Low Risk,10.509999999999998
ID04002,Female,19,Mathematics,82.3,3.9,3.42,7.1,11,3.81,Good,Excellent,1,Low Risk,17.440000000000005
ID04003,Female,21,Computer Science,100.0,8.4,3.43,6.9,11,4.0,Excellent,Excellent,1,Low Risk,4.987499999999998
ID04004,Male,19,Computer Science,85.5,0.6,2.74,7.3,9,2.86,Excellent,Good,1,Medium Risk,35.150000000000006
ID04005,Male,24,Engineering,100.0,1.9,2.64,6.4,6,2.77,Excellent,Good,1,Medium Risk,24.299999999999997
ID04006,Male,19,Business,67.4,9.0,3.2,4.6,6,3.31,Low,Very Good,1,Medium Risk,21.669999999999995
ID04007,Male,19,Computer Science,61.4,2.6,3.48,9.8,8,3.5,Low,Excellent,1,Medium Risk,31.520000000000003
ID04008,Male,19,Mathematics,68.2,8.2,3.1,7.8,6,3.53,Low,Excellent,1,Medium Risk,22.184999999999995
ID04009,Female,18,Psychology,100.0,2.5,3.84,5.9,9,3.87,Excellent,Excellent,1,Low Risk,11.400000000000002
ID04010,Male,23,Economics,100.0,3.4,3.12,7.5,7,3.52,Excellent,Excellent,1,Low Risk,14.099999999999998
ID04011,Male,22,Psychology,73.3,10.8,3.1,5.3,4,3.2,Low,Very Good,1,Medium Risk,19.89
ID04012,Male,21,Engineering,78.1,6.3,3.44,7.6,8,3.75,Good,Excellent,1,Low Risk,14.755000000000003
ID04013,Female,22,Psychology,67.5,4.5,3.71,8.1,5,3.83,Low,Excellent,1,Medium Risk,19.1625
ID04014,Male,18,Computer Science,57.8,5.4,2.43,8.5,7,2.26,Critical,Average,1,High Risk,32.7275
ID04015,Female,18,Psychology,95.8,7.3,2.54,7.9,12,3.18,Excellent,Very Good,1,Low Risk,14.665
ID04016,Male,24,Computer Science,88.3,4.3,2.94,6.7,5,3.35,Excellent,Very Good,1,Low Risk,17.34
ID04017,Female,18,Computer Science,85.2,5.7,4.0,8.5,11,4.0,Excellent,Excellent,1,Low Risk,6.659999999999999
ID04018,Female,23,Business,64.0,13.5,2.97,6.2,15,3.66,Low,Excellent,1,Medium Risk,25.2125
ID04019,Male,18,Engineering,100.0,2.0,3.04,7.4,9,3.15,Excellent,Very Good,1,Low Risk,20.4
ID04020,Male,19,Mathematics,77.4,4.4,3.41,5.9,7,3.27,Good,Very Good,1,Low Risk,17.732499999999995
ID04021,Male,22,Computer Science,93.0,2.9,3.59,7.3,6,3.86,Excellent,Excellent,1,Low Risk,15.137500000000003
ID04022,Male,20,Economics,63.2,2.2,3.18,9.2,14,3.04,Low,Very Good,1,Medium Risk,34.934999999999995
ID04023,Female,21,Engineering,82.1,4.4,3.68,8.2,10,3.79,Good,Excellent,1,Low Risk,13.255
ID04024,Female,18,Mathematics,89.4,2.3,2.5,8.4,10,2.77,Excellent,Good,1,Low Risk,28.694999999999997
ID04025,Female,22,Economics,89.9,2.1,2.72,8.7,6,2.73,Excellent,Good,1,Low Risk,27.34499999999999
ID04026,Female,24,Psychology,87.3,3.8,3.68,6.9,6,4.0,Excellent,Excellent,1,Low Risk,13.315000000000001
ID04027,Male,18,Engineering,92.4,5.6,3.11,5.7,5,3.42,Excellent,Very Good,1,Low Risk,11.207499999999998
ID04028,Male,23,Economics,68.0,5.3,2.47,4.2,7,2.61,Low,Good,1,Medium Risk,27.787499999999998
ID04029,Female,18,Engineering,88.0,3.8,2.44,5.4,12,2.6,Excellent,Good,1,Medium Risk,23.849999999999998
ID04030,Male,18,Engineering,86.7,1.6,2.69,7.2,10,3.05,Excellent,Very Good,1,Medium Risk,31.0475
ID04031,Female,18,Psychology,88.5,1.5,3.1,4.0,3,3.13,Excellent,Very Good,1,Medium Risk,27.049999999999997
ID04032,Male,24,Psychology,86.1,5.0,3.33,7.3,6,3.76,Excellent,Excellent,1,Low Risk,12.117500000000003
ID04033,Male,18,Engineering,65.9,2.7,2.94,7.7,14,2.92,Low,Good,1,Medium Risk,33.82
ID04034,Female,21,Economics,65.2,4.6,3.29,4.7,8,3.21,Low,Very Good,1,Medium Risk,23.4725
ID04035,Male,22,Business,51.8,4.2,2.88,8.3,3,2.34,Critical,Average,1,High Risk,34.690000000000005
ID04036,Female,23,Computer Science,97.3,1.0,3.71,6.4,10,3.87,Excellent,Excellent,1,Medium Risk,19.7525
ID04037,Female,18,Psychology,97.4,9.1,4.0,4.5,10,4.0,Excellent,Excellent,1,Low Risk,1.1699999999999975
ID04038,Female,18,Business,97.7,1.5,2.9,4.5,4,2.92,Excellent,Good,1,Medium Risk,24.659999999999997
ID04039,Female,18,Psychology,89.6,3.5,3.34,6.9,5,3.74,Excellent,Excellent,1,Low Risk,16.455000000000005
ID04040,Female,18,Engineering,53.0,1.7,3.3,7.1,9,2.96,Critical,Good,1,High Risk,40.475
ID04041,Female,19,Business,69.6,2.6,3.17,7.0,11,3.16,Low,Very Good,1,Medium Risk,30.542500000000004
ID04042,Male,19,Economics,87.6,2.8,3.43,8.6,9,3.65,Excellent,Excellent,1,Low Risk,19.367500000000003
ID04043,Male,20,Economics,87.0,3.0,3.34,7.1,8,3.49,Excellent,Very Good,1,Low Risk,19.625
ID04044,Female,18,Mathematics,81.7,3.5,2.86,6.1,9,3.05,Good,Very Good,1,Low Risk,24.21
ID04045,Male,20,Computer Science,90.5,10.2,3.76,6.5,11,4.0,Excellent,Excellent,1,Low Risk,6.375000000000002
ID04046,Male,21,Computer Science,85.2,2.2,3.2,8.6,8,3.32,Excellent,Very Good,1,Low Risk,24.859999999999996
ID04047,Male,20,Psychology,86.8,5.7,2.91,5.3,11,3.23,Excellent,Very Good,1,Low Risk,15.4775
ID04048,Female,22,Computer Science,75.4,7.7,4.0,7.2,9,4.0,Good,Excellent,1,Low Risk,11.069999999999999
ID04049,Female,19,Mathematics,99.7,5.4,3.04,7.3,4,3.33,Excellent,Very Good,1,Low Risk,8.534999999999997
ID04050,Male,19,Economics,78.5,8.6,3.23,8.5,5,3.57,Good,Excellent,1,Low Risk,16.4125
ID04051,Female,18,Business,65.0,5.4,3.19,7.2,10,3.45,Low,Very Good,1,Medium Risk,22.8375
ID04052,Female,18,Business,73.4,5.3,3.04,5.6,10,3.22,Low,Very Good,1,Medium Risk,20.369999999999997
ID04053,Female,21,Economics,79.8,7.9,3.32,7.3,9,3.62,Good,Excellent,1,Low Risk,15.040000000000003
ID04054,Female,23,Engineering,99.9,4.9,2.68,8.1,12,3.12,Excellent,Very Good,1,Low Risk,11.994999999999994
ID04055,Female,21,Economics,84.4,7.8,3.4,7.2,9,4.0,Good,Excellent,1,Low Risk,12.269999999999998
ID04056,Male,22,Business,82.2,4.8,2.22,8.6,8,2.5,Good,Good,1,Medium Risk,24.384999999999994
ID04057,Female,18,Psychology,66.3,7.7,2.45,5.0,9,2.73,Low,Good,1,Medium Risk,28.7275
ID04058,Male,18,Mathematics,96.8,9.6,4.0,6.8,8,4.0,Excellent,Excellent,1,Low Risk,1.4400000000000013
ID04059,Female,21,Economics,75.2,3.2,2.47,7.0,9,2.4,Good,Average,1,Medium Risk,31.747499999999995
ID04060,Female,21,Engineering,83.5,2.9,2.12,8.2,12,2.29,Good,Average,1,Medium Risk,32.275000000000006
ID04061,Male,21,Psychology,100.0,8.6,2.48,8.3,6,2.99,Excellent,Good,1,Medium Risk,13.299999999999999
ID04062,Male,19,Economics,92.6,7.6,3.97,7.0,9,4.0,Excellent,Excellent,1,Low Risk,3.592500000000001
ID04063,Female,20,Psychology,60.6,1.1,2.2,6.5,6,2.03,Low,Average,1,Medium Risk,49.08
ID04064,Male,20,Economics,58.5,4.6,2.62,7.3,7,2.35,Critical,Average,1,High Risk,32.35
ID04065,Female,18,Psychology,84.0,10.8,2.37,5.3,7,2.93,Good,Good,1,Medium Risk,21.4625
ID04066,Male,19,Computer Science,66.8,1.9,2.96,6.3,4,2.81,Low,Good,1,Medium Risk,36.44
ID04067,Male,21,Psychology,94.7,1.7,2.88,7.9,12,3.1,Excellent,Very Good,1,Medium Risk,25.384999999999998
ID04068,Female,18,Computer Science,85.6,2.6,2.86,7.5,6,3.25,Excellent,Very Good,1,Low Risk,26.055000000000007
ID04069,Female,19,Business,87.5,3.1,4.0,6.0,5,4.0,Excellent,Excellent,1,Low Risk,13.225000000000001
ID04070,Female,22,Computer Science,74.4,1.3,2.5,5.8,9,2.27,Low,Average,1,Medium Risk,39.44499999999999
ID04071,Male,23,Psychology,100.0,1.9,3.05,5.8,7,3.06,Excellent,Very Good,1,Medium Risk,20.7125
ID04072,Female,19,Mathematics,100.0,1.2,3.27,5.9,8,3.51,Excellent,Excellent,1,Medium Risk,21.5875
ID04073,Female,24,Mathematics,80.8,4.5,2.61,7.2,8,2.99,Good,Good,1,Low Risk,22.802500000000002
ID04074,Female,18,Business,90.3,4.5,3.34,8.8,10,3.8,Excellent,Excellent,1,Low Risk,12.140000000000002
ID04075,Female,20,Psychology,86.5,8.7,2.9,9.0,9,3.29,Excellent,Very Good,1,Low Risk,15.7
ID04076,Female,24,Computer Science,81.1,4.7,3.29,5.6,4,3.45,Good,Very Good,1,Low Risk,15.9175
ID04077,Male,21,Mathematics,72.5,5.6,3.05,7.5,10,2.98,Low,Good,1,Medium Risk,20.6875
ID04078,Male,23,Economics,68.7,6.0,2.07,7.4,12,2.05,Low,Average,1,Medium Risk,30.972500000000004
ID04079,Female,22,Engineering,68.0,2.1,3.75,7.3,4,3.66,Low,Excellent,1,Medium Risk,28.1875
ID04080,Male,23,Psychology,91.1,2.0,4.0,5.5,11,4.0,Excellent,Excellent,1,Low Risk,16.005000000000003
ID04081,Female,23,Economics,77.2,1.8,3.01,5.9,8,2.67,Good,Good,1,Medium Risk,31.7225
ID04082,Male,19,Economics,46.3,3.0,2.65,7.5,12,2.24,Critical,Average,1,High Risk,43.977500000000006
ID04083,Female,18,Psychology,91.7,2.9,3.85,6.4,5,4.0,Excellent,Excellent,1,Low Risk,13.4475
ID04084,Female,18,Engineering,84.4,4.2,4.0,7.1,8,4.0,Good,Excellent,1,Low Risk,10.219999999999997
ID04085,Male,23,Mathematics,100.0,6.3,3.02,5.5,8,3.24,Excellent,Very Good,1,Low Risk,8.575
ID04086,Male,21,Engineering,90.6,5.6,2.99,6.3,10,3.59,Excellent,Excellent,1,Low Risk,13.067499999999999
ID04087,Male,18,Business,62.8,2.9,3.06,5.0,7,2.82,Low,Good,1,Medium Risk,33.36500000000001
ID04088,Female,23,Computer Science,51.6,2.6,2.26,7.4,7,1.78,Critical,Poor,0,High Risk,46.605000000000004
ID04089,Female,18,Computer Science,74.2,2.8,2.95,6.5,6,2.81,Low,Good,1,Medium Risk,29.597500000000004
ID04090,Male,21,Economics,75.6,3.0,3.96,7.4,10,3.82,Good,Excellent,1,Low Risk,19.330000000000002
ID04091,Female,22,Mathematics,99.1,1.4,3.02,6.5,12,3.29,Excellent,Very Good,1,Medium Risk,23.380000000000003
ID04092,Male,24,Engineering,84.9,4.8,2.58,7.4,8,2.83,Good,Good,1,Low Risk,20.019999999999996
ID04093,Male,23,Economics,100.0,10.8,3.35,9.7,10,3.99,Excellent,Excellent,1,Low Risk,5.687499999999998
ID04094,Female,20,Psychology,65.1,4.0,2.77,6.2,6,2.73,Low,Good,1,Medium Risk,30.4675
ID04095,Male,20,Economics,99.5,4.2,3.07,7.7,9,3.33,Excellent,Very Good,1,Low Risk,11.5625
ID04096,Male,23,Psychology,95.8,5.2,2.47,6.0,13,3.04,Excellent,Very Good,1,Medium Risk,15.277499999999998
ID04097,Male,19,Psychology,54.7,1.9,2.58,6.8,8,2.11,Critical,Average,1,High Risk,45.209999999999994
ID04098,Male,22,Business,100.0,2.6,3.47,7.7,7,3.9,Excellent,Excellent,1,Low Risk,14.237499999999999
ID04099,Male,19,Business,86.4,2.8,3.16,7.4,8,3.37,Excellent,Very Good,1,Low Risk,22.269999999999996
ID04100,Male,24,Psychology,90.9,1.8,2.71,8.0,10,3.15,Excellent,Very Good,1,Medium Risk,28.182499999999997
ID04101,Female,20,Mathematics,72.0,9.5,3.16,8.4,6,3.58,Low,Excellent,1,Medium Risk,19.949999999999996
ID04102,Male,21,Business,100.0,6.2,2.8,8.0,9,3.39,Excellent,Very Good,1,Low Risk,10.5
ID04103,Male,23,Business,67.2,6.4,2.71,8.4,4,2.93,Low,Good,1,Medium Risk,26.0475
ID04104,Male,24,Computer Science,97.5,3.2,3.68,7.3,7,4.0,Excellent,Excellent,1,Low Risk,11.124999999999998
ID04105,Male,18,Economics,97.3,4.4,3.49,5.9,8,3.81,Excellent,Excellent,1,Low Risk,8.077499999999997
ID04106,Female,20,Computer Science,70.4,3.1,3.09,8.2,10,3.12,Low,Very Good,1,Medium Risk,28.8825
ID04107,Female,22,Mathematics,100.0,3.5,3.17,6.4,8,3.55,Excellent,Excellent,1,Low Risk,13.2625
ID04108,Male,20,Business,88.5,4.2,3.1,8.0,6,3.6,Excellent,Excellent,1,Low Risk,16.249999999999996
ID04109,Female,22,Business,94.8,3.6,3.34,5.1,11,3.74,Excellent,Excellent,1,Low Risk,13.715000000000002
ID04110,Female,22,Engineering,62.1,4.1,2.7,6.5,9,2.86,Low,Good,1,Medium Risk,32.03
ID04111,Female,23,Mathematics,100.0,1.3,3.53,6.0,9,3.93,Excellent,Excellent,1,Medium Risk,18.9125
ID04112,Male,22,Economics,66.6,1.9,3.28,7.6,8,3.2,Low,Very Good,1,Medium Risk,33.730000000000004
ID04113,Male,19,Economics,100.0,3.0,2.97,6.1,7,3.44,Excellent,Very Good,1,Low Risk,17.012499999999996
ID04114,Male,24,Economics,70.1,3.4,2.86,7.0,3,2.77,Low,Good,1,Medium Risk,29.830000000000005
ID04115,Female,21,Mathematics,75.7,3.4,3.52,6.8,6,3.35,Good,Very Good,1,Low Risk,21.534999999999997
ID04116,Male,20,Engineering,96.8,5.5,3.02,8.5,5,3.2,Excellent,Very Good,1,Low Risk,10.015
ID04117,Female,21,Engineering,100.0,4.6,2.75,7.7,7,2.99,Excellent,Good,1,Low Risk,12.537500000000001
ID04118,Male,24,Computer Science,65.9,5.1,2.91,7.4,10,3.14,Low,Very Good,1,Medium Risk,24.882499999999993
ID04119,Male,18,Mathematics,100.0,2.8,3.48,7.0,8,3.73,Excellent,Excellent,1,Low Risk,13.350000000000001
ID04120,Female,24,Mathematics,100.0,2.1,2.29,5.8,12,2.34,Excellent,Average,1,Medium Risk,26.5625
ID04121,Male,20,Engineering,70.9,3.6,2.92,5.7,6,2.97,Low,Good,1,Medium Risk,28.144999999999996
ID04122,Male,21,Psychology,100.0,5.9,3.64,7.4,1,3.97,Excellent,Excellent,1,Low Risk,3.1499999999999986
ID04123,Female,21,Psychology,63.1,9.3,3.02,4.9,10,3.07,Low,Very Good,1,Medium Risk,25.18
ID04124,Female,23,Computer Science,75.6,2.8,3.24,6.9,9,3.22,Good,Very Good,1,Low Risk,26.43
ID04125,Female,23,Psychology,92.2,9.3,3.64,7.2,5,4.0,Excellent,Excellent,1,Low Risk,6.6599999999999975
ID04126,Female,24,Psychology,72.2,2.0,3.55,4.9,10,3.31,Low,Very Good,1,Medium Risk,28.4475
ID04127,Female,24,Psychology,89.0,1.4,2.88,6.9,4,3.18,Excellent,Very Good,1,Medium Risk,29.15
ID04128,Female,18,Business,88.6,3.3,3.03,7.0,8,3.29,Excellent,Very Good,1,Low Risk,20.417500000000004
ID04129,Male,22,Computer Science,82.2,2.1,3.55,10.0,16,3.24,Good,Very Good,1,Low Risk,23.5475
ID04130,Male,20,Engineering,97.5,2.5,3.57,7.0,8,3.81,Excellent,Excellent,1,Low Risk,14.887500000000001
ID04131,Male,23,Psychology,81.6,6.7,3.06,8.3,13,3.45,Good,Very Good,1,Low Risk,16.505000000000003
ID04132,Male,20,Economics,88.5,6.4,3.07,7.7,7,3.44,Excellent,Very Good,1,Low Risk,13.3125
ID04133,Female,18,Business,100.0,4.6,3.23,7.4,15,3.48,Excellent,Very Good,1,Low Risk,8.337500000000002
ID04134,Female,23,Psychology,96.9,4.4,3.78,8.2,5,4.0,Excellent,Excellent,1,Low Risk,5.719999999999998
ID04135,Female,23,Business,96.8,2.5,3.63,4.8,7,3.63,Excellent,Excellent,1,Low Risk,14.677500000000002
ID04136,Male,22,Computer Science,67.8,3.6,3.45,6.9,5,3.66,Low,Excellent,1,Medium Risk,24.902500000000003
ID04137,Female,20,Economics,92.9,3.2,2.56,7.4,9,2.67,Excellent,Good,1,Low Risk,22.994999999999997
ID04138,Male,20,Economics,71.8,1.6,2.96,5.6,7,2.85,Low,Good,1,Medium Risk,35.39
ID04139,Female,20,Economics,65.8,10.2,2.99,6.9,5,3.2,Low,Very Good,1,Medium Risk,24.2275
ID04140,Female,22,Psychology,83.9,3.3,3.81,7.1,8,4.0,Good,Excellent,1,Low Risk,15.707499999999998
ID04141,Male,23,Business,71.4,2.0,2.98,6.7,10,2.8,Low,Good,1,Medium Risk,33.794999999999995
ID04142,Male,18,Economics,96.9,1.5,3.73,5.7,7,3.67,Excellent,Excellent,1,Medium Risk,17.757499999999997
ID04143,Male,20,Mathematics,97.2,5.2,2.81,5.9,5,3.26,Excellent,Very Good,1,Low Risk,11.672499999999998
ID04144,Female,21,Mathematics,56.5,9.8,2.85,6.5,2,2.86,Critical,Good,1,High Risk,29.637499999999996
ID04145,Female,22,Business,72.6,11.5,3.34,7.6,10,3.68,Low,Excellent,1,Medium Risk,18.105000000000004
ID04146,Female,19,Psychology,63.1,3.7,3.88,7.1,6,4.0,Low,Excellent,1,Medium Risk,22.855
ID04147,Male,18,Psychology,78.1,3.3,2.99,7.3,8,2.84,Good,Good,1,Low Risk,25.4925
ID04148,Male,21,Computer Science,91.8,4.2,1.82,6.7,13,2.12,Excellent,Average,1,High Risk,25.964999999999996
ID04149,Female,20,Computer Science,81.4,4.1,2.32,5.7,8,2.45,Good,Average,1,Medium Risk,26.67
ID04150,Female,19,Economics,76.2,1.0,3.25,6.5,8,3.35,Good,Very Good,1,Medium Risk,33.2725
ID04151,Male,18,Engineering,100.0,3.0,2.36,5.8,7,2.58,Excellent,Good,1,Medium Risk,22.35
ID04152,Male,22,Computer Science,50.4,4.8,2.67,4.0,7,2.48,Critical,Average,1,High Risk,34.75749999999999
ID04153,Female,19,Psychology,100.0,5.4,3.11,7.0,8,3.4,Excellent,Very Good,1,Low Risk,7.7875000000000005
ID04154,Male,23,Engineering,76.8,5.6,1.88,6.6,10,1.93,Good,Poor,0,High Risk,28.99
ID04155,Male,24,Computer Science,83.8,4.1,2.91,8.9,10,3.21,Good,Very Good,1,Low Risk,20.427500000000002
ID04156,Male,19,Business,77.1,1.9,2.52,8.0,8,2.34,Good,Average,1,Medium Risk,35.655
ID04157,Male,24,Mathematics,100.0,3.7,2.35,7.7,4,2.69,Excellent,Good,1,Medium Risk,19.637499999999996
ID04158,Female,21,Computer Science,66.5,7.9,2.7,5.5,7,3.02,Low,Very Good,1,Medium Risk,26.449999999999996
ID04159,Female,18,Computer Science,85.2,5.0,2.57,8.5,6,3.04,Excellent,Very Good,1,Low Risk,19.1725
ID04160,Female,21,Business,92.9,3.4,3.33,7.2,10,3.59,Excellent,Excellent,1,Low Risk,15.457499999999998
ID04161,Male,21,Psychology,60.8,12.1,3.7,6.5,9,4.0,Low,Excellent,1,Medium Risk,20.265
ID04162,Male,20,Economics,71.2,4.2,2.92,5.8,6,2.76,Low,Good,1,Medium Risk,25.609999999999996
ID04163,Male,22,Business,82.8,3.6,2.8,6.0,6,3.32,Good,Very Good,1,Low Risk,23.840000000000003
ID04164,Male,19,Economics,71.7,5.9,2.89,6.6,2,3.04,Low,Very Good,1,Medium Risk,22.447499999999998
ID04165,Female,18,Computer Science,72.8,1.8,2.55,5.5,8,2.27,Low,Average,1,Medium Risk,37.727500000000006
ID04166,Male,23,Psychology,79.8,3.3,2.46,7.1,6,2.61,Good,Good,1,Medium Risk,29.365000000000002
ID04167,Male,22,Engineering,94.7,3.7,2.28,6.8,12,2.58,Excellent,Good,1,Medium Risk,22.634999999999998
ID04168,Male,22,Computer Science,79.9,1.3,2.44,8.0,6,2.41,Good,Average,1,Medium Risk,37.495
ID04169,Male,18,Business,100.0,4.5,3.92,6.8,7,4.0,Excellent,Excellent,1,Low Risk,2.7000000000000006
ID04170,Male,22,Engineering,70.0,5.4,2.75,4.3,6,2.69,Low,Good,1,Medium Risk,24.4375
ID04171,Male,20,Mathematics,66.2,2.9,1.63,6.5,7,1.66,Low,Poor,0,High Risk,44.3475
ID04172,Female,22,Engineering,100.0,6.1,2.81,5.3,6,2.99,Excellent,Good,1,Low Risk,10.4125
ID04173,Male,20,Business,75.1,7.3,2.3,6.1,8,2.41,Good,Average,1,Medium Risk,26.080000000000005
ID04174,Male,19,Engineering,65.3,7.8,3.13,5.6,5,3.13,Low,Very Good,1,Medium Risk,23.227500000000003
ID04175,Female,19,Business,58.9,2.0,3.08,10.0,6,2.69,Critical,Good,1,High Risk,38.545
ID04176,Female,21,Computer Science,100.0,4.4,3.13,6.5,7,3.4,Excellent,Very Good,1,Low Risk,10.0125
ID04177,Female,20,Psychology,79.9,5.7,3.08,8.1,9,3.22,Good,Very Good,1,Low Risk,17.095
ID04178,Female,23,Mathematics,81.2,4.4,2.91,6.5,9,3.38,Good,Very Good,1,Low Risk,20.397499999999994
ID04179,Male,19,Psychology,82.6,7.0,2.37,6.7,9,2.98,Good,Good,1,Medium Risk,22.0925
ID04180,Male,22,Psychology,100.0,4.6,3.06,6.3,8,3.29,Excellent,Very Good,1,Low Risk,9.825000000000001
ID04181,Male,18,Psychology,82.3,1.9,3.61,6.0,8,3.87,Good,Excellent,1,Medium Risk,23.777500000000003
ID04182,Female,18,Business,100.0,7.0,4.0,6.0,4,4.0,Excellent,Excellent,1,Low Risk,0.0
ID04183,Female,24,Business,87.0,4.3,2.98,7.6,11,3.27,Excellent,Very Good,1,Low Risk,17.575
ID04184,Male,20,Mathematics,100.0,9.5,3.04,6.9,10,3.57,Excellent,Excellent,1,Low Risk,8.399999999999999
ID04185,Male,23,Business,97.1,2.0,3.35,9.0,12,3.59,Excellent,Excellent,1,Low Risk,18.9925
ID04186,Female,21,Economics,84.5,4.3,3.85,6.7,6,4.0,Good,Excellent,1,Low Risk,11.0875
ID04187,Male,22,Business,76.2,9.1,2.86,6.6,13,3.06,Good,Very Good,1,Low Risk,20.685000000000002
ID04188,Female,20,Business,90.0,4.6,3.45,7.1,8,3.86,Excellent,Excellent,1,Low Risk,10.9125
ID04189,Female,24,Business,92.7,6.3,2.69,7.9,4,3.2,Excellent,Very Good,1,Low Risk,14.747499999999997
ID04190,Female,18,Computer Science,76.4,7.4,3.26,7.2,4,3.59,Good,Excellent,1,Low Risk,17.095
ID04191,Female,20,Mathematics,87.5,4.2,3.59,9.0,8,3.67,Excellent,Excellent,1,Low Risk,12.4125
ID04192,Female,22,Economics,100.0,2.4,2.45,10.0,8,2.49,Excellent,Average,1,Medium Risk,23.9625
ID04193,Male,23,Business,100.0,6.7,2.84,8.2,11,3.34,Excellent,Very Good,1,Low Risk,10.15
ID04194,Female,23,Mathematics,97.8,3.7,3.58,7.6,10,3.93,Excellent,Excellent,1,Low Risk,9.864999999999998
ID04195,Female,19,Engineering,100.0,1.0,3.41,4.0,11,3.63,Excellent,Excellent,1,Medium Risk,21.162499999999998
ID04196,Male,22,Computer Science,75.6,8.2,3.62,9.1,12,3.76,Good,Excellent,1,Low Risk,14.305
ID04197,Male,24,Business,95.5,10.2,3.52,8.8,8,4.0,Excellent,Excellent,1,Low Risk,6.225
ID04198,Male,19,Economics,100.0,2.8,2.93,9.3,12,3.07,Excellent,Very Good,1,Low Risk,18.1625
ID04199,Male,19,Computer Science,71.6,4.1,4.0,8.2,8,4.0,Low,Excellent,1,Medium Risk,16.380000000000003
ID04200,Female,19,Economics,77.7,10.6,3.17,5.6,7,3.49,Good,Very Good,1,Low Risk,17.2975
ID04201,Female,20,Computer Science,100.0,9.2,1.57,5.6,9,2.04,Excellent,Average,1,High Risk,21.262499999999996
ID04202,Male,24,Engineering,70.4,5.7,2.96,5.4,8,2.87,Low,Good,1,Medium Risk,22.419999999999998
ID04203,Male,18,Mathematics,64.9,8.7,2.87,7.1,15,2.96,Low,Good,1,Medium Risk,25.682499999999997
ID04204,Female,23,Computer Science,100.0,3.6,3.5,5.9,14,3.57,Excellent,Excellent,1,Low Risk,9.975
ID04205,Male,20,Psychology,100.0,1.6,2.87,8.3,7,2.84,Excellent,Good,1,Medium Risk,23.487499999999997
ID04206,Male,18,Engineering,91.5,7.7,3.65,6.1,7,4.0,Excellent,Excellent,1,Low Risk,6.887500000000001
ID04207,Female,23,Psychology,84.3,4.0,3.38,6.5,13,3.83,Good,Excellent,1,Low Risk,16.490000000000002
ID04208,Male,24,Engineering,78.4,1.3,2.6,7.4,7,2.5,Good,Good,1,Medium Risk,36.769999999999996
ID04209,Male,24,Psychology,89.2,2.8,3.03,6.3,15,3.29,Excellent,Very Good,1,Low Risk,22.1475
ID04210,Male,22,Psychology,100.0,3.5,2.71,5.6,7,2.79,Excellent,Good,1,Low Risk,17.2875
ID04211,Male,23,Economics,88.6,3.7,3.19,4.3,10,3.59,Excellent,Excellent,1,Low Risk,17.4175
ID04212,Female,23,Computer Science,100.0,2.6,2.71,8.4,10,2.98,Excellent,Good,1,Low Risk,20.887500000000003
ID04213,Male,24,Computer Science,71.5,2.1,3.14,5.6,9,2.96,Low,Good,1,Medium Risk,31.950000000000003
ID04214,Male,23,Engineering,84.7,1.2,2.96,6.4,5,3.01,Good,Very Good,1,Medium Risk,31.185000000000002
ID04215,Female,21,Mathematics,79.4,1.2,3.02,6.4,11,3.07,Good,Very Good,1,Medium Risk,33.045
ID04216,Female,22,Economics,68.7,3.9,4.0,4.0,4,3.81,Low,Excellent,1,Medium Risk,18.485
ID04217,Male,20,Computer Science,82.7,4.7,2.92,7.4,9,3.37,Good,Very Good,1,Low Risk,18.435
ID04218,Male,20,Computer Science,91.3,2.0,2.13,9.1,7,2.22,Excellent,Average,1,Medium Risk,32.2775
ID04219,Female,18,Economics,92.9,8.6,3.61,8.4,2,4.0,Excellent,Excellent,1,Low Risk,6.607499999999998
ID04220,Male,20,Business,100.0,3.1,3.6,6.4,9,3.94,Excellent,Excellent,1,Low Risk,11.1
ID04221,Male,19,Economics,92.0,3.8,2.11,8.6,12,2.24,Excellent,Average,1,Medium Risk,24.9375
ID04222,Female,23,Computer Science,100.0,3.6,2.75,4.4,4,2.79,Excellent,Good,1,Low Risk,16.5375
ID04223,Female,20,Mathematics,86.0,1.0,3.32,8.2,4,3.3,Excellent,Very Good,1,Medium Risk,28.25
ID04224,Female,18,Business,100.0,7.0,3.36,5.9,6,3.71,Excellent,Excellent,1,Low Risk,5.6000000000000005
ID04225,Female,18,Psychology,100.0,5.6,3.1,8.5,10,3.51,Excellent,Excellent,1,Low Risk,7.874999999999998
ID04226,Female,19,Economics,93.0,8.8,3.11,7.1,12,3.59,Excellent,Excellent,1,Low Risk,10.9375
ID04227,Male,18,Psychology,70.1,8.4,2.63,5.2,12,2.7,Low,Good,1,Medium Risk,25.442500000000003
ID04228,Female,24,Business,76.8,5.2,1.9,7.4,11,1.98,Good,Poor,0,High Risk,28.815
ID04229,Male,21,Business,89.2,5.9,4.0,7.0,8,4.0,Excellent,Excellent,1,Low Risk,4.8599999999999985
ID04230,Male,24,Business,91.8,1.9,2.62,7.4,5,2.97,Excellent,Good,1,Medium Risk,28.165
ID04231,Female,23,Engineering,95.5,3.1,3.19,5.8,6,3.23,Excellent,Very Good,1,Low Risk,16.7125
ID04232,Female,23,Economics,91.9,3.6,3.02,5.2,13,3.34,Excellent,Very Good,1,Low Risk,17.819999999999997
ID04233,Male,23,Mathematics,85.1,2.9,3.55,7.9,2,3.75,Excellent,Excellent,1,Low Risk,19.042500000000004
ID04234,Female,22,Mathematics,75.5,8.3,3.16,6.9,13,3.41,Good,Very Good,1,Low Risk,18.375
ID04235,Male,20,Psychology,91.0,4.5,3.18,7.9,5,3.52,Excellent,Excellent,1,Low Risk,13.224999999999998
ID04236,Male,21,Psychology,100.0,2.4,1.78,7.8,8,1.95,Excellent,Poor,0,High Risk,29.824999999999996
ID04237,Male,20,Psychology,100.0,8.0,2.68,8.1,12,3.03,Excellent,Very Good,1,Low Risk,11.549999999999997
ID04238,Female,21,Economics,93.0,4.5,3.47,9.4,10,3.92,Excellent,Excellent,1,Low Risk,9.787499999999998
ID04239,Female,20,Computer Science,100.0,6.8,3.43,7.3,4,3.84,Excellent,Excellent,1,Low Risk,4.987499999999998
ID04240,Male,19,Psychology,79.4,1.9,2.62,5.5,5,2.34,Good,Average,1,Medium Risk,33.745
ID04241,Female,24,Business,77.4,4.8,2.31,5.8,9,2.2,Good,Average,1,Medium Risk,25.757499999999997
ID04242,Male,18,Psychology,73.8,2.3,3.16,6.6,15,3.2,Low,Very Good,1,Medium Risk,29.94
ID04243,Female,18,Business,83.1,4.6,1.65,7.3,5,1.95,Good,Poor,0,High Risk,29.767500000000005
ID04244,Male,24,Engineering,78.7,5.7,2.53,9.1,11,2.43,Good,Average,1,Low Risk,22.4475
ID04245,Male,19,Computer Science,100.0,1.8,3.98,6.8,8,4.0,Excellent,Excellent,1,Medium Risk,12.975000000000001
ID04246,Female,21,Computer Science,77.9,3.9,3.82,9.5,6,3.61,Good,Excellent,1,Low Risk,15.920000000000002
ID04247,Male,24,Economics,73.0,1.9,3.34,9.7,8,3.14,Low,Very Good,1,Medium Risk,30.325000000000003
ID04248,Male,22,Economics,100.0,7.1,3.25,7.6,8,3.9,Excellent,Excellent,1,Low Risk,6.5625
ID04249,Female,21,Mathematics,78.2,4.2,2.12,7.9,9,2.13,Good,Average,1,Medium Risk,29.459999999999997
ID04250,Female,18,Engineering,87.3,2.4,2.73,6.3,4,3.01,Excellent,Very Good,1,Low Risk,27.2275
ID04251,Male,22,Economics,91.8,2.8,2.95,9.5,8,3.26,Excellent,Very Good,1,Low Risk,21.677500000000002
ID04252,Male,20,Business,67.9,3.1,2.74,6.0,9,2.75,Low,Good,1,Medium Risk,33.06999999999999
ID04253,Male,22,Engineering,100.0,8.7,2.92,8.8,8,3.22,Excellent,Very Good,1,Low Risk,9.45
ID04254,Male,21,Computer Science,94.6,3.8,3.75,5.5,8,3.88,Excellent,Excellent,1,Low Risk,9.417500000000004
ID04255,Male,19,Business,100.0,6.4,2.83,8.0,9,3.46,Excellent,Very Good,1,Low Risk,10.237499999999999
ID04256,Female,20,Engineering,74.8,3.9,2.93,8.7,10,3.0,Low,Very Good,1,Medium Risk,25.102500000000003
ID04257,Female,21,Computer Science,86.5,1.9,3.47,8.4,4,3.72,Excellent,Excellent,1,Medium Risk,23.112499999999997
ID04258,Male,20,Economics,85.6,2.8,2.39,6.3,6,2.7,Excellent,Good,1,Medium Risk,29.367500000000007
ID04259,Male,22,Business,89.0,4.9,2.68,6.6,10,3.02,Excellent,Very Good,1,Low Risk,16.899999999999995
ID04260,Male,18,Business,63.2,1.1,2.73,9.3,9,2.61,Low,Good,1,Medium Risk,43.2725
ID04261,Male,21,Computer Science,86.7,5.4,3.13,6.2,6,3.62,Excellent,Excellent,1,Low Risk,13.5975
ID04262,Female,19,Business,63.6,2.6,2.93,6.3,7,2.97,Low,Good,1,Medium Risk,35.3425
ID04263,Male,24,Economics,90.4,4.4,2.94,9.3,7,3.21,Excellent,Very Good,1,Low Risk,15.994999999999994
ID04264,Male,22,Economics,53.1,2.9,2.77,6.9,10,2.37,Critical,Average,1,High Risk,40.2675
ID04265,Female,21,Economics,57.2,6.0,2.56,6.9,9,2.38,Critical,Average,1,High Risk,31.86
ID04266,Male,19,Computer Science,97.3,4.1,3.4,9.8,10,3.66,Excellent,Excellent,1,Low Risk,10.065000000000003
ID04267,Female,21,Psychology,76.8,5.8,2.93,6.0,3,2.96,Good,Good,1,Low Risk,19.802500000000002
ID04268,Male,22,Psychology,70.2,1.2,3.41,5.9,4,3.11,Low,Very Good,1,Medium Risk,33.7725
ID04269,Female,21,Business,100.0,3.6,2.54,7.3,8,2.99,Excellent,Good,1,Low Risk,18.375
ID04270,Female,20,Economics,89.9,2.5,2.77,7.0,6,2.97,Excellent,Good,1,Low Risk,25.307499999999997
ID04271,Female,22,Business,98.1,5.3,2.99,5.8,7,3.49,Excellent,Very Good,1,Low Risk,9.692499999999999
ID04272,Female,21,Computer Science,82.5,7.0,3.04,8.2,6,3.41,Good,Very Good,1,Low Risk,16.275
ID04273,Male,24,Business,100.0,6.9,3.48,7.0,8,4.0,Excellent,Excellent,1,Low Risk,4.55
ID04274,Male,18,Mathematics,75.9,8.9,2.88,7.1,8,3.18,Good,Very Good,1,Low Risk,20.644999999999996
ID04275,Female,21,Psychology,100.0,7.1,3.47,7.0,10,3.97,Excellent,Excellent,1,Low Risk,4.6374999999999975
ID04276,Female,20,Business,84.1,3.5,3.29,5.4,6,3.67,Good,Excellent,1,Low Risk,19.367500000000003
ID04277,Male,19,Business,60.2,2.2,3.05,5.8,9,2.75,Low,Good,1,Medium Risk,37.4225
ID04278,Male,24,Engineering,92.2,1.3,2.62,4.6,6,2.67,Excellent,Good,1,Medium Risk,30.384999999999998
ID04279,Male,19,Business,89.7,2.1,3.48,8.7,9,3.55,Excellent,Excellent,1,Low Risk,20.784999999999997
ID04280,Male,24,Mathematics,69.2,1.1,2.64,7.0,8,2.48,Low,Average,1,Medium Risk,41.36
ID04281,Male,19,Psychology,71.2,1.6,3.09,8.5,7,3.09,Low,Very Good,1,Medium Risk,34.5225
ID04282,Female,18,Engineering,84.6,4.7,3.07,6.3,9,3.28,Good,Very Good,1,Low Risk,16.267500000000002
ID04283,Male,20,Computer Science,90.2,1.2,3.0,8.7,7,3.02,Excellent,Very Good,1,Medium Risk,28.36
ID04284,Male,22,Computer Science,47.9,5.0,2.91,4.6,5,2.71,Critical,Good,1,High Risk,32.9825
ID04285,Female,19,Psychology,100.0,2.8,2.69,8.5,10,2.78,Excellent,Good,1,Low Risk,20.262500000000003
ID04286,Female,24,Computer Science,77.6,4.2,2.29,6.9,7,2.48,Good,Average,1,Medium Risk,28.242500000000003
ID04287,Female,20,Mathematics,65.0,4.3,3.8,4.9,10,3.7,Low,Excellent,1,Medium Risk,20.3
ID04288,Female,21,Business,99.1,9.0,2.85,4.0,8,3.2,Excellent,Very Good,1,Low Risk,10.467500000000001
ID04289,Male,18,Psychology,84.6,4.4,3.04,7.8,3,3.42,Good,Very Good,1,Low Risk,17.73
ID04290,Female,20,Engineering,100.0,1.7,3.03,8.5,11,3.17,Excellent,Very Good,1,Medium Risk,21.6875
ID04291,Male,20,Business,91.6,2.2,3.65,7.1,7,3.73,Excellent,Excellent,1,Low Risk,18.042500000000004
ID04292,Male,22,Computer Science,85.0,4.3,4.0,7.9,3,4.0,Excellent,Excellent,1,Low Risk,9.55
ID04293,Female,20,Computer Science,82.7,3.4,3.18,7.7,6,3.36,Good,Very Good,1,Low Risk,21.36
ID04294,Female,22,Engineering,92.2,4.4,3.02,7.1,11,3.28,Excellent,Very Good,1,Low Risk,14.484999999999996
ID04295,Male,18,Mathematics,78.8,5.1,2.54,8.4,6,2.57,Good,Good,1,Low Risk,22.314999999999998
ID04296,Male,18,Engineering,72.2,2.3,2.38,4.8,7,2.4,Low,Average,1,Medium Risk,37.485
ID04297,Male,21,Psychology,94.1,5.2,2.21,7.1,9,2.43,Excellent,Average,1,Medium Risk,18.317500000000003
ID04298,Male,22,Engineering,82.8,5.5,2.7,8.0,11,3.25,Good,Very Good,1,Low Risk,19.115
ID04299,Male,22,Computer Science,85.5,4.4,2.05,6.3,5,2.52,Excellent,Good,1,Medium Risk,25.987499999999997
ID04300,Female,19,Mathematics,100.0,10.5,3.64,7.4,13,4.0,Excellent,Excellent,1,Low Risk,3.1499999999999986
ID04301,Male,19,Mathematics,83.3,1.3,3.31,5.2,8,3.37,Good,Very Good,1,Medium Risk,28.352500000000003
ID04302,Female,21,Economics,85.2,9.8,2.97,7.1,10,3.77,Excellent,Excellent,1,Low Risk,15.672499999999996
ID04303,Female,18,Engineering,76.0,3.3,3.65,5.9,6,3.42,Good,Very Good,1,Low Risk,20.6625
ID04304,Female,23,Psychology,91.5,2.5,2.56,6.2,7,2.68,Excellent,Good,1,Low Risk,26.425
ID04305,Female,19,Computer Science,90.2,5.3,2.69,7.9,3,3.2,Excellent,Very Good,1,Low Risk,15.872499999999999
ID04306,Male,20,Business,98.5,2.8,2.13,4.4,10,2.31,Excellent,Average,1,Medium Risk,25.837500000000006
ID04307,Male,18,Mathematics,76.3,6.7,3.49,5.4,8,3.49,Good,Very Good,1,Low Risk,15.127499999999998
ID04308,Female,23,Engineering,78.1,3.2,2.69,8.1,6,2.47,Good,Average,1,Low Risk,28.517500000000002
ID04309,Female,20,Economics,96.9,7.3,3.11,6.8,7,3.71,Excellent,Excellent,1,Low Risk,9.182499999999997
ID04310,Female,24,Psychology,88.8,2.0,3.6,5.9,6,3.73,Excellent,Excellent,1,Low Risk,20.54
ID04311,Male,22,Psychology,71.4,4.8,3.79,7.7,8,3.78,Low,Excellent,1,Medium Risk,15.507499999999997
ID04312,Female,18,Computer Science,100.0,2.4,3.09,5.3,8,3.44,Excellent,Very Good,1,Low Risk,18.3625
ID04313,Male,24,Mathematics,59.5,4.9,3.29,5.3,7,3.01,Critical,Very Good,1,High Risk,24.8375
ID04314,Female,21,Computer Science,96.8,1.5,2.65,6.7,8,2.82,Excellent,Good,1,Medium Risk,27.2525
ID04315,Female,22,Economics,66.0,1.6,3.94,6.8,14,3.96,Low,Excellent,1,Medium Risk,29.425000000000004
ID04316,Male,22,Business,100.0,3.2,3.02,5.9,13,3.23,Excellent,Very Good,1,Low Risk,15.774999999999999
ID04317,Female,20,Business,61.8,7.5,3.14,6.6,6,3.17,Low,Very Good,1,Medium Risk,24.715
ID04318,Male,24,Business,100.0,1.3,2.9,9.0,10,3.15,Excellent,Very Good,1,Medium Risk,24.425
ID04319,Male,22,Psychology,83.8,8.2,3.7,6.9,7,4.0,Good,Excellent,1,Low Risk,9.915
ID04320,Male,19,Mathematics,79.5,4.9,3.2,5.3,15,3.39,Good,Very Good,1,Low Risk,16.624999999999996
ID04321,Female,18,Computer Science,87.8,7.1,3.48,7.0,6,3.92,Excellent,Excellent,1,Low Risk,10.040000000000001
ID04322,Female,19,Computer Science,94.5,4.1,3.28,4.0,9,3.54,Excellent,Excellent,1,Low Risk,12.375000000000002
ID04323,Female,20,Economics,71.4,4.5,2.99,9.4,6,3.16,Low,Very Good,1,Medium Risk,23.707499999999996
ID04324,Male,23,Business,72.8,3.5,3.56,5.2,5,3.39,Low,Very Good,1,Medium Risk,22.09
ID04325,Female,20,Mathematics,94.7,3.3,3.27,7.3,4,3.57,Excellent,Excellent,1,Low Risk,15.572499999999998
ID04326,Female,18,Mathematics,59.4,6.1,2.62,7.2,0,2.58,Critical,Good,1,High Risk,30.345
ID04327,Male,22,Economics,76.2,2.0,2.61,5.8,16,2.15,Good,Average,1,Low Risk,34.8725
ID04328,Female,24,Engineering,100.0,4.1,3.17,8.9,6,3.36,Excellent,Very Good,1,Low Risk,10.8625
ID04329,Male,24,Mathematics,70.5,1.3,3.55,10.0,11,3.21,Low,Very Good,1,Medium Risk,32.0125
ID04330,Female,21,Mathematics,100.0,1.7,3.92,5.9,4,4.0,Excellent,Excellent,1,Medium Risk,13.899999999999999
ID04331,Male,20,Computer Science,76.2,3.8,2.21,8.1,9,2.17,Good,Average,1,Medium Risk,31.1725
ID04332,Male,18,Economics,92.6,2.7,3.11,5.5,5,3.19,Excellent,Very Good,1,Low Risk,20.317500000000003
ID04333,Male,21,Mathematics,94.8,3.6,3.34,9.0,6,3.5,Excellent,Excellent,1,Low Risk,13.715000000000002
ID04334,Female,22,Mathematics,100.0,2.3,3.25,8.9,5,3.33,Excellent,Very Good,1,Low Risk,17.3625
ID04335,Male,23,Computer Science,82.0,5.7,3.6,8.5,5,3.91,Good,Excellent,1,Low Risk,11.599999999999998
ID04336,Male,20,Mathematics,100.0,1.7,3.43,4.5,9,3.68,Excellent,Excellent,1,Medium Risk,18.187499999999996
ID04337,Female,23,Computer Science,76.2,9.9,2.61,6.2,9,2.89,Good,Good,1,Low Risk,22.8725
ID04338,Female,18,Engineering,88.5,8.0,2.59,6.2,6,3.05,Excellent,Very Good,1,Low Risk,17.5125
ID04339,Male,23,Psychology,88.7,5.3,3.26,6.1,9,3.81,Excellent,Excellent,1,Low Risk,11.560000000000002
ID04340,Male,23,Computer Science,68.2,1.6,3.6,9.0,8,3.55,Low,Excellent,1,Medium Risk,31.41
ID04341,Male,18,Computer Science,80.7,3.6,3.17,4.3,9,3.52,Good,Excellent,1,Low Risk,21.5475
ID04342,Male,18,Mathematics,87.4,5.5,2.31,7.6,9,2.83,Excellent,Good,1,Medium Risk,20.457499999999996
ID04343,Female,20,Computer Science,78.5,6.9,2.58,8.1,16,2.53,Good,Good,1,Low Risk,22.1
ID04344,Female,23,Economics,100.0,6.9,3.45,5.9,8,3.93,Excellent,Excellent,1,Low Risk,4.812499999999998
ID04345,Female,21,Business,72.4,6.1,2.93,7.8,7,2.95,Low,Good,1,Medium Risk,21.7825
ID04346,Male,18,Business,100.0,0.9,3.16,7.7,6,3.17,Excellent,Very Good,1,Medium Risk,23.75
ID04347,Female,22,Engineering,97.8,2.1,3.63,6.6,9,3.76,Excellent,Excellent,1,Low Risk,15.827500000000002
ID04348,Female,23,Computer Science,84.8,6.2,2.5,8.6,14,2.81,Good,Good,1,Low Risk,19.965000000000003
ID04349,Female,18,Economics,72.0,2.8,2.89,6.2,9,2.7,Low,Good,1,Medium Risk,31.112500000000004
ID04350,Female,21,Mathematics,73.5,4.8,2.84,8.6,4,2.93,Low,Good,1,Medium Risk,22.875000000000004
ID04351,Female,24,Mathematics,77.2,10.3,3.28,7.2,9,3.7,Good,Excellent,1,Low Risk,16.560000000000002
ID04352,Female,20,Psychology,58.2,2.7,3.49,6.5,7,3.26,Critical,Very Good,1,High Risk,32.4725
ID04353,Male,23,Engineering,69.9,7.2,2.36,6.7,6,2.41,Low,Average,1,Medium Risk,27.894999999999996
ID04354,Female,24,Economics,62.8,4.9,3.1,4.9,4,3.03,Low,Very Good,1,Medium Risk,25.015
ID04355,Male,18,Economics,100.0,12.9,3.53,6.5,10,4.0,Excellent,Excellent,1,Low Risk,4.112500000000002
ID04356,Female,18,Mathematics,94.3,4.9,2.17,5.3,13,2.51,Excellent,Good,1,Medium Risk,18.9775
ID04357,Male,22,Psychology,96.8,2.8,3.07,7.4,6,3.48,Excellent,Very Good,1,Low Risk,18.377500000000005
ID04358,Female,22,Mathematics,93.8,4.1,2.49,8.4,10,2.94,Excellent,Good,1,Medium Risk,19.6025
ID04359,Female,23,Psychology,87.5,2.0,2.78,7.7,7,2.86,Excellent,Good,1,Low Risk,28.3
ID04360,Male,24,Business,100.0,6.0,1.85,5.9,6,2.26,Excellent,Average,1,High Risk,18.8125
ID04361,Male,24,Economics,75.8,3.1,3.8,6.6,6,3.66,Good,Excellent,1,Low Risk,20.240000000000006
ID04362,Female,18,Business,86.6,4.1,2.92,7.4,10,3.19,Excellent,Very Good,1,Low Risk,19.080000000000005
ID04363,Female,23,Mathematics,96.2,7.5,2.7,7.5,9,3.33,Excellent,Very Good,1,Low Risk,13.084999999999996
ID04364,Male,18,Engineering,65.2,1.9,3.26,9.5,14,3.3,Low,Very Good,1,Medium Risk,34.535000000000004
ID04365,Male,22,Computer Science,100.0,6.9,2.58,7.9,5,3.09,Excellent,Very Good,1,Low Risk,12.424999999999999
ID04366,Female,21,Engineering,85.4,1.4,2.53,7.2,8,2.69,Excellent,Good,1,Medium Risk,33.8325
ID04367,Male,19,Engineering,87.1,3.8,3.86,7.2,9,4.0,Excellent,Excellent,1,Low Risk,11.830000000000004
ID04368,Male,19,Computer Science,100.0,5.3,4.0,6.5,4,4.0,Excellent,Excellent,1,Low Risk,0.0
ID04369,Male,18,Economics,98.7,6.2,2.8,7.0,7,3.42,Excellent,Very Good,1,Low Risk,11.084999999999999
ID04370,Male,24,Business,85.6,2.0,3.63,8.1,5,3.92,Excellent,Excellent,1,Low Risk,21.717500000000005
ID04371,Male,22,Business,87.0,10.4,3.28,5.9,9,3.85,Excellent,Excellent,1,Low Risk,12.150000000000002
ID04372,Male,20,Economics,62.4,5.4,2.39,7.6,8,2.55,Low,Good,1,Medium Risk,31.0075
ID04373,Male,20,Computer Science,76.7,6.3,2.64,6.8,12,2.94,Good,Good,1,Low Risk,22.384999999999998
ID04374,Male,19,Psychology,92.8,5.4,3.88,9.6,7,4.0,Excellent,Excellent,1,Low Risk,4.290000000000003
ID04375,Male,21,Engineering,91.7,2.0,2.39,7.4,9,2.82,Excellent,Good,1,Medium Risk,29.822499999999998
ID04376,Male,19,Mathematics,100.0,2.6,4.0,7.5,10,4.0,Excellent,Excellent,1,Low Risk,9.600000000000001
ID04377,Male,18,Business,83.2,8.1,2.81,5.7,7,3.14,Good,Very Good,1,Low Risk,17.972499999999997
ID04378,Female,21,Economics,64.2,8.2,3.89,9.2,10,3.98,Low,Excellent,1,Medium Risk,17.072499999999998
ID04379,Male,20,Mathematics,100.0,1.0,2.95,7.8,8,3.06,Excellent,Very Good,1,Medium Risk,25.1875
ID04380,Male,24,Computer Science,100.0,6.0,3.5,9.0,11,3.72,Excellent,Excellent,1,Low Risk,4.375
ID04381,Male,22,Mathematics,98.5,3.7,3.8,6.7,9,4.0,Excellent,Excellent,1,Low Risk,7.625000000000001
ID04382,Male,22,Mathematics,82.5,5.2,3.79,7.0,11,4.0,Good,Excellent,1,Low Risk,9.712499999999999
ID04383,Female,18,Engineering,100.0,4.5,2.81,4.9,6,3.19,Excellent,Very Good,1,Low Risk,12.4125
ID04384,Female,19,Computer Science,100.0,4.5,2.67,9.8,4,2.76,Excellent,Good,1,Low Risk,13.6375
ID04385,Female,18,Mathematics,86.7,2.3,3.06,7.6,10,3.18,Excellent,Very Good,1,Low Risk,25.009999999999998
ID04386,Female,22,Business,65.3,7.0,2.45,9.8,5,2.74,Low,Good,1,Medium Risk,29.1775
ID04387,Female,20,Computer Science,76.2,2.8,3.22,6.5,4,3.1,Good,Very Good,1,Low Risk,26.335
ID04388,Male,22,Business,94.4,3.7,2.69,7.7,4,3.08,Excellent,Very Good,1,Low Risk,19.182499999999997
ID04389,Male,21,Economics,60.9,2.4,3.64,8.5,11,3.39,Low,Very Good,1,Medium Risk,31.145000000000003
ID04390,Male,24,Economics,87.5,4.1,2.81,7.5,7,3.06,Excellent,Very Good,1,Low Risk,19.637500000000003
ID04391,Male,24,Psychology,90.7,1.7,2.23,6.5,9,2.46,Excellent,Average,1,Medium Risk,32.872499999999995
ID04392,Male,23,Economics,100.0,2.9,3.8,6.3,10,4.0,Excellent,Excellent,1,Low Risk,10.150000000000004
ID04393,Female,22,Mathematics,100.0,7.0,3.19,6.5,11,3.75,Excellent,Excellent,1,Low Risk,7.0874999999999995
ID04394,Male,22,Computer Science,98.0,1.9,3.11,10.0,7,3.12,Excellent,Very Good,1,Medium Risk,21.0875
ID04395,Female,24,Economics,52.6,5.9,3.65,6.1,5,3.4,Critical,Very Good,1,High Risk,24.3925
ID04396,Female,23,Business,98.8,1.6,3.54,4.0,8,3.72,Excellent,Excellent,1,Medium Risk,18.165000000000003
ID04397,Male,21,Mathematics,95.6,2.7,2.72,7.1,5,2.84,Excellent,Good,1,Low Risk,22.380000000000003
ID04398,Male,19,Economics,88.8,2.7,2.88,7.0,8,3.33,Excellent,Very Good,1,Low Risk,24.040000000000006
ID04399,Male,22,Engineering,59.0,6.6,2.54,6.5,8,2.29,Critical,Average,1,High Risk,31.224999999999998
ID04400,Male,24,Business,73.3,8.3,2.37,6.1,9,2.61,Low,Good,1,Medium Risk,26.277500000000003
ID04401,Male,18,Business,67.5,3.3,3.39,6.6,6,3.25,Low,Very Good,1,Medium Risk,26.7625
ID04402,Male,22,Psychology,54.8,1.7,3.3,5.0,14,2.91,Critical,Good,1,High Risk,39.665
ID04403,Male,18,Engineering,85.0,3.0,3.48,9.7,9,3.61,Excellent,Excellent,1,Low Risk,19.3
ID04404,Male,21,Psychology,73.0,3.1,3.74,7.4,11,3.57,Low,Excellent,1,Medium Risk,22.025
ID04405,Female,22,Economics,100.0,2.9,3.49,7.2,5,3.82,Excellent,Excellent,1,Low Risk,12.8625
ID04406,Female,24,Engineering,82.5,3.7,3.53,8.6,9,3.96,Good,Excellent,1,Low Risk,17.1875
ID04407,Female,21,Business,100.0,2.4,2.06,10.0,11,2.38,Excellent,Average,1,Medium Risk,27.375
ID04408,Male,21,Psychology,61.5,1.8,2.95,6.4,10,2.97,Low,Good,1,Medium Risk,39.3125
ID04409,Male,19,Mathematics,77.0,1.1,3.58,7.5,7,3.29,Good,Very Good,1,Medium Risk,29.625
ID04410,Female,22,Engineering,86.5,6.5,2.52,8.2,6,3.04,Excellent,Very Good,1,Low Risk,19.025
ID04411,Male,18,Business,71.4,4.5,3.15,8.0,11,3.38,Low,Very Good,1,Medium Risk,22.307499999999997
ID04412,Male,18,Computer Science,78.7,5.6,3.36,8.4,8,3.21,Good,Very Good,1,Low Risk,15.184999999999999
ID04413,Female,22,Engineering,81.7,5.2,3.32,8.4,13,3.48,Good,Very Good,1,Low Risk,14.185
ID04414,Female,23,Engineering,81.5,3.9,3.28,6.4,5,3.61,Good,Excellent,1,Low Risk,19.025000000000002
ID04415,Male,19,Economics,100.0,3.7,3.4,8.8,7,3.6,Excellent,Excellent,1,Low Risk,10.45
ID04416,Male,19,Mathematics,90.7,10.3,3.19,6.8,9,3.77,Excellent,Excellent,1,Low Risk,11.272499999999997
ID04417,Male,19,Economics,92.2,2.9,2.37,7.4,10,2.54,Excellent,Good,1,Medium Risk,26.1725
ID04418,Male,18,Engineering,93.1,4.1,3.35,7.9,7,3.72,Excellent,Excellent,1,Low Risk,12.392500000000002
ID04419,Male,21,Engineering,94.2,3.1,3.24,5.9,6,3.55,Excellent,Excellent,1,Low Risk,16.859999999999996
ID04420,Male,24,Mathematics,83.8,2.1,2.38,7.7,6,2.81,Good,Good,1,Medium Risk,33.065
ID04421,Male,23,Mathematics,80.2,12.7,3.79,7.9,10,4.0,Good,Excellent,1,Low Risk,10.747499999999999
ID04422,Female,19,Psychology,87.5,5.5,3.37,4.2,6,3.78,Excellent,Excellent,1,Low Risk,11.1375
ID04423,Female,18,Business,100.0,2.7,2.41,9.1,13,2.71,Excellent,Good,1,Medium Risk,23.1125
ID04424,Female,18,Business,100.0,2.3,2.69,5.8,7,2.85,Excellent,Good,1,Low Risk,22.2625
ID04425,Male,21,Psychology,81.4,5.9,2.82,7.4,7,3.43,Good,Very Good,1,Low Risk,18.695
ID04426,Male,22,Business,96.5,7.3,2.82,9.3,9,3.04,Excellent,Very Good,1,Low Risk,11.9
ID04427,Male,22,Engineering,82.1,1.9,3.25,8.0,1,3.66,Good,Excellent,1,Medium Risk,27.017500000000005
ID04428,Male,24,Psychology,85.5,3.6,2.61,8.6,10,3.0,Excellent,Very Good,1,Low Risk,24.2875
ID04429,Male,24,Psychology,77.9,4.1,3.66,8.7,6,3.47,Good,Very Good,1,Low Risk,16.52
ID04430,Female,19,Business,82.3,4.1,3.62,6.3,7,3.95,Good,Excellent,1,Low Risk,14.89
ID04431,Female,24,Computer Science,100.0,4.6,3.41,5.4,10,3.7,Excellent,Excellent,1,Low Risk,6.7625
ID04432,Male,19,Business,86.4,3.4,3.12,7.6,13,3.4,Excellent,Very Good,1,Low Risk,20.22
ID04433,Male,23,Economics,87.0,3.8,3.57,8.1,5,3.97,Excellent,Excellent,1,Low Risk,14.412500000000001
ID04434,Female,24,Computer Science,63.3,3.9,2.96,8.7,6,2.99,Low,Good,1,Medium Risk,30.015000000000004
ID04435,Male,21,Psychology,80.4,1.9,2.74,8.2,10,2.73,Good,Good,1,Medium Risk,32.245
ID04436,Male,19,Computer Science,81.4,10.1,3.7,6.3,9,4.0,Good,Excellent,1,Low Risk,10.994999999999996
ID04437,Male,21,Engineering,72.6,6.1,3.26,8.3,11,3.13,Low,Very Good,1,Medium Risk,18.805000000000007
ID04438,Female,18,Mathematics,85.3,7.1,2.76,4.0,6,3.2,Excellent,Very Good,1,Low Risk,17.465000000000003
ID04439,Female,19,Computer Science,78.6,4.7,2.89,8.9,4,2.88,Good,Good,1,Low Risk,20.5425
ID04440,Male,18,Economics,86.2,12.9,2.73,5.7,11,3.25,Excellent,Very Good,1,Low Risk,17.322499999999998
ID04441,Female,20,Mathematics,86.8,0.5,4.0,5.6,11,4.0,Excellent,Excellent,1,Medium Risk,23.94
ID04442,Female,21,Engineering,70.7,4.2,3.1,10.0,6,3.25,Low,Very Good,1,Medium Risk,24.259999999999994
ID04443,Male,20,Economics,79.0,2.3,3.18,7.1,10,3.13,Good,Very Good,1,Low Risk,27.425
ID04444,Male,19,Mathematics,86.2,4.4,3.46,6.6,8,3.84,Excellent,Excellent,1,Low Risk,13.334999999999997
ID04445,Male,18,Engineering,100.0,9.0,2.49,5.3,7,2.94,Excellent,Good,1,Medium Risk,13.212499999999997
ID04446,Female,19,Mathematics,88.9,5.8,3.65,7.7,10,4.0,Excellent,Excellent,1,Low Risk,8.057499999999997
ID04447,Male,20,Mathematics,75.1,3.9,2.8,8.2,7,2.92,Good,Good,1,Low Risk,26.105000000000008
ID04448,Female,19,Business,91.0,9.5,4.0,6.5,9,4.0,Excellent,Excellent,1,Low Risk,4.05
ID04449,Male,23,Economics,100.0,6.7,2.94,4.0,7,3.48,Excellent,Very Good,1,Low Risk,9.274999999999999
ID04450,Female,22,Economics,98.8,5.5,3.62,9.4,10,3.83,Excellent,Excellent,1,Low Risk,3.8649999999999998
ID04451,Male,20,Computer Science,93.2,5.4,1.85,6.6,7,2.25,Excellent,Average,1,High Risk,21.8725
ID04452,Female,19,Economics,95.9,6.5,2.51,6.5,4,2.89,Excellent,Good,1,Low Risk,14.882499999999999
ID04453,Female,18,Economics,100.0,2.8,2.95,6.9,5,3.13,Excellent,Very Good,1,Low Risk,17.9875
ID04454,Female,19,Mathematics,100.0,2.6,2.08,5.8,6,2.4,Excellent,Average,1,Medium Risk,26.4
ID04455,Female,18,Psychology,93.5,2.1,3.4,8.9,4,3.64,Excellent,Excellent,1,Low Risk,19.775
ID04456,Male,22,Business,100.0,2.9,3.26,8.1,13,3.28,Excellent,Very Good,1,Low Risk,14.875000000000004
ID04457,Female,19,Computer Science,68.8,9.2,2.6,7.7,9,3.01,Low,Very Good,1,Medium Risk,26.29
ID04458,Male,24,Business,62.5,3.6,3.09,10.0,9,3.05,Low,Very Good,1,Medium Risk,30.4375
ID04459,Male,24,Computer Science,87.4,9.3,3.5,6.0,6,4.0,Excellent,Excellent,1,Low Risk,10.044999999999998
ID04460,Male,22,Engineering,86.0,2.7,2.05,8.9,8,2.27,Excellent,Average,1,Medium Risk,32.5625
ID04461,Male,20,Mathematics,76.8,7.5,2.46,4.0,6,2.54,Good,Good,1,Medium Risk,23.915
ID04462,Male,18,Economics,97.4,8.3,2.93,8.0,7,3.49,Excellent,Very Good,1,Low Risk,10.532499999999997
ID04463,Female,24,Economics,57.1,4.5,3.11,10.0,9,2.64,Critical,Good,1,High Risk,29.0925
ID04464,Male,23,Psychology,77.0,3.6,3.07,5.4,10,2.92,Good,Good,1,Low Risk,24.0875
ID04465,Female,20,Business,77.7,2.5,3.54,9.5,4,3.22,Good,Very Good,1,Low Risk,24.06
ID04466,Male,18,Business,60.5,7.0,3.34,4.9,11,3.4,Low,Very Good,1,Medium Risk,23.550000000000004
ID04467,Male,22,Business,100.0,3.5,3.45,10.0,7,3.51,Excellent,Excellent,1,Low Risk,10.812499999999998
ID04468,Male,24,Economics,64.6,3.2,2.41,6.3,8,2.48,Low,Average,1,Medium Risk,37.042500000000004
ID04469,Female,21,Business,76.2,5.0,3.17,5.9,9,3.34,Good,Very Good,1,Low Risk,17.972499999999997
ID04470,Female,19,Mathematics,98.6,5.9,2.95,6.2,9,3.49,Excellent,Very Good,1,Low Risk,9.8175
ID04471,Female,22,Computer Science,94.7,2.4,3.83,7.0,9,3.98,Excellent,Excellent,1,Low Risk,14.272499999999999
ID04472,Female,18,Economics,68.4,5.0,3.19,6.8,8,3.29,Low,Very Good,1,Medium Risk,21.307499999999997
ID04473,Male,18,Mathematics,95.2,8.3,2.77,6.9,3,3.42,Excellent,Very Good,1,Low Risk,12.922499999999998
ID04474,Male,18,Engineering,89.3,2.1,3.53,7.5,7,3.91,Excellent,Excellent,1,Low Risk,20.527500000000003
ID04475,Female,18,Mathematics,100.0,7.1,3.38,7.4,8,3.8,Excellent,Excellent,1,Low Risk,5.425000000000001
ID04476,Male,19,Mathematics,91.1,7.0,2.69,7.0,10,3.18,Excellent,Very Good,1,Low Risk,15.467500000000001
ID04477,Male,20,Engineering,82.9,7.4,2.93,6.3,8,3.29,Good,Very Good,1,Low Risk,17.057499999999997
ID04478,Male,23,Mathematics,72.2,6.0,2.93,7.6,12,3.17,Low,Very Good,1,Medium Risk,21.8725
ID04479,Female,21,Computer Science,73.8,5.8,3.71,7.6,7,3.82,Low,Excellent,1,Medium Risk,14.3275
ID04480,Female,19,Economics,72.6,6.9,3.2,7.5,6,3.21,Low,Very Good,1,Medium Risk,19.330000000000002
ID04481,Male,18,Psychology,100.0,5.0,3.46,7.0,16,3.57,Excellent,Excellent,1,Low Risk,4.725
ID04482,Male,19,Engineering,85.3,3.1,2.85,6.0,7,3.27,Excellent,Very Good,1,Low Risk,24.2775
ID04483,Female,22,Economics,93.5,3.1,3.27,7.1,8,3.39,Excellent,Very Good,1,Low Risk,16.9125
ID04484,Female,23,Business,100.0,3.9,3.75,6.6,9,4.0,Excellent,Excellent,1,Low Risk,6.587500000000001
ID04485,Male,18,Computer Science,49.6,6.2,2.92,4.0,8,2.67,Critical,Good,1,High Risk,32.129999999999995
ID04486,Female,21,Psychology,100.0,3.9,3.16,8.5,7,3.6,Excellent,Excellent,1,Low Risk,11.75
ID04487,Male,18,Computer Science,85.8,3.6,2.42,7.4,6,2.64,Excellent,Good,1,Medium Risk,25.814999999999998
ID04488,Male,23,Computer Science,91.5,7.3,2.72,7.0,10,3.36,Excellent,Very Good,1,Low Risk,15.024999999999999
ID04489,Female,21,Business,72.6,4.5,2.93,7.8,9,2.86,Low,Good,1,Medium Risk,23.692500000000003
ID04490,Female,23,Psychology,73.7,1.7,2.57,5.9,10,2.59,Low,Good,1,Medium Risk,37.5475
ID04491,Male,21,Computer Science,92.3,2.1,3.76,9.0,3,3.84,Excellent,Excellent,1,Low Risk,17.165000000000003
ID04492,Female,20,Business,100.0,1.9,2.68,8.8,7,2.68,Excellent,Good,1,Medium Risk,23.949999999999996
ID04493,Female,24,Engineering,100.0,4.0,3.49,5.3,6,3.69,Excellent,Excellent,1,Low Risk,8.462499999999999
ID04494,Female,20,Business,100.0,2.2,3.19,6.1,5,3.26,Excellent,Very Good,1,Low Risk,18.287499999999998
ID04495,Female,19,Mathematics,82.1,3.6,3.12,8.0,10,3.29,Good,Very Good,1,Low Risk,21.355000000000004
ID04496,Female,19,Economics,76.0,2.9,3.84,7.4,10,3.83,Good,Excellent,1,Low Risk,20.600000000000005
ID04497,Male,21,Business,73.3,1.5,1.97,7.0,6,2.07,Low,Average,1,High Risk,43.7775
ID04498,Male,18,Business,77.7,2.1,3.0,7.7,7,2.93,Good,Good,1,Low Risk,30.384999999999998
ID04499,Male,24,Business,54.2,9.5,2.56,4.2,10,2.55,Critical,Good,1,High Risk,33.21
ID04500,Male,22,Computer Science,74.1,3.3,2.12,5.6,10,2.12,Low,Average,1,Medium Risk,34.905
ID04501,Female,22,Psychology,76.6,3.2,2.5,6.1,12,2.32,Good,Average,1,Low Risk,30.855
ID04502,Male,18,Business,82.4,3.1,3.11,8.1,4,3.24,Good,Very Good,1,Low Risk,23.307499999999997
ID04503,Male,18,Business,87.0,4.7,2.74,4.0,8,3.22,Excellent,Very Good,1,Low Risk,18.074999999999996
ID04504,Male,20,Mathematics,90.4,4.1,3.55,7.3,9,3.71,Excellent,Excellent,1,Low Risk,11.8575
ID04505,Male,22,Mathematics,84.8,10.7,2.99,6.4,11,3.66,Good,Excellent,1,Low Risk,15.677499999999998
ID04506,Male,21,Engineering,76.3,7.6,2.94,8.0,10,3.3,Good,Very Good,1,Low Risk,19.939999999999998
ID04507,Female,23,Engineering,55.5,10.5,2.94,8.2,7,2.83,Critical,Good,1,High Risk,29.3
ID04508,Male,19,Mathematics,76.4,6.2,3.05,9.5,7,3.31,Good,Very Good,1,Low Risk,18.932499999999997
ID04509,Female,23,Psychology,70.4,5.7,2.89,5.2,8,2.92,Low,Good,1,Medium Risk,23.0325
ID04510,Female,20,Engineering,92.0,2.0,2.67,5.8,8,2.99,Excellent,Good,1,Low Risk,27.237499999999997
ID04511,Male,22,Economics,98.6,1.0,3.59,7.1,8,3.8,Excellent,Excellent,1,Medium Risk,20.2175
ID04512,Male,24,Economics,99.1,1.7,2.79,9.1,7,2.88,Excellent,Good,1,Medium Risk,24.1925
ID04513,Male,18,Psychology,96.4,1.5,2.91,7.7,4,3.22,Excellent,Very Good,1,Medium Risk,25.157499999999995
ID04514,Female,24,Mathematics,83.0,3.7,3.31,7.2,12,3.83,Good,Excellent,1,Low Risk,18.8875
ID04515,Female,24,Engineering,77.2,6.8,3.26,8.8,6,3.3,Good,Very Good,1,Low Risk,16.735000000000003
ID04516,Male,22,Business,73.8,2.7,2.65,6.4,7,2.78,Low,Good,1,Medium Risk,32.8025
ID04517,Male,21,Mathematics,62.4,2.3,3.48,8.8,4,3.41,Low,Very Good,1,Medium Risk,32.27
ID04518,Female,20,Engineering,99.9,6.5,3.37,9.6,9,3.7,Excellent,Excellent,1,Low Risk,5.557499999999996
ID04519,Male,18,Psychology,82.4,2.3,3.19,6.8,9,3.28,Good,Very Good,1,Low Risk,25.807499999999997
ID04520,Male,23,Economics,66.3,9.2,2.88,4.7,7,3.01,Low,Very Good,1,Medium Risk,24.965000000000003
ID04521,Female,21,Psychology,72.6,2.1,2.9,7.2,12,2.99,Low,Good,1,Medium Risk,33.55500000000001
ID04522,Female,23,Engineering,72.0,6.8,3.0,9.5,8,2.93,Low,Good,1,Medium Risk,21.35
ID04523,Female,19,Psychology,85.6,4.8,2.48,7.7,11,2.9,Excellent,Good,1,Medium Risk,20.580000000000002
ID04524,Female,20,Engineering,100.0,0.7,3.08,4.9,13,3.17,Excellent,Very Good,1,Medium Risk,25.25
ID04525,Female,21,Engineering,79.8,2.5,3.55,8.9,10,3.49,Good,Very Good,1,Low Risk,23.027500000000003
ID04526,Male,21,Psychology,51.2,7.0,3.54,8.2,10,3.52,Critical,Excellent,1,High Risk,25.985
ID04527,Female,23,Computer Science,82.2,1.5,2.91,8.5,6,3.14,Good,Very Good,1,Medium Risk,31.5475
ID04528,Female,18,Business,82.7,3.2,3.63,8.7,6,3.84,Good,Excellent,1,Low Risk,18.2225
ID04529,Female,19,Mathematics,81.6,1.5,4.0,6.2,8,4.0,Good,Excellent,1,Medium Risk,22.28
ID04530,Male,23,Economics,75.6,3.7,2.94,8.6,7,2.96,Good,Good,1,Low Risk,25.455000000000002
ID04531,Male,21,Business,88.3,5.1,3.45,6.0,7,4.0,Excellent,Excellent,1,Low Risk,10.0775
ID04532,Male,20,Mathematics,86.0,4.3,1.97,5.2,10,2.32,Excellent,Average,1,High Risk,26.862500000000004
ID04533,Male,21,Mathematics,84.6,4.6,2.47,5.8,13,2.85,Good,Good,1,Medium Risk,21.9175
ID04534,Male,22,Economics,91.2,4.3,3.15,8.0,9,3.35,Excellent,Very Good,1,Low Risk,14.1975
ID04535,Female,20,Business,78.6,3.5,2.6,6.4,11,2.43,Good,Average,1,Low Risk,27.880000000000003
ID04536,Female,20,Economics,77.7,6.3,4.0,9.2,13,4.0,Good,Excellent,1,Low Risk,10.034999999999998
ID04537,Male,21,Engineering,100.0,1.5,3.4,8.7,9,3.43,Excellent,Very Good,1,Medium Risk,19.25
ID04538,Female,18,Economics,93.4,8.9,3.58,8.0,6,4.0,Excellent,Excellent,1,Low Risk,6.644999999999996
ID04539,Male,20,Psychology,97.4,4.4,3.09,9.1,8,3.22,Excellent,Very Good,1,Low Risk,11.532499999999997
ID04540,Male,22,Computer Science,100.0,1.6,2.6,5.2,6,2.83,Excellent,Good,1,Medium Risk,25.85
ID04541,Male,23,Computer Science,92.9,8.2,2.84,8.4,5,3.12,Excellent,Very Good,1,Low Risk,13.344999999999999
ID04542,Male,18,Computer Science,98.9,3.6,3.23,7.9,6,3.62,Excellent,Excellent,1,Low Risk,12.832499999999996
ID04543,Male,18,Business,61.3,2.9,2.78,5.1,8,2.7,Low,Good,1,Medium Risk,36.49000000000001
ID04544,Male,18,Business,88.1,1.6,3.44,5.9,9,3.43,Excellent,Very Good,1,Medium Risk,23.855000000000004
ID04545,Male,20,Engineering,82.3,2.7,3.46,6.8,8,3.6,Good,Excellent,1,Low Risk,21.89
ID04546,Female,18,Computer Science,100.0,6.5,3.1,6.7,6,3.43,Excellent,Very Good,1,Low Risk,7.874999999999998
ID04547,Male,21,Engineering,98.9,2.2,2.19,6.9,11,2.35,Excellent,Average,1,Medium Risk,27.532499999999995
ID04548,Female,18,Computer Science,75.5,6.6,3.96,6.1,7,4.0,Good,Excellent,1,Low Risk,11.375
ID04549,Female,22,Business,90.6,3.2,2.99,9.2,6,3.08,Excellent,Very Good,1,Low Risk,20.2675
ID04550,Female,19,Psychology,87.5,2.1,4.0,5.1,5,4.0,Excellent,Excellent,1,Low Risk,17.225
ID04551,Female,22,Psychology,91.8,2.8,3.43,5.2,6,3.81,Excellent,Excellent,1,Low Risk,17.4775
ID04552,Male,20,Psychology,69.7,5.3,3.0,5.6,7,3.16,Low,Very Good,1,Medium Risk,22.384999999999998
ID04553,Male,18,Economics,90.4,4.6,3.32,6.0,9,3.82,Excellent,Excellent,1,Low Risk,11.870000000000001
ID04554,Female,18,Psychology,81.6,9.5,2.09,5.9,10,2.79,Good,Good,1,Medium Risk,24.9925
ID04555,Male,21,Mathematics,89.2,3.3,3.61,9.5,7,3.87,Excellent,Excellent,1,Low Risk,15.0725
ID04556,Female,23,Computer Science,74.1,6.7,4.0,6.0,9,4.0,Low,Excellent,1,Medium Risk,11.655000000000003
ID04557,Female,18,Psychology,76.2,3.7,2.06,6.8,7,2.2,Good,Average,1,Medium Risk,32.88499999999999
ID04558,Female,24,Mathematics,100.0,2.4,2.96,5.1,8,3.32,Excellent,Very Good,1,Low Risk,19.5
ID04559,Female,22,Mathematics,69.2,1.8,3.05,6.3,4,3.05,Low,Very Good,1,Medium Risk,34.9725
ID04560,Female,20,Mathematics,70.3,3.3,3.54,7.9,8,3.46,Low,Very Good,1,Medium Risk,24.19
ID04561,Female,19,Engineering,84.2,4.0,4.0,8.0,4,4.0,Good,Excellent,1,Low Risk,11.11
ID04562,Male,18,Engineering,73.4,8.1,3.29,8.5,5,3.37,Low,Very Good,1,Medium Risk,18.182499999999997
ID04563,Female,19,Mathematics,71.7,9.4,4.0,5.5,8,4.0,Low,Excellent,1,Medium Risk,12.735
ID04564,Male,18,Economics,86.6,9.4,3.19,6.0,9,3.87,Excellent,Excellent,1,Low Risk,13.117500000000003
ID04565,Male,20,Psychology,62.4,2.6,3.33,8.2,9,3.1,Low,Very Good,1,Medium Risk,32.38250000000001
ID04566,Female,23,Computer Science,69.9,2.2,3.26,7.0,4,3.36,Low,Very Good,1,Medium Risk,31.22
ID04567,Male,22,Economics,100.0,2.7,3.71,6.9,9,4.0,Excellent,Excellent,1,Low Risk,11.7375
ID04568,Male,20,Business,91.9,3.6,2.89,7.9,12,3.32,Excellent,Very Good,1,Low Risk,18.957499999999996
ID04569,Male,19,Engineering,73.8,1.2,3.51,8.5,6,3.14,Low,Very Good,1,Medium Risk,31.277500000000003
ID04570,Female,18,Psychology,91.3,2.1,2.48,6.0,9,2.79,Excellent,Good,1,Medium Risk,28.814999999999998
ID04571,Male,19,Psychology,93.5,7.8,2.96,6.8,7,3.68,Excellent,Excellent,1,Low Risk,12.025
ID04572,Female,22,Business,99.9,4.7,2.78,6.8,7,3.09,Excellent,Very Good,1,Low Risk,11.919999999999998
ID04573,Male,24,Business,83.1,2.8,3.14,5.5,3,3.36,Good,Very Good,1,Low Risk,23.930000000000007
ID04574,Female,20,Psychology,99.6,1.3,2.94,7.4,6,3.05,Excellent,Very Good,1,Medium Risk,24.255000000000003
ID04575,Female,19,Business,54.4,4.7,3.67,6.2,10,3.61,Critical,Excellent,1,High Risk,24.607499999999998
ID04576,Male,19,Psychology,69.2,4.1,2.66,7.0,8,2.86,Low,Good,1,Medium Risk,29.185000000000002
ID04577,Male,22,Economics,87.5,2.1,2.23,8.0,4,2.43,Excellent,Average,1,Medium Risk,32.7125
ID04578,Male,24,Business,89.9,5.9,2.42,7.4,10,2.8,Excellent,Good,1,Medium Risk,18.369999999999997
ID04579,Female,18,Economics,71.3,2.9,3.6,5.7,7,3.3,Low,Very Good,1,Medium Risk,24.815
ID04580,Female,24,Economics,88.9,4.4,2.62,7.3,11,2.92,Excellent,Good,1,Low Risk,19.469999999999995
ID04581,Female,19,Business,75.6,9.3,3.3,7.2,8,3.73,Good,Excellent,1,Low Risk,17.105000000000004
ID04582,Male,22,Psychology,80.8,5.8,2.95,6.2,9,3.2,Good,Very Good,1,Low Risk,17.8275
ID04583,Female,18,Mathematics,100.0,1.6,3.51,5.7,7,3.52,Excellent,Excellent,1,Medium Risk,17.887500000000003
ID04584,Female,24,Psychology,98.6,5.8,2.98,7.2,11,3.51,Excellent,Excellent,1,Low Risk,9.555000000000001
ID04585,Female,24,Computer Science,70.0,2.6,4.0,4.9,4,3.94,Low,Excellent,1,Medium Risk,23.1
ID04586,Female,24,Business,69.1,5.3,4.0,5.4,11,4.0,Low,Excellent,1,Medium Risk,13.905000000000003
ID04587,Male,23,Engineering,78.8,6.7,2.94,5.1,8,2.98,Good,Good,1,Low Risk,18.814999999999998
ID04588,Male,18,Business,84.6,4.4,2.87,5.2,10,2.99,Good,Good,1,Low Risk,19.217499999999998
ID04589,Female,24,Computer Science,75.1,1.7,4.0,6.3,5,4.0,Good,Excellent,1,Medium Risk,24.405
ID04590,Female,23,Economics,100.0,0.9,2.56,8.6,8,2.49,Excellent,Average,1,Medium Risk,29.0
ID04591,Female,20,Engineering,90.2,7.4,3.07,7.9,11,3.44,Excellent,Very Good,1,Low Risk,12.5475
ID04592,Male,22,Engineering,91.1,8.7,3.11,8.7,9,3.62,Excellent,Excellent,1,Low Risk,11.792500000000004
ID04593,Male,24,Psychology,66.0,2.5,3.1,6.1,7,3.06,Low,Very Good,1,Medium Risk,33.175
ID04594,Male,18,Mathematics,100.0,0.8,2.23,4.0,8,2.23,Excellent,Average,1,Medium Risk,32.2875
ID04595,Male,23,Psychology,42.7,1.5,3.35,6.1,9,2.97,Critical,Good,1,High Risk,45.4725
ID04596,Female,23,Engineering,97.5,3.0,2.61,8.7,6,2.96,Excellent,Good,1,Low Risk,21.2875
ID04597,Female,20,Engineering,99.0,6.6,3.82,6.4,9,4.0,Excellent,Excellent,1,Low Risk,2.0250000000000012
ID04598,Male,21,Mathematics,78.5,0.8,2.37,7.0,10,2.24,Good,Average,1,Medium Risk,40.737500000000004
ID04599,Male,22,Business,100.0,8.0,3.13,6.7,11,3.6,Excellent,Excellent,1,Low Risk,7.612500000000001
ID04600,Male,21,Mathematics,84.1,7.5,1.99,8.0,10,2.55,Good,Good,1,High Risk,24.7425
ID04601,Male,18,Economics,85.9,7.9,2.02,8.2,7,2.27,Excellent,Average,1,Medium Risk,23.669999999999998
ID04602,Female,22,Psychology,90.1,2.0,2.68,4.7,2,2.92,Excellent,Good,1,Low Risk,28.005
ID04603,Female,20,Business,100.0,6.9,2.75,4.0,9,3.27,Excellent,Very Good,1,Low Risk,10.9375
ID04604,Male,18,Psychology,100.0,4.1,3.83,8.0,8,4.0,Excellent,Excellent,1,Low Risk,5.0875
ID04605,Female,22,Mathematics,95.5,1.9,3.08,6.7,9,3.29,Excellent,Very Good,1,Medium Risk,22.475
ID04606,Female,22,Business,71.3,4.4,3.75,8.0,6,3.68,Low,Excellent,1,Medium Risk,17.502499999999998
ID04607,Female,21,Mathematics,87.2,4.0,2.91,6.6,5,3.44,Excellent,Very Good,1,Low Risk,19.297499999999996
ID04608,Male,18,Economics,72.8,1.5,3.4,7.8,6,3.46,Low,Very Good,1,Medium Risk,31.490000000000002
ID04609,Female,20,Computer Science,97.3,5.6,2.74,6.8,6,2.98,Excellent,Good,1,Low Risk,12.239999999999998
ID04610,Male,20,Engineering,87.1,3.9,2.7,5.9,8,3.13,Excellent,Very Good,1,Low Risk,21.580000000000002
ID04611,Male,18,Business,68.1,3.1,2.19,6.4,6,2.05,Low,Average,1,Medium Risk,37.792500000000004
ID04612,Male,18,Engineering,86.2,3.1,3.27,6.7,4,3.41,Excellent,Very Good,1,Low Risk,20.197499999999998
ID04613,Male,23,Computer Science,72.3,4.8,3.23,7.9,12,3.13,Low,Very Good,1,Medium Risk,20.0025
ID04614,Male,19,Business,87.3,2.9,3.49,6.7,6,3.9,Excellent,Excellent,1,Low Risk,18.5775
ID04615,Male,21,Engineering,72.1,1.0,3.21,5.4,6,3.18,Low,Very Good,1,Medium Risk,35.4675
ID04616,Male,18,Engineering,85.4,1.9,4.0,9.5,10,3.98,Excellent,Excellent,1,Medium Risk,18.97
ID04617,Female,18,Business,96.3,3.9,3.19,7.5,13,3.73,Excellent,Excellent,1,Low Risk,13.152500000000003
ID04618,Female,19,Engineering,84.2,2.8,3.6,9.0,7,3.72,Good,Excellent,1,Low Risk,19.41
ID04619,Male,19,Engineering,79.1,3.1,2.94,5.4,7,2.92,Good,Good,1,Low Risk,26.28
ID04620,Female,22,Business,88.0,2.1,2.65,6.6,10,3.1,Excellent,Very Good,1,Low Risk,28.8125
ID04621,Female,24,Engineering,95.5,2.1,3.46,7.3,6,3.52,Excellent,Excellent,1,Low Risk,18.35
ID04622,Female,20,Engineering,68.4,5.3,3.06,8.0,16,2.89,Low,Good,1,Medium Risk,22.444999999999997
ID04623,Male,21,Psychology,88.9,4.3,3.52,4.2,7,3.85,Excellent,Excellent,1,Low Risk,11.994999999999997
ID04624,Female,22,Economics,100.0,2.3,3.28,4.2,4,3.39,Excellent,Very Good,1,Low Risk,17.1
ID04625,Female,18,Psychology,93.6,3.0,2.7,6.0,12,2.84,Excellent,Good,1,Low Risk,22.255
ID04626,Female,19,Computer Science,85.9,6.1,3.64,7.8,6,4.0,Excellent,Excellent,1,Low Risk,9.494999999999997
ID04627,Male,23,Psychology,94.6,1.8,2.66,6.0,15,2.72,Excellent,Good,1,Medium Risk,26.955000000000005
ID04628,Male,20,Psychology,91.8,6.5,3.41,6.8,9,4.0,Excellent,Excellent,1,Low Risk,8.8525
ID04629,Female,22,Computer Science,96.3,3.5,3.74,7.1,10,4.0,Excellent,Excellent,1,Low Risk,9.94
ID04630,Male,23,Engineering,54.6,3.1,2.91,5.8,5,2.68,Critical,Good,1,High Risk,37.567499999999995
ID04631,Male,20,Engineering,61.7,1.6,3.68,9.2,7,3.64,Low,Excellent,1,Medium Risk,33.635
ID04632,Male,24,Psychology,100.0,14.0,3.3,5.8,7,3.85,Excellent,Excellent,1,Low Risk,6.125000000000001
ID04633,Female,24,Computer Science,62.4,5.0,3.53,4.0,10,3.51,Low,Excellent,1,Medium Risk,21.032500000000002
ID04634,Female,23,Engineering,91.0,0.9,2.68,5.5,4,2.93,Excellent,Good,1,Medium Risk,32.0
ID04635,Male,19,Mathematics,79.7,4.4,3.21,5.7,9,3.13,Good,Very Good,1,Low Risk,18.447499999999998
ID04636,Female,22,Business,70.1,7.4,2.4,7.3,6,2.55,Low,Good,1,Medium Risk,27.455000000000005
ID04637,Male,22,Business,90.2,4.6,3.96,7.3,5,4.0,Excellent,Excellent,1,Low Risk,6.360000000000001
ID04638,Female,24,Economics,88.0,6.2,2.09,7.9,3,2.63,Excellent,Good,1,Medium Risk,22.112499999999997
ID04639,Female,20,Business,100.0,2.7,2.92,9.8,9,3.16,Excellent,Very Good,1,Low Risk,18.65
ID04640,Female,23,Psychology,75.6,2.5,2.63,7.0,6,2.55,Good,Good,1,Low Risk,32.9675
ID04641,Female,19,Business,100.0,3.3,3.44,8.3,9,3.48,Excellent,Very Good,1,Low Risk,11.700000000000001
ID04642,Male,18,Business,90.3,4.0,4.0,6.3,9,4.0,Excellent,Excellent,1,Low Risk,8.365000000000002
ID04643,Female,22,Mathematics,75.1,2.8,3.43,7.4,7,3.35,Good,Very Good,1,Low Risk,24.992500000000007
ID04644,Male,18,Engineering,97.0,3.5,4.0,6.5,13,4.0,Excellent,Excellent,1,Low Risk,7.35
ID04645,Female,19,Mathematics,93.5,1.9,2.41,6.8,8,2.6,Excellent,Good,1,Medium Risk,29.237499999999997
ID04646,Female,24,Psychology,85.5,1.2,2.45,7.2,10,2.66,Excellent,Good,1,Medium Risk,35.2875
ID04647,Female,22,Business,89.0,2.3,2.65,8.5,7,2.76,Excellent,Good,1,Low Risk,27.5625
ID04648,Male,22,Engineering,76.0,10.1,3.16,6.9,8,3.35,Good,Very Good,1,Low Risk,18.15
ID04649,Female,23,Economics,72.6,7.7,2.59,6.9,5,2.76,Low,Good,1,Medium Risk,24.667500000000004
ID04650,Male,18,Economics,96.4,4.5,2.72,7.5,8,3.28,Excellent,Very Good,1,Low Risk,14.819999999999995
ID04651,Male,24,Business,81.6,1.4,3.41,8.3,9,3.37,Good,Very Good,1,Medium Risk,27.8425
ID04652,Female,23,Business,83.8,3.7,2.48,4.9,10,2.74,Good,Good,1,Medium Risk,25.79
ID04653,Male,21,Economics,89.2,4.2,2.53,7.4,11,3.08,Excellent,Very Good,1,Low Risk,20.9225
ID04654,Female,18,Economics,89.0,2.7,2.9,5.0,8,2.89,Excellent,Good,1,Low Risk,23.775
ID04655,Male,18,Psychology,63.6,8.0,2.95,9.0,9,2.93,Low,Good,1,Medium Risk,25.567499999999995
ID04656,Male,21,Business,100.0,1.8,3.61,7.5,6,4.0,Excellent,Excellent,1,Medium Risk,16.212500000000002
ID04657,Female,19,Economics,86.8,5.3,2.65,8.8,8,3.06,Excellent,Very Good,1,Low Risk,17.7525
ID04658,Male,19,Computer Science,82.0,1.8,2.74,4.5,8,2.9,Good,Good,1,Medium Risk,31.924999999999997
ID04659,Male,22,Economics,91.5,1.9,3.39,6.7,8,3.65,Excellent,Excellent,1,Medium Risk,21.5625
ID04660,Female,20,Engineering,88.5,3.7,3.5,8.3,6,3.92,Excellent,Excellent,1,Low Risk,14.75
ID04661,Male,23,Engineering,96.5,0.7,3.81,9.1,8,3.7,Excellent,Excellent,1,Medium Risk,20.4375
ID04662,Female,20,Computer Science,93.1,4.4,3.33,7.5,5,3.61,Excellent,Excellent,1,Low Risk,11.367500000000001
ID04663,Male,22,Psychology,95.8,2.9,3.17,6.4,12,3.39,Excellent,Very Good,1,Low Risk,17.552500000000002
ID04664,Female,20,Business,100.0,3.5,3.39,6.6,2,3.56,Excellent,Excellent,1,Low Risk,11.337499999999999
ID04665,Female,18,Business,98.3,2.5,2.97,5.4,13,3.09,Excellent,Very Good,1,Low Risk,19.777499999999996
ID04666,Female,18,Economics,82.6,7.9,2.96,9.2,15,3.35,Good,Very Good,1,Low Risk,16.930000000000003
ID04667,Male,21,Engineering,68.2,6.4,2.21,8.0,7,2.56,Low,Good,1,Medium Risk,29.972499999999997
ID04668,Female,21,Psychology,100.0,5.3,3.55,6.7,17,3.64,Excellent,Excellent,1,Low Risk,3.937500000000001
ID04669,Female,22,Psychology,81.4,2.0,3.21,7.8,10,3.63,Good,Excellent,1,Low Risk,27.2825
ID04670,Female,22,Psychology,77.9,5.7,3.49,6.8,12,3.75,Good,Excellent,1,Low Risk,14.407499999999995
ID04671,Male,24,Economics,58.9,4.7,1.69,6.5,11,1.57,Critical,Poor,0,High Risk,39.9075
ID04672,Female,22,Business,90.1,13.1,3.08,5.9,6,3.72,Excellent,Excellent,1,Low Risk,12.505000000000003
ID04673,Female,18,Psychology,87.2,1.4,2.67,5.9,13,2.76,Excellent,Good,1,Medium Risk,31.7975
ID04674,Male,20,Economics,62.3,3.4,3.85,7.6,9,3.69,Low,Excellent,1,Medium Risk,24.677500000000002
ID04675,Male,23,Economics,91.8,2.5,3.41,8.6,12,3.54,Excellent,Excellent,1,Low Risk,18.8525
ID04676,Female,24,Computer Science,77.5,4.8,3.22,6.5,6,3.46,Good,Very Good,1,Low Risk,17.75
ID04677,Male,24,Mathematics,100.0,1.3,2.88,5.8,3,3.11,Excellent,Very Good,1,Medium Risk,24.6
ID04678,Female,24,Psychology,76.5,5.9,3.3,8.4,8,3.47,Good,Very Good,1,Low Risk,16.700000000000003
ID04679,Female,22,Mathematics,78.5,1.3,2.64,7.1,8,2.44,Good,Average,1,Medium Risk,36.375
ID04680,Female,22,Business,71.9,4.8,3.05,4.0,8,2.92,Low,Good,1,Medium Risk,21.757499999999997
ID04681,Male,18,Economics,100.0,3.1,2.81,5.9,9,3.08,Excellent,Very Good,1,Low Risk,18.0125
ID04682,Male,23,Psychology,79.4,2.2,4.0,7.7,10,4.0,Good,Excellent,1,Low Risk,20.47
ID04683,Female,18,Engineering,74.1,1.8,3.83,5.8,8,3.55,Low,Excellent,1,Medium Risk,25.942500000000003
ID04684,Male,23,Business,95.6,2.5,3.63,7.1,11,3.99,Excellent,Excellent,1,Low Risk,15.217500000000005
ID04685,Female,18,Computer Science,64.3,3.1,2.35,5.1,8,2.21,Low,Average,1,Medium Risk,38.1025
ID04686,Male,20,Computer Science,94.4,3.8,3.53,6.4,6,4.0,Excellent,Excellent,1,Low Risk,11.4325
ID04687,Male,22,Mathematics,100.0,4.1,3.19,5.4,10,3.39,Excellent,Very Good,1,Low Risk,10.6875
ID04688,Male,19,Economics,93.5,3.4,3.71,5.2,6,3.82,Excellent,Excellent,1,Low Risk,11.8625
ID04689,Male,19,Mathematics,94.6,3.0,3.26,5.9,5,3.34,Excellent,Very Good,1,Low Risk,16.905000000000005
ID04690,Female,22,Engineering,98.1,9.1,3.1,8.3,12,3.76,Excellent,Excellent,1,Low Risk,8.73
ID04691,Male,24,Engineering,100.0,5.7,3.22,7.6,8,3.8,Excellent,Excellent,1,Low Risk,6.824999999999998
ID04692,Male,22,Computer Science,100.0,1.4,2.2,10.0,9,2.29,Excellent,Average,1,Medium Risk,30.15
ID04693,Male,22,Psychology,91.6,2.7,2.72,6.1,12,2.9,Excellent,Good,1,Low Risk,24.18
ID04694,Male,22,Computer Science,98.6,3.6,3.29,8.5,11,3.43,Excellent,Very Good,1,Low Risk,12.442500000000003
ID04695,Male,24,Computer Science,71.7,2.2,3.67,9.8,9,3.48,Low,Very Good,1,Medium Risk,26.822499999999998
ID04696,Female,23,Engineering,96.6,3.1,2.82,8.7,6,2.84,Excellent,Good,1,Low Risk,19.455000000000005
ID04697,Male,20,Mathematics,69.9,1.5,3.08,8.7,8,2.73,Low,Good,1,Medium Risk,35.595
ID04698,Male,19,Engineering,79.5,4.0,2.3,7.2,7,2.52,Good,Good,1,Medium Risk,28.1
ID04699,Male,21,Economics,38.8,10.9,3.83,7.3,6,4.0,Critical,Excellent,1,High Risk,29.027500000000003
ID04700,Female,19,Engineering,91.0,4.2,3.66,5.6,6,4.0,Excellent,Excellent,1,Low Risk,10.224999999999998
ID04701,Male,19,Engineering,75.3,4.1,3.43,4.0,4,3.38,Good,Very Good,1,Low Risk,19.7025
ID04702,Male,24,Computer Science,100.0,3.4,3.3,7.3,8,3.57,Excellent,Excellent,1,Low Risk,12.525000000000002
ID04703,Female,18,Psychology,90.9,1.7,3.88,5.6,10,3.85,Excellent,Excellent,1,Medium Risk,18.344999999999995
ID04704,Female,22,Computer Science,100.0,9.6,2.7,6.4,11,3.35,Excellent,Very Good,1,Low Risk,11.374999999999996
ID04705,Male,22,Business,68.7,4.4,2.64,5.8,7,2.71,Low,Good,1,Medium Risk,28.384999999999998
ID04706,Male,22,Engineering,100.0,5.3,3.63,7.5,7,3.92,Excellent,Excellent,1,Low Risk,3.237500000000001
ID04707,Female,18,Engineering,100.0,3.0,3.6,6.7,8,3.86,Excellent,Excellent,1,Low Risk,11.5
ID04708,Male,24,Business,96.5,5.4,2.5,8.9,18,2.69,Excellent,Good,1,Low Risk,14.7
ID04709,Female,20,Engineering,96.9,9.6,2.83,5.9,12,3.5,Excellent,Excellent,1,Low Risk,11.632499999999997
ID04710,Female,20,Engineering,87.5,7.8,3.94,7.3,6,4.0,Excellent,Excellent,1,Low Risk,6.15
ID04711,Male,24,Economics,77.1,0.1,3.31,6.7,7,2.98,Good,Good,1,Medium Risk,35.94250000000001
ID04712,Male,21,Engineering,96.4,7.6,3.49,6.6,9,3.89,Excellent,Excellent,1,Low Risk,6.082499999999995
ID04713,Male,20,Business,62.4,2.0,2.52,6.9,11,2.39,Low,Average,1,Medium Risk,41.870000000000005
ID04714,Female,24,Computer Science,78.7,2.1,3.43,9.3,9,3.21,Good,Very Good,1,Low Risk,26.1725
ID04715,Male,20,Engineering,58.4,1.5,2.39,8.3,4,1.77,Critical,Poor,0,High Risk,46.807500000000005
ID04716,Male,22,Psychology,74.4,2.0,2.11,6.3,10,1.98,Low,Poor,0,Medium Risk,40.0575
ID04717,Female,23,Business,94.6,4.8,3.46,6.1,9,3.82,Excellent,Excellent,1,Low Risk,7.955000000000004
ID04718,Female,24,Mathematics,92.6,4.1,3.82,5.8,8,3.89,Excellent,Excellent,1,Low Risk,8.505000000000006
ID04719,Male,19,Economics,85.8,5.5,2.97,7.2,3,3.36,Excellent,Very Good,1,Low Risk,15.4025
ID04720,Female,20,Business,87.6,3.8,2.83,4.7,11,3.07,Excellent,Very Good,1,Low Risk,20.617500000000003
ID04721,Male,20,Computer Science,56.7,2.0,3.96,6.7,7,3.43,Critical,Very Good,1,High Risk,31.835
ID04722,Male,18,Business,79.4,5.8,3.0,7.6,6,3.21,Good,Very Good,1,Low Risk,18.019999999999996
ID04723,Male,21,Mathematics,74.8,3.2,3.07,5.9,8,2.81,Low,Good,1,Medium Risk,26.677500000000002
ID04724,Male,23,Economics,75.1,5.9,3.95,7.1,11,4.0,Good,Excellent,1,Low Risk,11.642500000000002
ID04725,Male,18,Psychology,94.0,4.4,2.92,7.4,10,3.49,Excellent,Very Good,1,Low Risk,14.549999999999997
ID04726,Male,22,Mathematics,72.1,4.0,2.77,4.4,7,2.54,Low,Good,1,Medium Risk,27.317500000000003
ID04727,Female,19,Business,75.9,10.6,3.51,7.3,9,3.8,Good,Excellent,1,Low Risk,15.132499999999999
ID04728,Female,21,Mathematics,53.7,1.0,2.74,6.3,4,2.19,Critical,Average,1,High Risk,47.86
ID04729,Female,18,Business,80.6,1.0,3.03,9.8,5,3.08,Good,Very Good,1,Medium Risk,33.2175
ID04730,Male,24,Psychology,68.7,2.5,2.44,7.3,10,2.55,Low,Good,1,Medium Risk,37.735
ID04731,Male,20,Psychology,86.2,5.9,3.19,5.6,9,3.71,Excellent,Excellent,1,Low Risk,13.2975
ID04732,Male,20,Computer Science,70.7,2.7,3.13,4.3,10,3.15,Low,Very Good,1,Medium Risk,29.997500000000002
ID04733,Female,21,Psychology,86.6,3.2,3.58,6.9,9,3.97,Excellent,Excellent,1,Low Risk,16.905
ID04734,Female,20,Engineering,82.8,1.1,3.53,9.0,8,3.72,Good,Excellent,1,Medium Risk,27.452500000000004
ID04735,Male,24,Mathematics,100.0,5.8,3.38,6.1,6,3.67,Excellent,Excellent,1,Low Risk,5.425000000000001
ID04736,Male,18,Mathematics,92.5,1.1,3.3,7.5,5,3.4,Excellent,Very Good,1,Medium Risk,25.1
ID04737,Male,18,Business,57.4,3.0,3.06,8.1,9,2.61,Critical,Good,1,High Risk,35.395
ID04738,Male,20,Psychology,66.0,0.7,3.4,8.0,4,3.11,Low,Very Good,1,Medium Risk,37.75
ID04739,Male,20,Computer Science,85.8,6.5,2.54,7.0,5,3.14,Excellent,Very Good,1,Low Risk,19.165
ID04740,Female,22,Computer Science,71.1,1.1,1.93,6.0,7,1.74,Low,Poor,0,High Risk,46.7175
ID04741,Female,19,Computer Science,40.5,2.9,3.68,6.6,7,3.2,Critical,Very Good,1,High Risk,37.975
ID04742,Male,21,Economics,100.0,2.5,3.44,5.4,8,3.44,Excellent,Very Good,1,Low Risk,14.9
ID04743,Male,18,Engineering,95.8,5.3,3.04,5.6,10,3.54,Excellent,Excellent,1,Low Risk,10.29
ID04744,Female,21,Psychology,92.8,4.2,3.64,8.5,5,4.0,Excellent,Excellent,1,Low Risk,9.59
ID04745,Male,22,Computer Science,75.9,10.3,2.73,7.5,13,3.28,Good,Very Good,1,Low Risk,21.957499999999996
ID04746,Male,18,Engineering,91.4,1.4,2.75,7.4,7,3.15,Excellent,Very Good,1,Medium Risk,29.207499999999996
ID04747,Male,22,Mathematics,74.4,7.5,2.68,5.9,7,2.92,Low,Good,1,Medium Risk,23.069999999999993
ID04748,Male,22,Business,88.1,8.5,3.38,8.8,10,3.77,Excellent,Excellent,1,Low Risk,10.780000000000005
ID04749,Male,23,Psychology,71.2,10.1,2.31,6.7,10,2.59,Low,Good,1,Medium Risk,27.7475
ID04750,Female,20,Psychology,100.0,3.8,2.72,7.2,8,3.02,Excellent,Very Good,1,Low Risk,15.999999999999998
ID04751,Male,24,Economics,61.4,1.6,3.24,8.7,9,3.18,Low,Very Good,1,Medium Risk,37.62
ID04752,Male,23,Mathematics,100.0,5.0,2.5,5.9,3,2.97,Excellent,Good,1,Low Risk,13.125
ID04753,Female,21,Psychology,85.6,1.2,2.77,6.0,5,2.96,Excellent,Good,1,Medium Risk,32.4425
ID04754,Male,24,Economics,77.7,7.1,1.99,8.6,9,2.02,Good,Average,1,High Risk,27.622499999999995
ID04755,Female,21,Economics,87.5,3.6,3.4,8.2,15,3.53,Excellent,Excellent,1,Low Risk,16.475
ID04756,Female,20,Economics,96.0,4.6,2.76,7.5,8,3.04,Excellent,Very Good,1,Low Risk,14.250000000000004
ID04757,Male,24,Psychology,100.0,10.0,2.55,4.0,7,2.9,Excellent,Good,1,Low Risk,12.687500000000002
ID04758,Female,23,Psychology,89.7,4.2,2.45,8.9,9,2.6,Excellent,Good,1,Medium Risk,21.397499999999994
ID04759,Male,21,Psychology,71.6,1.6,2.89,6.1,6,2.74,Low,Good,1,Medium Risk,36.0925
ID04760,Female,23,Engineering,85.8,3.6,2.31,6.1,8,2.75,Excellent,Good,1,Medium Risk,26.777500000000003
ID04761,Male,20,Economics,100.0,2.6,4.0,6.7,12,4.0,Excellent,Excellent,1,Low Risk,9.600000000000001
ID04762,Female,24,Engineering,100.0,4.4,1.91,5.2,4,2.11,Excellent,Average,1,High Risk,20.687499999999996
ID04763,Female,24,Business,98.6,3.0,2.87,8.8,8,3.11,Excellent,Very Good,1,Low Risk,18.5175
ID04764,Male,18,Psychology,96.9,2.4,3.15,7.3,13,3.54,Excellent,Excellent,1,Low Risk,19.232499999999998
ID04765,Male,22,Mathematics,95.5,3.7,2.71,8.0,7,3.09,Excellent,Very Good,1,Low Risk,18.5125
ID04766,Female,22,Computer Science,100.0,1.5,3.21,5.8,9,3.16,Excellent,Very Good,1,Medium Risk,20.9125
ID04767,Female,23,Business,78.2,3.5,2.7,8.5,7,2.52,Good,Good,1,Low Risk,27.184999999999995
ID04768,Male,24,Computer Science,64.7,5.2,3.87,9.1,2,3.79,Low,Excellent,1,Medium Risk,17.022499999999997
ID04769,Female,21,Computer Science,86.0,8.7,2.54,5.1,10,2.97,Excellent,Good,1,Low Risk,19.075
ID04770,Male,23,Psychology,72.7,2.6,1.92,5.3,8,1.61,Low,Poor,0,High Risk,40.085
ID04771,Male,23,Mathematics,69.2,11.3,2.45,5.8,8,2.86,Low,Good,1,Medium Risk,27.422499999999996
ID04772,Male,19,Computer Science,74.2,4.7,3.29,8.4,7,3.26,Low,Very Good,1,Medium Risk,19.022499999999997
ID04773,Male,24,Economics,100.0,3.1,3.04,7.3,18,3.2,Excellent,Very Good,1,Low Risk,16.0
ID04774,Female,22,Computer Science,87.0,3.3,3.48,6.9,9,3.8,Excellent,Excellent,1,Low Risk,17.200000000000003
ID04775,Male,24,Business,90.4,3.8,3.35,7.6,11,3.89,Excellent,Excellent,1,Low Risk,14.807499999999997
ID04776,Female,20,Mathematics,66.7,2.9,2.78,9.9,5,2.76,Low,Good,1,Medium Risk,34.06
ID04777,Male,23,Mathematics,57.3,2.4,2.86,4.4,8,2.58,Critical,Good,1,High Risk,39.59
ID04778,Male,19,Computer Science,72.7,4.4,2.91,6.5,12,3.17,Low,Very Good,1,Medium Risk,24.222499999999997
ID04779,Male,19,Mathematics,100.0,1.0,4.0,4.0,15,4.0,Excellent,Excellent,1,Medium Risk,16.0
ID04780,Male,22,Business,90.0,2.1,3.45,7.8,4,3.76,Excellent,Excellent,1,Low Risk,20.912499999999998
ID04781,Male,22,Business,94.0,5.8,4.0,8.6,9,4.0,Excellent,Excellent,1,Low Risk,2.7
ID04782,Male,22,Business,96.1,0.8,3.52,6.5,7,3.74,Excellent,Excellent,1,Medium Risk,22.755000000000006
ID04783,Female,20,Economics,76.1,4.8,3.07,8.0,6,2.98,Good,Good,1,Low Risk,19.692500000000006
ID04784,Male,19,Psychology,100.0,4.0,2.59,4.7,6,2.92,Excellent,Good,1,Low Risk,16.3375
ID04785,Male,21,Computer Science,75.5,2.5,3.2,7.7,8,3.35,Good,Very Good,1,Low Risk,28.025
ID04786,Male,20,Mathematics,100.0,2.9,3.07,10.0,11,3.38,Excellent,Very Good,1,Low Risk,16.5375
ID04787,Female,18,Business,91.6,3.7,3.05,6.4,7,3.5,Excellent,Excellent,1,Low Risk,17.292500000000004
ID04788,Female,23,Computer Science,58.2,4.9,3.0,7.6,4,2.63,Critical,Good,1,High Risk,27.959999999999997
ID04789,Male,22,Computer Science,73.8,4.7,2.07,6.1,8,2.25,Low,Average,1,Medium Risk,29.8775
ID04790,Male,19,Psychology,58.2,7.3,3.73,7.3,10,3.46,Critical,Very Good,1,High Risk,21.1725
ID04791,Male,23,Economics,100.0,4.5,3.07,8.7,5,3.52,Excellent,Excellent,1,Low Risk,10.137500000000001
ID04792,Female,24,Mathematics,84.6,8.1,2.39,7.9,9,3.11,Good,Very Good,1,Medium Risk,21.017500000000002
ID04793,Male,20,Economics,51.6,0.9,3.34,6.8,14,3.13,Critical,Very Good,1,High Risk,43.955000000000005
ID04794,Male,18,Mathematics,90.6,7.2,2.67,6.8,12,3.1,Excellent,Very Good,1,Low Risk,15.867500000000003
ID04795,Male,24,Business,76.9,3.1,3.38,5.2,7,3.3,Good,Very Good,1,Low Risk,23.419999999999998
ID04796,Male,20,Business,62.7,4.2,3.54,8.5,7,3.53,Low,Excellent,1,Medium Risk,24.009999999999998
ID04797,Male,20,Computer Science,100.0,5.5,3.61,8.1,12,3.96,Excellent,Excellent,1,Low Risk,3.412500000000001
ID04798,Female,21,Mathematics,86.6,1.9,3.02,5.1,6,3.13,Excellent,Very Good,1,Medium Risk,27.005000000000003
ID04799,Male,23,Mathematics,80.6,3.3,2.89,7.3,5,3.4,Good,Very Good,1,Low Risk,25.242500000000003
ID04800,Female,21,Economics,79.0,7.6,2.79,5.6,11,3.07,Good,Very Good,1,Low Risk,20.0375
ID04801,Male,20,Business,62.3,8.7,2.74,6.3,11,3.07,Low,Very Good,1,Medium Risk,27.990000000000002
ID04802,Male,18,Engineering,65.4,2.5,3.09,8.2,6,3.02,Low,Very Good,1,Medium Risk,33.5325
ID04803,Female,19,Computer Science,100.0,5.3,3.0,8.5,9,3.4,Excellent,Very Good,1,Low Risk,8.75
ID04804,Male,19,Mathematics,77.9,2.9,2.69,8.1,7,2.63,Good,Good,1,Low Risk,29.8075
ID04805,Female,24,Psychology,85.3,1.3,2.53,6.6,7,2.83,Excellent,Good,1,Medium Risk,34.2775
ID04806,Male,23,Psychology,54.3,8.4,3.05,7.7,9,3.15,Critical,Very Good,1,High Risk,28.8775
ID04807,Male,22,Engineering,65.2,1.9,2.88,5.8,6,2.92,Low,Good,1,Medium Risk,37.86
ID04808,Female,22,Business,94.1,13.5,2.53,8.1,10,3.39,Excellent,Very Good,1,Low Risk,15.517500000000005
ID04809,Male,19,Business,90.7,1.5,3.52,7.0,7,3.6,Excellent,Excellent,1,Medium Risk,22.384999999999998
ID04810,Female,20,Business,100.0,7.1,3.99,6.3,9,4.0,Excellent,Excellent,1,Low Risk,0.08749999999999813
ID04811,Male,20,Economics,100.0,6.9,3.58,5.9,7,4.0,Excellent,Excellent,1,Low Risk,3.674999999999999
ID04812,Female,21,Psychology,81.5,2.9,2.74,8.0,9,2.94,Good,Good,1,Low Risk,27.75
ID04813,Male,23,Business,92.1,4.6,3.07,6.8,11,3.44,Excellent,Very Good,1,Low Risk,13.292500000000006
ID04814,Male,21,Psychology,80.3,3.0,3.87,6.3,10,4.0,Good,Excellent,1,Low Risk,18.0025
ID04815,Female,22,Engineering,100.0,2.2,2.51,6.3,9,2.67,Excellent,Good,1,Low Risk,24.2375
ID04816,Female,19,Computer Science,100.0,5.0,3.49,5.1,14,3.72,Excellent,Excellent,1,Low Risk,4.462499999999998
ID04817,Female,24,Economics,87.5,6.3,2.38,7.2,10,3.01,Excellent,Very Good,1,Medium Risk,19.799999999999997
ID04818,Female,20,Mathematics,88.0,2.4,3.94,7.4,8,4.0,Excellent,Excellent,1,Low Risk,16.325000000000003
ID04819,Female,19,Engineering,100.0,8.4,2.88,4.8,7,3.5,Excellent,Excellent,1,Low Risk,9.8
ID04820,Male,18,Psychology,93.7,4.5,4.0,5.4,3,4.0,Excellent,Excellent,1,Low Risk,4.834999999999999
ID04821,Male,19,Engineering,100.0,3.8,3.96,4.5,3,4.0,Excellent,Excellent,1,Low Risk,5.150000000000001
ID04822,Male,18,Mathematics,52.1,3.9,3.05,8.8,3,2.75,Critical,Good,1,High Risk,34.2675
ID04823,Male,21,Economics,91.9,8.3,2.74,7.9,6,3.36,Excellent,Very Good,1,Low Risk,14.669999999999995
ID04824,Male,21,Computer Science,77.3,3.2,3.2,8.7,12,3.3,Good,Very Good,1,Low Risk,24.415
ID04825,Male,22,Mathematics,100.0,3.3,3.01,9.4,2,3.04,Excellent,Very Good,1,Low Risk,15.462500000000002
ID04826,Male,19,Economics,100.0,8.2,2.9,7.7,9,3.54,Excellent,Excellent,1,Low Risk,9.625
ID04827,Female,19,Psychology,85.5,8.5,2.27,6.9,8,2.98,Excellent,Good,1,Medium Risk,21.6625
ID04828,Male,18,Mathematics,100.0,6.8,2.84,7.3,6,3.37,Excellent,Very Good,1,Low Risk,10.15
ID04829,Male,21,Engineering,100.0,1.6,2.54,6.0,8,2.96,Excellent,Good,1,Medium Risk,26.375
ID04830,Male,18,Business,86.1,11.1,3.38,5.8,3,3.95,Excellent,Excellent,1,Low Risk,11.680000000000003
ID04831,Female,21,Engineering,100.0,4.2,3.6,6.4,8,4.0,Excellent,Excellent,1,Low Risk,6.699999999999999
ID04832,Female,18,Psychology,84.5,3.7,3.47,6.6,9,3.88,Good,Excellent,1,Low Risk,16.812499999999996
ID04833,Female,21,Computer Science,81.8,6.8,3.27,4.5,9,3.47,Good,Very Good,1,Low Risk,14.5775
ID04834,Male,18,Mathematics,98.0,4.8,2.67,5.1,2,2.98,Excellent,Good,1,Low Risk,13.3375
ID04835,Male,24,Computer Science,79.7,3.0,3.2,5.1,9,3.0,Good,Very Good,1,Low Risk,24.134999999999998
ID04836,Male,21,Psychology,86.3,9.2,3.5,5.0,8,4.0,Excellent,Excellent,1,Low Risk,10.540000000000003
ID04837,Male,23,Mathematics,100.0,3.7,2.81,8.0,13,3.3,Excellent,Very Good,1,Low Risk,15.612499999999999
ID04838,Male,18,Economics,85.3,4.2,3.16,6.5,8,3.57,Excellent,Excellent,1,Low Risk,17.165
ID04839,Male,19,Economics,59.6,9.2,3.03,6.7,3,3.08,Critical,Very Good,1,High Risk,26.6675
ID04840,Male,22,Engineering,90.5,6.6,3.93,7.6,9,4.0,Excellent,Excellent,1,Low Risk,4.887499999999999
ID04841,Female,23,Engineering,74.6,5.6,3.53,8.2,10,3.57,Low,Excellent,1,Medium Risk,15.542500000000004
ID04842,Female,23,Psychology,98.0,2.9,3.4,7.7,11,3.67,Excellent,Excellent,1,Low Risk,14.550000000000002
ID04843,Male,18,Economics,95.4,5.0,2.24,9.5,10,2.49,Excellent,Average,1,Medium Risk,17.469999999999995
ID04844,Male,22,Mathematics,100.0,5.2,3.19,7.1,12,3.68,Excellent,Excellent,1,Low Risk,7.0874999999999995
ID04845,Male,19,Economics,98.6,5.1,3.02,7.3,6,3.54,Excellent,Excellent,1,Low Risk,9.205000000000002
ID04846,Male,23,Engineering,100.0,3.8,3.02,6.1,6,3.33,Excellent,Very Good,1,Low Risk,13.375
ID04847,Female,19,Psychology,75.0,2.4,2.32,4.2,7,2.01,Good,Average,1,Medium Risk,36.35
ID04848,Male,21,Economics,97.1,7.1,2.56,7.1,6,3.08,Excellent,Very Good,1,Low Risk,13.905000000000003
ID04849,Female,24,Psychology,100.0,2.8,3.07,8.3,7,3.29,Excellent,Very Good,1,Low Risk,16.937500000000004
ID04850,Male,22,Economics,74.7,4.0,3.66,5.9,6,3.6,Low,Excellent,1,Medium Risk,18.36
ID04851,Female,24,Computer Science,100.0,0.6,2.8,6.2,7,2.92,Excellent,Good,1,Medium Risk,28.100000000000005
ID04852,Male,20,Economics,76.8,6.5,2.9,8.4,10,3.13,Good,Very Good,1,Low Risk,20.065
ID04853,Female,21,Engineering,72.2,2.1,3.99,6.9,7,3.94,Low,Excellent,1,Medium Risk,24.197499999999998
ID04854,Male,22,Mathematics,89.4,5.2,2.95,5.6,12,3.38,Excellent,Very Good,1,Low Risk,13.957499999999996
ID04855,Female,18,Engineering,95.7,1.7,3.04,5.6,11,3.23,Excellent,Very Good,1,Medium Risk,23.534999999999997
ID04856,Male,24,Engineering,98.7,3.5,3.04,8.0,9,3.48,Excellent,Very Good,1,Low Risk,14.984999999999998
ID04857,Male,18,Engineering,70.6,3.3,2.43,6.8,10,2.6,Low,Good,1,Medium Risk,33.7675
ID04858,Female,19,Psychology,91.5,2.1,3.39,6.8,11,3.54,Excellent,Excellent,1,Low Risk,20.762499999999996
ID04859,Female,23,Business,74.7,4.6,2.77,4.9,6,2.88,Low,Good,1,Medium Risk,23.747500000000002
ID04860,Female,24,Business,62.7,1.4,3.08,7.7,6,3.09,Low,Very Good,1,Medium Risk,39.235
ID04861,Female,20,Computer Science,71.1,6.0,3.32,8.5,4,3.39,Low,Very Good,1,Medium Risk,18.955000000000005
ID04862,Female,18,Engineering,73.7,6.2,4.0,6.5,3,4.0,Low,Excellent,1,Medium Risk,11.834999999999999
ID04863,Male,22,Business,92.8,2.3,2.44,7.6,18,2.33,Excellent,Average,1,Medium Risk,27.69
ID04864,Male,24,Computer Science,100.0,8.2,3.53,6.4,4,4.0,Excellent,Excellent,1,Low Risk,4.112500000000002
ID04865,Male,24,Psychology,62.9,3.6,3.53,7.9,5,3.51,Low,Excellent,1,Medium Risk,26.4075
ID04866,Female,23,Engineering,90.3,2.0,2.78,7.7,2,3.19,Excellent,Very Good,1,Low Risk,27.040000000000003
ID04867,Male,23,Mathematics,67.3,1.1,3.4,6.4,6,3.34,Low,Very Good,1,Medium Risk,35.565000000000005
ID04868,Male,22,Psychology,94.4,0.3,3.92,4.0,10,3.9,Excellent,Excellent,1,Medium Risk,22.02
ID04869,Female,23,Computer Science,75.7,7.9,2.72,5.8,11,2.72,Good,Good,1,Low Risk,22.134999999999998
ID04870,Female,18,Psychology,69.2,2.5,3.22,7.5,6,3.27,Low,Very Good,1,Medium Risk,30.685
ID04871,Male,22,Mathematics,97.0,3.2,3.3,8.3,7,3.58,Excellent,Excellent,1,Low Risk,14.675
ID04872,Male,22,Psychology,76.2,3.0,3.37,6.1,9,3.31,Good,Very Good,1,Low Risk,24.222499999999997
ID04873,Male,19,Computer Science,80.3,6.9,3.48,9.0,13,3.74,Good,Excellent,1,Low Risk,13.415000000000003
ID04874,Male,20,Mathematics,51.7,5.4,3.18,9.2,7,2.99,Critical,Good,1,High Risk,28.909999999999997
ID04875,Male,24,Mathematics,99.2,4.3,3.36,8.0,10,3.63,Excellent,Excellent,1,Low Risk,8.76
ID04876,Female,19,Psychology,97.3,1.5,2.64,5.3,10,2.91,Excellent,Good,1,Medium Risk,27.115000000000002
ID04877,Female,20,Mathematics,85.1,9.4,3.18,8.1,11,3.79,Excellent,Excellent,1,Low Risk,13.88
ID04878,Female,22,Psychology,62.1,5.4,2.86,6.2,8,3.14,Low,Very Good,1,Medium Risk,27.03
ID04879,Male,24,Engineering,100.0,5.5,2.49,6.1,6,3.11,Excellent,Very Good,1,Medium Risk,13.212499999999997
ID04880,Female,23,Mathematics,75.0,1.7,2.85,7.7,10,2.72,Good,Good,1,Medium Risk,34.512499999999996
ID04881,Male,20,Psychology,78.2,1.9,3.23,7.6,7,3.18,Good,Very Good,1,Medium Risk,28.947499999999998
ID04882,Male,22,Engineering,100.0,4.2,3.32,7.7,6,3.64,Excellent,Excellent,1,Low Risk,9.15
ID04883,Female,22,Mathematics,74.4,4.2,2.47,8.0,4,2.36,Low,Average,1,Medium Risk,28.107499999999995
ID04884,Male,19,Engineering,96.1,2.1,2.63,6.9,6,2.85,Excellent,Good,1,Low Risk,25.3425
ID04885,Male,19,Economics,93.4,1.7,3.46,4.8,6,3.57,Excellent,Excellent,1,Medium Risk,20.894999999999996
ID04886,Female,23,Mathematics,90.9,2.8,3.35,10.0,4,3.41,Excellent,Very Good,1,Low Risk,18.582499999999996
ID04887,Male,21,Economics,89.2,3.3,3.54,6.4,9,4.0,Excellent,Excellent,1,Low Risk,15.684999999999999
ID04888,Female,18,Computer Science,90.6,1.5,3.78,5.9,3,3.82,Excellent,Excellent,1,Medium Risk,20.155000000000005
ID04889,Male,21,Computer Science,89.1,5.5,3.37,5.2,6,3.8,Excellent,Excellent,1,Low Risk,10.4175
ID04890,Female,21,Psychology,84.2,5.7,2.89,7.2,2,3.16,Good,Very Good,1,Low Risk,16.822499999999998
ID04891,Male,24,Business,100.0,5.2,3.16,7.1,5,3.38,Excellent,Very Good,1,Low Risk,7.349999999999998
ID04892,Male,24,Economics,65.3,1.6,3.93,6.8,10,4.0,Low,Excellent,1,Medium Risk,29.8275
ID04893,Female,23,Economics,100.0,2.7,4.0,9.2,13,4.0,Excellent,Excellent,1,Low Risk,9.200000000000001
ID04894,Male,24,Computer Science,97.3,6.2,3.33,8.0,12,3.9,Excellent,Excellent,1,Low Risk,7.0775000000000015
ID04895,Male,20,Economics,95.5,4.4,3.37,5.5,13,3.68,Excellent,Excellent,1,Low Risk,9.937499999999996
ID04896,Male,23,Business,100.0,8.3,3.46,10.0,6,3.91,Excellent,Excellent,1,Low Risk,4.725
ID04897,Male,23,Engineering,83.6,7.6,3.11,4.7,11,3.35,Good,Very Good,1,Low Risk,15.167500000000004
ID04898,Male,22,Engineering,57.0,3.9,3.68,6.8,10,3.36,Critical,Very Good,1,High Risk,26.55
ID04899,Male,22,Business,83.9,2.7,3.6,5.9,8,3.95,Good,Excellent,1,Low Risk,19.945
ID04900,Female,22,Economics,70.1,6.0,3.28,7.6,8,3.59,Low,Excellent,1,Medium Risk,19.755000000000003
ID04901,Male,18,Economics,74.0,6.3,2.94,8.0,9,3.14,Low,Very Good,1,Medium Risk,20.975
ID04902,Male,20,Economics,66.4,6.8,2.34,6.4,9,2.56,Low,Good,1,Medium Risk,29.644999999999996
ID04903,Male,20,Psychology,77.8,4.4,3.47,8.6,6,3.41,Good,Very Good,1,Low Risk,17.027499999999996
ID04904,Male,22,Mathematics,76.1,2.5,3.21,7.3,12,3.3,Good,Very Good,1,Low Risk,27.667500000000004
ID04905,Female,21,Business,49.3,5.2,2.73,9.2,2,2.59,Critical,Good,1,High Risk,33.9275
ID04906,Male,18,Business,95.5,5.3,2.54,8.4,7,2.95,Excellent,Good,1,Low Risk,14.799999999999999
ID04907,Female,21,Business,100.0,5.9,3.43,6.3,10,3.89,Excellent,Excellent,1,Low Risk,4.987499999999998
ID04908,Male,19,Business,94.1,2.9,2.3,8.6,7,2.55,Excellent,Good,1,Medium Risk,25.930000000000007
ID04909,Female,20,Business,82.0,0.9,3.25,6.0,10,3.33,Good,Very Good,1,Medium Risk,31.0625
ID04910,Male,20,Economics,84.2,5.2,3.52,7.9,6,4.0,Good,Excellent,1,Low Risk,11.309999999999999
ID04911,Female,21,Psychology,78.7,1.4,3.37,7.8,10,3.46,Good,Very Good,1,Medium Risk,29.497499999999995
ID04912,Female,18,Computer Science,86.4,6.2,2.9,6.2,5,3.54,Excellent,Excellent,1,Low Risk,15.744999999999997
ID04913,Male,20,Economics,84.4,4.3,2.48,4.0,7,2.61,Good,Good,1,Medium Risk,23.119999999999997
ID04914,Male,21,Economics,72.4,2.6,3.39,9.2,9,3.33,Low,Very Good,1,Medium Risk,27.357499999999998
ID04915,Male,23,Mathematics,100.0,8.1,3.7,7.6,7,4.0,Excellent,Excellent,1,Low Risk,2.6249999999999982
ID04916,Female,23,Computer Science,62.7,3.1,2.81,7.0,3,2.76,Low,Good,1,Medium Risk,34.7975
ID04917,Male,24,Business,95.8,4.3,3.35,7.0,5,3.86,Excellent,Excellent,1,Low Risk,10.377500000000001
ID04918,Male,18,Computer Science,83.5,2.8,3.89,8.5,7,4.0,Good,Excellent,1,Low Risk,17.1875
ID04919,Female,21,Psychology,100.0,4.1,3.27,10.0,7,3.61,Excellent,Excellent,1,Low Risk,9.9875
ID04920,Male,24,Engineering,90.1,5.4,2.9,8.4,9,3.03,Excellent,Very Good,1,Low Risk,14.080000000000002
ID04921,Female,23,Economics,79.6,3.0,3.62,7.6,9,3.82,Good,Excellent,1,Low Risk,20.505000000000003
ID04922,Female,18,Computer Science,81.3,3.5,2.73,7.4,4,3.14,Good,Very Good,1,Low Risk,25.5275
ID04923,Female,24,Mathematics,85.6,6.1,2.45,7.5,9,3.09,Excellent,Very Good,1,Medium Risk,20.0425
ID04924,Female,22,Psychology,67.9,1.0,3.51,5.5,10,3.14,Low,Very Good,1,Medium Risk,34.7325
ID04925,Male,18,Engineering,73.5,6.4,2.9,7.9,6,3.15,Low,Very Good,1,Medium Risk,21.55
ID04926,Male,19,Psychology,58.2,7.1,2.94,5.0,5,2.84,Critical,Good,1,High Risk,28.084999999999997
ID04927,Male,22,Business,71.2,2.0,2.79,7.7,11,2.57,Low,Good,1,Medium Risk,35.5475
ID04928,Male,24,Engineering,86.4,1.2,2.86,6.3,8,2.9,Excellent,Good,1,Medium Risk,31.295
ID04929,Female,21,Mathematics,89.5,1.6,3.8,8.3,10,4.0,Excellent,Excellent,1,Medium Risk,20.075000000000003
ID04930,Female,22,Engineering,55.3,2.2,3.93,7.6,8,3.71,Critical,Excellent,1,High Risk,31.9275
ID04931,Male,22,Mathematics,82.9,1.8,4.0,6.5,10,4.0,Good,Excellent,1,Medium Risk,20.494999999999997
ID04932,Male,24,Business,93.5,5.6,3.65,5.5,7,4.0,Excellent,Excellent,1,Low Risk,5.987500000000001
ID04933,Female,21,Mathematics,82.6,3.7,3.33,9.2,8,3.46,Good,Very Good,1,Low Risk,18.892500000000002
ID04934,Male,21,Psychology,75.5,4.8,2.38,6.9,5,2.66,Good,Good,1,Medium Risk,26.0
ID04935,Male,23,Computer Science,78.8,6.7,3.01,9.6,5,3.0,Good,Very Good,1,Low Risk,18.2025
ID04936,Male,19,Psychology,76.9,6.0,4.0,5.2,7,4.0,Good,Excellent,1,Low Risk,10.394999999999998
ID04937,Female,21,Economics,75.4,9.1,2.88,6.6,9,3.2,Good,Very Good,1,Low Risk,20.869999999999997
ID04938,Female,20,Psychology,87.6,7.5,3.86,4.0,7,4.0,Excellent,Excellent,1,Low Risk,6.805000000000003
ID04939,Female,20,Engineering,100.0,0.4,3.13,8.1,10,3.37,Excellent,Very Good,1,Medium Risk,26.012500000000003
ID04940,Female,19,Business,73.8,3.4,1.76,8.3,6,1.72,Low,Poor,0,High Risk,37.79
ID04941,Male,18,Economics,80.2,5.2,3.42,6.1,6,3.67,Good,Excellent,1,Low Risk,13.985
ID04942,Male,24,Economics,84.2,9.3,3.73,6.0,10,4.0,Good,Excellent,1,Low Risk,9.472499999999998
ID04943,Female,18,Economics,74.7,3.1,3.08,6.4,2,3.19,Low,Very Good,1,Medium Risk,27.035
ID04944,Male,20,Computer Science,100.0,5.4,3.72,6.6,13,4.0,Excellent,Excellent,1,Low Risk,2.449999999999998
ID04945,Female,21,Mathematics,49.4,10.8,2.27,6.2,12,2.25,Critical,Average,1,High Risk,37.9075
ID04946,Female,19,Engineering,77.0,5.8,2.41,8.6,9,2.48,Good,Average,1,Medium Risk,24.2625
ID04947,Female,18,Business,97.3,2.0,3.2,6.3,10,3.37,Excellent,Very Good,1,Low Risk,20.215
ID04948,Female,18,Computer Science,80.6,1.2,3.34,4.2,11,3.46,Good,Very Good,1,Medium Risk,29.705000000000005
ID04949,Female,24,Psychology,72.7,2.3,3.78,6.6,10,3.67,Low,Excellent,1,Medium Risk,25.01
ID04950,Female,22,Business,91.6,3.6,3.42,6.2,8,3.75,Excellent,Excellent,1,Low Risk,14.455000000000002
ID04951,Male,20,Economics,98.6,10.3,2.5,5.0,12,3.2,Excellent,Very Good,1,Low Risk,13.755000000000003
ID04952,Male,21,Business,88.2,7.0,3.21,7.3,5,3.59,Excellent,Excellent,1,Low Risk,12.222499999999998
ID04953,Male,19,Business,73.0,3.1,3.4,4.1,8,3.11,Low,Very Good,1,Medium Risk,25.0
ID04954,Female,18,Psychology,91.8,2.1,2.16,7.6,4,2.28,Excellent,Average,1,Medium Risk,31.39
ID04955,Male,24,Mathematics,79.0,2.1,3.08,7.0,11,3.17,Good,Very Good,1,Low Risk,29.1
ID04956,Female,22,Engineering,96.2,12.0,2.93,6.2,10,3.65,Excellent,Excellent,1,Low Risk,11.072499999999998
ID04957,Male,20,Economics,100.0,1.9,2.77,5.3,5,3.01,Excellent,Very Good,1,Medium Risk,23.1625
ID04958,Female,20,Mathematics,45.9,6.3,3.35,4.8,9,2.93,Critical,Good,1,High Risk,30.0325
ID04959,Male,24,Computer Science,86.7,6.1,2.53,8.3,10,2.74,Excellent,Good,1,Low Risk,18.8475
ID04960,Female,19,Economics,59.0,3.4,3.31,6.6,9,3.06,Critical,Very Good,1,High Risk,30.887499999999996
ID04961,Male,18,Engineering,100.0,1.8,3.38,4.5,9,3.61,Excellent,Excellent,1,Medium Risk,18.225
ID04962,Male,19,Computer Science,78.0,5.2,3.64,7.0,10,3.87,Good,Excellent,1,Low Risk,13.049999999999999
ID04963,Male,24,Psychology,96.2,9.8,2.54,6.6,5,3.24,Excellent,Very Good,1,Low Risk,14.484999999999998
ID04964,Female,24,Mathematics,84.5,1.7,2.35,9.1,8,2.59,Good,Good,1,Medium Risk,34.6125
ID04965,Male,19,Economics,73.0,4.2,3.24,6.4,8,3.17,Low,Very Good,1,Medium Risk,21.999999999999996
ID04966,Male,23,Business,71.2,5.9,2.96,8.5,3,3.07,Low,Very Good,1,Medium Risk,22.06
ID04967,Female,22,Engineering,100.0,9.5,4.0,6.7,8,4.0,Excellent,Excellent,1,Low Risk,0.0
ID04968,Female,20,Economics,99.3,1.0,3.33,5.2,12,3.6,Excellent,Excellent,1,Medium Risk,22.177500000000002
ID04969,Female,23,Business,100.0,5.5,3.13,7.7,10,3.6,Excellent,Excellent,1,Low Risk,7.612500000000001
ID04970,Male,21,Economics,85.8,9.4,3.01,8.8,3,3.55,Excellent,Excellent,1,Low Risk,15.052500000000002
ID04971,Male,20,Computer Science,89.3,6.3,2.49,8.4,8,2.89,Excellent,Good,1,Medium Risk,18.027499999999996
ID04972,Female,20,Business,81.0,2.7,3.38,7.5,6,3.8,Good,Excellent,1,Low Risk,23.175000000000004
ID04973,Male,22,Business,80.7,4.3,3.06,8.5,8,3.13,Good,Very Good,1,Low Risk,19.709999999999997
ID04974,Female,21,Economics,69.4,6.9,3.06,7.3,3,3.4,Low,Very Good,1,Medium Risk,21.994999999999997
ID04975,Male,18,Psychology,86.3,7.2,3.15,7.1,11,3.47,Excellent,Very Good,1,Low Risk,13.602500000000003
ID04976,Male,21,Psychology,73.2,6.3,3.21,4.8,9,3.31,Low,Very Good,1,Medium Risk,18.972499999999997
ID04977,Male,18,Mathematics,91.6,4.5,2.23,7.3,9,2.61,Excellent,Good,1,Medium Risk,21.267500000000002
ID04978,Male,21,Computer Science,87.6,3.8,3.52,9.3,7,3.71,Excellent,Excellent,1,Low Risk,14.580000000000002
ID04979,Male,19,Psychology,89.3,7.5,2.68,4.5,6,2.96,Excellent,Good,1,Low Risk,16.365
ID04980,Male,24,Economics,100.0,5.3,3.03,5.0,13,3.19,Excellent,Very Good,1,Low Risk,8.4875
ID04981,Female,21,Psychology,84.4,4.4,3.74,6.5,11,4.0,Good,Excellent,1,Low Risk,11.694999999999995
ID04982,Male,23,Mathematics,96.4,2.5,3.99,5.0,7,4.0,Excellent,Excellent,1,Low Risk,11.707499999999996
ID04983,Female,23,Engineering,100.0,2.4,2.25,8.0,7,2.59,Excellent,Good,1,Medium Risk,25.7125
ID04984,Female,22,Mathematics,100.0,3.9,3.12,4.4,5,3.56,Excellent,Excellent,1,Low Risk,12.1
ID04985,Female,24,Business,100.0,5.7,3.24,8.0,7,3.75,Excellent,Excellent,1,Low Risk,6.649999999999997
ID04986,Male,24,Business,80.4,5.5,2.35,8.5,7,2.51,Good,Good,1,Medium Risk,23.257499999999997
ID04987,Female,18,Psychology,88.4,5.3,3.5,8.0,9,3.93,Excellent,Excellent,1,Low Risk,9.594999999999999
ID04988,Female,20,Psychology,65.2,4.2,3.16,7.0,6,3.35,Low,Very Good,1,Medium Risk,26.209999999999997
ID04989,Female,22,Mathematics,92.5,7.1,3.2,7.8,9,3.89,Excellent,Excellent,1,Low Risk,10.374999999999998
ID04990,Female,23,Mathematics,89.1,7.9,2.64,5.3,12,3.18,Excellent,Very Good,1,Low Risk,16.805
ID04991,Female,23,Economics,85.4,1.9,3.31,7.4,7,3.48,Excellent,Very Good,1,Medium Risk,25.0075
ID04992,Female,18,Computer Science,100.0,2.8,3.52,6.1,11,3.71,Excellent,Excellent,1,Low Risk,13.000000000000002
ID04993,Male,23,Economics,66.9,11.8,3.16,8.3,7,3.61,Low,Excellent,1,Medium Risk,22.244999999999997
ID04994,Female,23,Business,100.0,3.7,2.84,8.1,7,3.18,Excellent,Very Good,1,Low Risk,15.35
ID04995,Male,18,Economics,98.5,3.8,2.88,5.8,7,3.11,Excellent,Very Good,1,Low Risk,15.275000000000002
ID04996,Female,23,Mathematics,83.9,2.4,3.21,7.5,8,3.31,Good,Very Good,1,Low Risk,24.557499999999997
ID04997,Male,20,Economics,82.8,7.2,3.12,7.6,7,3.7,Good,Excellent,1,Low Risk,15.44
ID04998,Male,19,Engineering,92.2,13.5,3.55,6.3,6,4.0,Excellent,Excellent,1,Low Risk,7.4475
ID04999,Female,22,Computer Science,100.0,2.4,2.86,7.0,6,2.93,Excellent,Good,1,Low Risk,20.375
ID05000,Female,20,Mathematics,86.5,7.4,2.49,7.8,4,3.07,Excellent,Very Good,1,Medium Risk,19.287499999999998
